Post Title,Link,Content,Date
iPhone 13 mini / ZenFone 8相機比較｜六吋以下的珍稀旗艦之爭 ...,https://www.mobile01.com/topicdetail.php?f=383&t=6500258,"['早前針對目前小眾，但仍有一定支持者的輕巧旗艦做了測試（中階入門都要講性價比，更不可能推小螢幕的機型了）。那時選擇的是 6.2 吋的三星 Galaxy S21 以及 5.9 吋的華碩 ZenFone 8；而這次直接將螢幕範圍再縮小至六吋以下，其實能選的也就華碩 ZenFone 8，還有 iPhone 四天王中的小弟 iPhone 13 mini。', '', '', 'iPhone 13 mini 相較 ZenFone 螢幕尺寸來到更小的 5.4 吋，不過硬體效能上也搭載堪稱目前最威猛的 A15 Bionic 仿生晶片，雙機也都配置雙鏡頭等規格。本篇也將會針對外型、規格做個基本的著墨之餘，拍攝的表現上也會是本次的重點。且看在六吋以下的極度輕巧環境中，這兩款堪稱目前手機市場中的「珍稀種」能有什麼樣的表現。', '▌外型與相機', '', 'iPhone 13 mini 基本上可以當作目前最輕巧的旗艦機型了，整體設計延續目前 iPhone 的風格，這次開箱的是 Product（RED）的紅色。不過在 5.4 吋的機型中，塞入了跟 iPhone 13 Pro Max 相同的 A15 Bionic 仿生晶片，雖說這次沒有特別測試效能跟耗電，但我自己掛《天堂 W》的流暢度跟發熱程度基本上都還算可接受範圍。', '', '', '這次開箱的 ZenFone 8 一樣是消光黑款式，同樣也是以相當簡潔的 Logo 做設計，螢幕則是相對 iPhone 13 mini 相對大一點的 5.9 吋；不過內在一樣裝了高通目前最高的 S888 處理器。先前跟三星 S21 做比對時，其實可以看到發熱量加上 S888，似乎是相對高一點；而在用《天堂 W》掛機時，效能與運作上其實不太會影響，但機身明顯比 iPhone 13 mini 來的燙手一些，這點也是先前比對時有發現的狀況。', '', '', '5.4 吋的 iPhone 13 mini 跟 5.9 吋的 ZenFone 8 做個對比，跟當初與 6.2 吋的 S21 相比時有點類似，只不過高的是 ZenFone 8 了。如果你覺得 5.4 吋真的太小，但還是想要有一台可以放進口袋、單手操作的話，基本上 5.9 吋這個尺寸絕對是相對適宜。', '', '', 'iPhone 13 mini 機身尺寸為 131.5 x 64.2 x 7.65mm，官方重量為 140g，這邊實際拿電子秤做測量，得出相近的 139g；ZenFone 8 的尺寸為 148 x 68.5 x 8.9mm，官方重量為 169g，實際測量也是相同的。iPhone 13 miniZenFone 8', 'iPhone 13 mini 配置的是 5.4 吋超 Retina XDR 顯示器，解析度為 2,340 x 1,080(476ppi)、2,000,000:1 對比度、800(標準) / 1,200nits(HDR) 最大亮度等。', '', 'ZenFone 8 則是 5.9 吋 FHD+ 解析度 Diamond Pixel E4 材質 AMOLED 面板，其餘規格有 120Hz 更新率、1,100nits 峰值亮度與康寧大猩猩 Victus 玻璃等規格。實際將雙機的螢幕亮度開至最高，並開啟同樣的網頁，可以發現 iPhone 13 mini 螢幕亮度是明顯較亮的。', '', '', '雙機也都支援 HDR 格式的影片，實際開啟 Youtube 的 HDR 影片也能發現，iPhone 13 mini 的亮度也同樣較亮，不過螢幕色溫較冷一些（我有把原彩顯示關閉）。', '', '', 'iPhone 13 mini 相機是採雙鏡頭配置，皆為 12 MP 的廣角與超廣角鏡頭，廣角鏡頭這邊用了全新的感光元件，單位畫素來到 1.7um，比前代感光度提升 47%，同時也支援前代 Pro Max 才有的位移式光學影像穩定功能，等效焦距為 26mm f/.17 光圈；超廣角部分也一樣用了新的感光元件（細節沒公佈），等效則是頗廣的 13mm 120 度與 f/2.4 光圈等規格。', '', '', '前鏡頭則一樣是 12MP f/2.2 規格，在自拍上比較新的，應該就屬這次 iPhone 13 系列的殺手級功能「電影級」景深錄影了。另外，要注意的是 iPhone 13 mini 不像兩位 Pro 大哥，並無微距功能之餘，廣角與超廣角鏡頭的規格也不盡相同。', '', '', 'iPhone 13 mini 的相機介面大抵上沒什麼很大的更動，不過有些小功能跟 iPhone 12 系列不太一樣，在介面上多了「電影級」景深錄影，功能則也有類似基本描述檔的「拍攝樣式」。', '至於夜景模式則與前代差異不大，是採自動偵測，或是可手動增減的方式，一樣在本次的 iPhone 13 系列中，要自動開啟真的要～～～相當黑才會自動出現。一般城市光景幾乎是需要用手動調，且秒數也僅有基本一秒長度。相機介面拍攝功能夜景模式', '攝影樣式是本次 iPhone 13 系列的新功能，主要是在拍攝前就可針對當時環境做些微調整，不會像濾鏡一樣後期調整可能會破壞膚色啊之類的。共有豐富對比、鮮明、暖色與冷色四種，並能針對色調、色溫再做調整。要注意的是調整後無法在做修正，所以當下一定要確認好是哪種攝影樣式，本次為了對比的關係，當然是選擇最初始的設定了。攝影樣式攝影樣式攝影樣式攝影樣式', '人像模式相信不用多說了，一樣有六種濾鏡，並可在拍攝前與拍攝後調整景深強度（不過不能改對焦點）。人像模式人像模式前期調整後期調整', 'iPhone 13 mini 主與前鏡頭都可錄製最高 4K 60fps 畫質影片（不過有限定格式，一般僅 4K 30fps），同時也有這次最大的主打「電影級」景深錄影，可自由在物體間切換對焦，同時也可後期調整，可說是 iPhone 13 系列最有感的拍攝功能。錄影畫質(60fps僅高效率格式)電影級景深慢動作', 'ZenFone 8 一樣是採雙鏡頭配置，廣角鏡頭為 Sony 64MP IMX686 f/1.8 感光元件，等效焦距 26mm，超廣角則是 12MP IMX363 f/2.2 光圈，等效焦距 14mm，並多了 4cm 微距功能；至於前鏡頭為 12 MP 的 Sony IMX663 感光元件。ZF8主相機ZF8前相機', 'Zenfone 8 相機介面目前也是延續先前機種的風格，操作上也是蠻直覺的。ZenFone 8主相機ZenFone 8前相機', '夜景模式除了可在一般模式藉由 AI 方式開啟之餘，在專屬的模式上也可在自動與手動的方式來決定演算的曝光時間長度。夜景夜景', '人像模式則是跟一般 Android 機種類似，皆有設置美顏機能（iPhone：反正大家都會用第三方 APP？），要注意的是只有在人像模式下，才會有臉部特徵的自訂功能；一般拍攝模式僅有基本強度可選。人像模式景深美顏一般美顏', '錄影相較 iPhone 13 mini，就可來到最大的 8K 畫質，前鏡頭一樣具備 4K 畫質可選之餘，也有抗風切以及收音聚焦等相關功能。主鏡頭畫質前鏡頭畫質（ZenFone 8）收音模式', '其餘錄影功能部分，數位補償的防手震最高畫質為 FHD 60fps，而慢動作可以說是 Android 少見的高畫質，可在 4K 下實現 120fps，可惜的是部分機種會有的 HD 960fps 沒有在 ZenFone 8 上看到。防手震模式(FHD60p)4K120p慢動作', '▌實拍', '', '日拍', '', '第一組先找單純建築風景做呈現，可以發現無論是廣角或超廣角，ZenFone 8 的色調明顯偏黃綠，以當下藍天以及綠色植披、樹叢的顏色來看，iPhone 13 mini 的還原度比較好，看來也討喜些，不過 ZenFone 8 整體亮度來的高一些，尤其是在暗部的地方會有明顯增亮感。', '', '放大檢視畫質，其實在這樣的天氣下雙機細節呈現皆是不俗，廣角鏡頭部分 ZenFone 8 在邊緣可以看到一些模糊的狀況之餘，在暗處的雜訊也比 iPhone 13 mini 來得明顯。超廣角鏡頭明顯是 ZenFone 8 細節來的清晰一些，縮圖是看不出來啦.....i13mini廣角ZF8廣角i13mini超廣角ZF8超廣角', '接下來是算半室內的類騎樓場景，在色調上其實當時太陽的高度已經接近黃昏狀態，iPhone 13 mini 的色調就比較偏真實，可以看到臉上的太陽光感；至於 ZenFone 8 則是有蠻明顯的調整狀況，整體色溫就比較偏冷一些，就看自己喜歡怎麼樣的風格。', '', '畫質部分，廣角鏡頭在亮部鞋子的區塊，其實細節上雙機差異不大；但暗部 iPhone 13 mini 雜訊抑制的效果比較好，如果細看黑色帽 T 的細節，其實 ZenFone 8 有著不自然的雜訊出現（髮絲也是）。超廣角在這組可以看出 iPhone 13 mini 的遼闊程度，整體細節上雖說沒有 ZenFone 8 來的精細，但在雜訊抑制上相對平滑一些，ZenFone 8 的顆粒感真的有點重。i13mini廣角ZF8廣角i13mini超廣角ZF8超廣角', '下來則是接近黃昏時的台北流行音樂中心，可以看到太陽的位置其實已經快到地平線了。色溫的狀況一樣可以發現 ZenFone 8 是偏黃綠的狀況；對於黃昏來說其實我不覺得是好或不好，就看自己喜歡藍天飽和一點；還是比較偏暖調的天空呈現。', '', '放大解釋畫質，這組可以發現 ZenFone 8 的銳化開的蠻強的，建築物無論亮或暗部的細節都可以看出銳利感，最明顯的是右下角的招牌電話，iPhone 13 mini 就看不太出來。不過這組在有點逆光的狀況之下，超廣角的畫質反而差距有拉近。i13mini廣角ZF8廣角i13mini超廣角ZF8超廣角', '在相同的場景改用人像拍攝，可以發現 ZenFone 8 或許是因為人物影響，整體白平衡的調性就有點以人像膚色為考量的冷調為主，iPhone 13 mini 就真的是原始色調呈現。', '', '可以看到 ZenFone 8 廣角鏡頭一樣是銳化較重，不過帽 T 的織物細節就有點鬆散，我自己是喜歡 iPhone 13 mini 的呈現樣貌。超廣角鏡頭雙機的畫質在這組就比較不相伯仲，但 ZenFone 8 帽 T 的抹除感真的不夠自然.....i13mini廣角ZF8廣角i13mini超廣角ZF8超廣角', '室內', '', '看完了室外表現，接下來是光線相對低一些，只能靠窗光的室內部分。可以看到在色調上，iPhone 13 mini 就有點稍稍偏暖調了，ZenFone 8 則是有所調整並以冷調呈現，這點就是 iPhone 一路以來的調性了.....', '', '放大檢視畫質，這組開始整體環境光亮就與室外有所差異，廣角可以看到 ZenFone 8 在頭頂的髮絲，以及右方的窗簾都有出現鬆散的狀況；超廣角倒是有扳回一點畫質的優勢。i13mini廣角ZF8廣角i13mini超廣角ZF8超廣角', '這組主要光源是在我背後的落地窗所灑落的光線，第一組是背景有點小逆光，雙機的 HDR 上都有做些補正，並沒有過曝的狀況。色溫一樣是 iPhone 13 mini 偏向真實場景並稍稍偏暖，ZenFone 8 則是呈現出可透出白皙膚色的冷調。', '', '廣角鏡頭畫質部分，ZenFone 8 這組不知道發生什麼事，光是縮圖就能看出整體畫質的衰弱.....尤其是在黑色的外套細節；不過在超廣角上 iPhone 13 mini 就明顯沒有 ZenFone 8 銳利了。i13mini廣角ZF8廣角i13mini超廣角ZF8超廣角', '接下來逆光的成分就比較多了，這邊除了 ZenFone 8 超廣角的窗簾沒有做修正之餘，其他都有做正確的修正，且也兼顧了人像的亮度。色調這邊相信不用再多說了.....畫質部分，廣角一樣可以看到 iPhone 13 mini 在多肉植物與髮絲的細節佔優勢，超廣角這邊差異不大，但可以看到左方的白牆 ZenFone 8 部分細節已經消失了。i13mini廣角ZF8廣角i13mini超廣角ZF8超廣角', '室內最後一組也是大逆光的情境，一樣可以看到出包的還是 ZenFone 8 的超廣角，人像整個黑掉！這組也能看到 iPhone 13 mini 跟 ZenFone 8 在人像暗部拉高亮度時的畫質衰弱，這組 iPhone 13 mini 臉部的雜訊就相對多了一點。i13mini廣角ZF8廣角i13mini超廣角ZF8超廣角', '人像/自拍', '', '人像模式雙機有些比較不一樣的作法，所以這邊就跟自拍一起拉成一區來看。首先可以看到 ZenFone 8 人像範例的壓縮感比 iPhone 13 mini 來得好，主要是因為開啟後會強制變為 2x 焦段，無法切換，iPhone 13 mini 也是僅能在 1x 做人像拍攝，所以在景深的強度上就會發現差別。', '', '第一組可以看到 iPhone mini 13 的景深囊括整個背景，ZenFone 8 則是左右有明顯的差異，畫質的話可以看到 ZenFone 8 的對比較高，照片右方的髮絲細節幾乎消失，變得像海帶一樣.....除此之外在左方手臂的空隙上，ZenFone 8 也有較為明顯的失誤出現，iPhone 13 mini 其實也有，不過較不明顯。i13mini人像ZF8人像', '再來顏色、畫質基本上跟先前室內的範例差不多，景深效果上雙機抓的成功率也蠻高的，只是 iPhone 13 mini 在窗簾部分有點失誤；至於 ZenFone 8 則是在髮絲邊緣過渡不是說很好。i13mini人像ZF8P人像', '就算是有蠻多景深誤區的場景，雙機其實整體拍出來的感覺還是蠻自然的。這邊要說的是 ZenFone 8 在這組的感受上，比起偏暖的 iPhone 13 mini 來說整體氛圍更討喜。i13mini人像ZF8P人像', '這組的感覺也是，iPhone 13 mini 的對比稍微淡了一些，ZenFone 8 的拍起來亮度、對比都蠻合我胃口的；不過這點還是就見仁見智，真的不滿意還是可以透過後期編修來調整就是。i13mini人像ZF8人像', '雙機的前鏡頭都是 12MP，當然 iPhone 到現在應該沒什麼人會直接自拍不美顏吧.....這也是 iPhone 一直以來不夠直覺的原因，也就是沒有內建美顏功能了。而 ZenFone 8 雖說具備美顏功能，但整體照片調性還是對比偏重的厚重路線，可能對一些女生來說比較不能接受，實際放大看畫質的話，iPhone 13 mini 的細節還是多了一些，髮絲就可以看出端倪。i13miniZF8i13mini人像ZF8人像i13miniZF8', '夜拍', '', '緊接著是夜景部分，ZenFone 8 在純粹夜景的狀況下，色調的校正似乎不是以校正為主，而是以色調的討喜為主，向國家音樂廳整體呈現上就比起 iPhone 13 mini 來的飽和不少。夜景模式部分，由於 iPhone 13 mini 夜景最高僅得 1 秒，ZenFone 8 自動則是 4 秒，亮度自然會有差異，但我自己是覺得後者有點太亮了......以曝光值來說 iPhone 13 mini、尤其是一般模式下會比較貼近現場。', '', '放大檢視畫質，廣角鏡頭的夜景模式下大部分字體雙機皆能辨識，只是 ZenFone 8 明顯看得出來畫質較為鬆散，超廣角則是 iPhone 13 mini 比較模糊一些；但 ZenFone 8 整體細節縮說能辨識，但就是有股鬆散的毛邊與雜訊在，這點恐怕會是影響最大的地方；不過縮圖看不太出來就是。i13mini夜景ZF8夜景i13mini超廣角夜景ZF8超廣角夜景i13mini廣角ZF8廣角i13mini超廣角ZF8超廣角', '第二組的牌坊也是一個可看出機身色調設定的不錯場景，原始的牌坊是白色，並照上暖色系的燈上去，可以看到雙機都是以暖色調呈現，其中 ZenFone 8 來得更為飽和，天空都整個藍掉了，但超廣角反而是反過來，而 iPhone 13 mini 的超廣角夜景也是目前最符合現場色溫的照片了。', '', '這組在夜景模式的加持下，雙機的畫質倒是不相伯仲，真的要挑毛病的話還是 ZenFone 8 在暗部有些莫名鬆散的狀況，亮部的銳利度因銳化程度高，看起來絕對沒問題。i13mini夜景ZF8夜景i13mini超廣角夜景ZF8超廣角夜景i13mini廣角ZF8廣角i13mini超廣角ZF8超廣角', '接下來是有點燈的建築較多的信義區風景，ZenFone 8 無論一般或是夜景模式，廣角鏡頭的測光似乎都有點過高了.....超廣角也有點偏高，但是可接受的程度。畫質的表現也跟先前幾組相同，廣角下是 iPhone 13 mini 較為清晰，超廣角 ZenFone 8 得於銳化程度高，整體畫面細節也相對更多一些。i13mini夜景ZF8夜景i13mini超廣角夜景ZF8超廣角夜景i13mini廣角ZF8廣角i13mini超廣角ZF8超廣角', '▌小結', '', '其實 6 吋以下的手機已經不多見了，從以前幾乎家家都會出，到現在如果不算 6.2 吋的三星 S21，其實也就本篇文章的這兩款，選擇真的不多，也代表會受到這樣產品青睞的消費者，也實屬是稀有動物了。但輕巧旗艦其實還是有它的魅力存在，首先單手操作的手感、放到口袋不會有被撐爆的感受，以及帶著運動不會有像是多了一個鉛塊負重的感受，都是其中的優點，只是影音娛樂上一定多少會被尺寸犧牲，真的要解決恐怕就要靠平板了。', '', '', '至於本次的測試上，其實大多是著墨於相機拍照表現，效能部分相信大家多少有個底，首先是 A15 Bionic 晶片的能力相信在 iPhone 13 系列推出後有目共睹，就端看高通接下來的旗艦要如何出招了。', '', '', '然而這也不是在說 S888 不好，只是發熱的問題真的是有點明顯，再加上 ZenFone 8 的輕巧體積，也代表在散熱的空間上勢必得受到犧牲，玩起高效能的遊戲還是會稍為燙手之餘，沒有無線充電也是有點可惜的地方。', '', '', '至於拍攝的表現部分，iPhone 13 mini 在廣角鏡頭的畫質下，本次測試幾乎在細節、雜訊抑制上都比起 ZenFone 8 廣角來得優異，尤其後者銳化感重了一些之餘，在低光的環境下也蠻容易出現畫質鬆散，甚至有明顯雜訊的狀況；不過超廣角雖說 iPhone 13 mini 視角更廣、但本次測試大部分照片都是 ZenFone 8 佔優。', '', '至於自拍部分，其實大家多半都會使用第三方 APP 做修容，這點也有可能是 iPhone 一直不放美顏的原因，實際拍下來除去 iPhone 一直以來的暖調真實風格，ZenFone 8 畫質上略遜一些，不過對比風格較高，也能拍出不同氛圍的作品。', '', '', '另外 ZenFone 8 還有讓我驚艷的一點是，人像的焦距較長，能有效提升整體照片的壓縮感，這點則是 iPhone 13 mini 無法達成的。至於錄影部分雖說本次沒測試，ZenFone 8 有著高畫質（連慢動作都是）的優點；不過 iPhone 13 系列的電影級錄影相信放在目前手機市場，應該還是有難以取代的地位與方便性在。', '', '輕巧旗艦放在目前其實也就寥寥幾台，選擇不多的情況之下，其實本篇的兩款產品到最後也會變為蘋果或是 Android 生態系的選擇。ZenFone 8 有小尺寸、但螢幕相對大的優勢之餘；而 iPhone 13 mini 則有 A15 Bionic 晶片加持（畢竟 S888 真的近期讓人有點.....）。相機表現上說真的有所差距，但並不是難以補償的狀況，就端看自己喜歡哪種風格而定吧，畢竟都要選輕巧機型這種相對冷僻的路子，相信你也一定有些基本概念了！', '', '', '這邊也附上先前 ZenFone 8 與 S21 比較的文章給大家參考：', '《單手掌握的美好！ASUS Zenfone 8 / 三星Galaxy S21輕巧旗艦比較》', '', 'MD：卉妮、林睫欣']",2021-11-30
iPhone 13 mini意外發熱- Mobile01,https://www.mobile01.com/topicdetail.php?f=383&t=6495242,"['用iPhone 13 mini用了大概兩個禮拜了，', '基本沒碰到什麼嚴重的問題，', '但在今天早上，我邊吃早餐邊配Netflix的時候，', '發現怎麼畫質一直大概維持720p左右，沒有1080p的銳利感，', '正當我準備拿起來檢查的時候，', '發現手機發熱嚴重，甚至比我玩手遊的時候還熱，', '甚至還會伴隨大量的電力消耗。', '在想是不是最近更新iOS 15.1的問題？']",2021-11-21
請益：iPhone 13 mini 或是iPhone 12 - Mobile01,https://www.mobile01.com/topicdetail.php?f=383&t=6453476,"['目前手機是iPhone 8，因為最近開始有問題，所以趁機想升級一下', '可是有點拿不定主意，到底要選iPhone 12還是iPhone 13 mini', '這兩個價錢差不多，感覺就是主要差體積螢幕大小，晶片差一代，跟硬碟大小', '不知道相機有差很多嗎？', '我手機不玩遊戲，但會看看youtube，上網，用最多的就是幫寶寶照相', '因為不是很了解細節，想請問這樣的需要買哪個比較好呢？', '謝謝！']",2021-09-15
第三代iPhone SE 週五即可預購：性能可比iPhone 13 但是最便宜5G ...,https://www.mobile01.com/topicdetail.php?f=383&t=6554006,['在今天凌晨的春季發表會上，一如預期發表了2022年新iPhone SE，並且許多規格、內容，也跟預測出入不大，如4.7吋螢幕、外型與上一代差不多、內在換上與iPhone 13一樣的A15晶片，搭載新的計算攝影功能、支援5G…等，但是新一代iPhone SE的定價比去年更低，可以說是效能升級，但價格更好入手。第三代iPhone SE有64GB、128GB及256GB三種容量，台灣定價分別是：64GB＝1萬3900元128GB＝1萬5500元256GB＝1萬9000元。除了午夜色及(PRODUCT)RED外，也推出星光色。台灣也是3/11（五）開始預購，3/18上市。第三代iPhone SE外型與iPhone 8，以及上一代幾乎一樣，連長寬厚度尺寸都一樣，但還是比iPhone 13 mini大 ：4.7吋IPS螢幕、使用Touch ID，弧形側邊，以及單鏡頭，看照片可能有點難辨認新舊差別（實機分不分得出來得看到再說），不過前後都採用與iPhone 13同級硬度的玻璃，蘋果稱這是目前智慧型手機裡最堅固的玻璃，側邊則是太空等級鋁金屬，有Touch ID...對喜歡的來說也是好功能。另外新iPhone SE一樣支援IP67防水等級，這在平價手機裡仍算少見。第三代Phone SE的改變都在內在。搭載A15仿生晶片是首要重點，有2+4顆核心，以及16核神經網路引擎（每秒15.8兆次運算），處理速度比iPhone 8快了1.8倍，GPU性能則是i8的2.2倍，也可執行更多需要機器學習的功能，如原況文字、聽寫...等。發表會上提到新iPhone SE搭載與iPhone 13一樣的處理器，如果大家還有印象，iPhone 13跟13 Pro系列的A15在GPU上略有不同，i13搭載的是4核GPU A15，新iPhone SE也是如此。但這還是可以為iPhone SE帶來升級的執行力。最明顯應該是相機功能，新iPhone SE仍只搭載一顆1200萬畫素鏡頭，可能因為單相機不似目前主流，所以蘋果在發表會上特別提到，iPhone SE也可利用蘋果新開發的「深度融合」、「智慧HDR 4」、「攝影風格」...等技術，提升拍攝品質，更好更自然的的人像景深，甚至低光錄影品質也有提升。前相機仍是700萬畫素鏡頭，軟體上也支援更好的人像景深，以及智慧型HDR4、深度融合等優化畫質技術。支援5G也是另一個新重點，對於喜歡小型手機的人來說，有iPhone SE 3仍可享用到快速的連線速度，不用屈就較舊的連線規格。iPhone SE 3也支援Wi-Fi 6，也是平價機裡較少見的。電力方面，發表會上提到新iPhone SE 3有最新的電池化學技術，以及優化內部設計，但規格上沒有提到電池容量，但影片、串流影片、音訊播放時間，都有比上一代長，讓人很好奇與上一代一樣大小的機身裡，是放了更大的電池？還是單純因為iOS15優化而延長了電力呢...等拆解？它仍有支援Qi無線充電，以及透過20W充電器，在30分鐘充電至50%。音訊規格上，有看到支援杜比全景聲。發表會上蘋果提到「親民價格」、「第一支iPhone手機」等說法。大多人應該會選擇128GB，以1.5萬的價格，搭配A15性能，以及未來好幾年可更新iOS來說，的確是親民的，不過台灣市場一向比較喜歡大螢幕，小螢幕，甚至比iPhone mini還小的螢幕，算比較小眾。即便如此，我想它還是可以吸引特定族群，畢竟小手機已經很稀少，性能到位一些的更少了...就看你是否介意相機比較少顆、電池相對也較小吧～跟我們說說，你是小手機族群嗎？會考慮iPhone SE 3還是iPhone 13 mini呢？考慮價格的，會很在意要選iOS還是Android嗎？'],2022-03-09
請問一下iPhone 13的內建記憶體- Mobile01,https://www.mobile01.com/topicdetail.php?f=383&t=6453084,['iPhone 12 內建記憶體好像是一般是4G PRO為6G這一次發表會上沒有說明請問有人知道嗎...?'],2021-09-15
iPhone 13四機到齊開箱動手玩內外有這些改變的細節- Mobile01,https://www.mobile01.com/topicdetail.php?f=383&t=6457340,"['iPhone 13本週五就要開賣，大家有預購到想要的取機時間嗎？在你的新機到貨前，我們先帶大家從照片看一下你的iPhone 13新機們。', '', '', '今年iPhone 13一樣是沒有附充電器的環保包裝，更進一步的是也沒有最外層的塑膠膜了，但仍有附USB-C to Lightning 傳輸充電線，以及蘋果貼紙，不過整個包裝裡有90%或以上已經使用纖維材料，且是100%來自負責任管理林地的原木纖維。', '蘋果曾訂出在2025年以前去除包裝上的塑膠物料的目標，想必這也是其中一步。', '沒有塑膠膜後，包裝改用紙封條來固定住紙盒蓋。', '', '', '型態不變 細節有差', 'iPhone 13 Pro組的背面，除了天峰藍明顯不同外，金色也更偏金，從顏色上可以分辨出是新機。', '另外比對厚度、相機高度、相機區大小，也可以分辨出是iPhone 12 Pro還是13 Pro，觸感則差不多，材質也是Pro組=磨砂玻璃機背+拋光不鏽鋼側邊，不過細看按鍵高度、SIM卡槽位置也是不一樣的。', '', '', '', '', '', '', 'iPhone 13這一組除了顏色，外型與上一代相對好分辨，因為相機變成對角線排列了，相機高度、區域大小跟厚度也有增加。（材質也是亮面玻璃機背+鋁金屬側邊）', '', '', '相機排列不同，也跟這一代用了更大的感光元件有關，事實上四款iPhone 13的內部，都有做重新排佈，看怎樣更有效利用空間，於是呈現出來就是：在與上一代差不多的機身尺寸裡，放了更大的感光元件、更大的電池，然後把瀏海縮小，且在iPhone 13 mini上，擠出空間的難度更高。', '', '正面應該就很容易分辨，不管是iPhone 13系列或13 Pro系列，瀏海寬度都變窄了（小了20%，數字上好像不算很大），然後聽筒/ 揚聲器也上移到很靠近邊緣的地方，四支iPhone 13也一樣都有立體聲喇叭（底部及螢幕上方）。不過瀏海兩邊顯示的東西還是一樣多，還是不能免下拉看電量百分比。', '', '', '螢幕仍以硬度很高的超瓷晶盾面板來保護，iPhone 12有摔過的可以來報告一下防護力，而根據我用iPhone 12 Pro的經驗，難免不小心還是會有刮痕，（我懷疑是被另一台iPhone的相機刮到的..），但程度的確比用iPhone 11時好很多。', '另外因為相機區域大小跟厚度不同，上一代的保護殼並不能沿用。', '', '另外四款iPhone 13的螢幕最大亮度，都更高了（iPhone 13系列系列800nits，13 Pro系列1000nits），更有利於戶外陽光下瀏覽。', '', '實體SIM卡仍是單nanoSIM卡槽，這回四款iPhone 13都支援雙eSIM，但並沒有因此可以三門號待機，仍是同時雙門號（組合我再確認一下）', '', '', '接口仍是Lightning，沒有改成USB-C，雖然我個人是覺得統一成USB-C比較好，但這東西改不改一定都會有人覺得不方便，你的想法呢？', '', '', '', '覺得重的話可以想一想電量', '第一眼的外觀差異可能不算明顯，但拿起的重量差異感受就蠻直接了，尤其是iPhone 13 Pro Max，量一下結果還比規格上標的重一點..[抖]，所以我個人覺得，選這一代保護殼時，可能挑輕一點，保護四角但不要再增加手機寬度的，手感會更好吧，當然如果你不介意重量可忽略不計。', '', '', '但iPhone 13們變重的原因，來自搭載了更大的電池，根據昨天外媒發布的首發動手玩，初步對續航力都有正面的評價，提到是讓人印象深刻，或是被低估的一個升級。', '算是有實質好處吧。', '', '提高電量對日常使用來說，一定是個有感的好處，對想用iPhone 13們來錄影、拍HDR、工作影片，以及日後想玩120fps遊戲的人來說，應該也會放心一點，但對這些耗電用途來說增加的電量夠不夠？這就有待更多試用來體會了。', '做為參考，官方沒有公佈內建電池容量，不過比對NCC型式認證及先前流出的電池型號，各款內建電量應該是：', 'iPhone 13 Pro Max：4352mAh', 'iPhone 13、13 Pro：3095mAh', 'iPhone 13 mini 2406mAh', '', '沒再縮短快充時間，個人覺得可惜。', '', '', '相機就。變。大', '這回兩款iPhone 13也都支援感光元件位移穩定，而兩款13 Pro更把感光元件都加大，新的相機模組，也讓iPhone 13的相機區明顯變大，Pro款更明顯...佔了寬度一半吧。', '', '', '顯示在相機模式裡的新功能有「電影級模式」、「攝影風格」，至於Pro系列搭載的ProRes錄影，目前還沒提供。另一個微距攝影，則會在離物件約10公分時，自動切換到用超廣角拍，所以沒有獨立一個模式。目前自動切換微距這個，無法手動關閉，不過蘋果在秋天時會推出更新，加入手動開關微距的功能。', '', '', '「電影級模式」是iPhone 13的重點功能之一，這個可以講的很多，在實際拍攝後我們再來跟大家囉唆。', '但蘋果設計這個模式時，用意是想把這種電影上常用的拍法，用自動的方式，帶給一般人，讓所有人都可以感受到好像在拍電影的樂趣，這也是不將功能只限在Pro系列的原因吧。', '另外今年iPhone 13 Pro與13 Pro Max相機功能都一樣，這對想高階相機，但不想要大塊頭手機的人來說，真是改得好啊。', '', '兩款13 Pro的最大容量有1TB，應該有同學在懷疑要這麼大幹嘛？iCloud都買2TB了手機還需要1TB嗎？', '對要用iPhone 13 Pro拍工作影片，或ProRes、HDR影片的人來說，可能需要。尤其是ProRes，這是一種低壓縮高保真的文件格式，所以檔案會更大，這也是256GB以上的機種，才能拍ProRes的原因之一，這是一個更Pro的容量…', '至於一般就算是重度用戶（拍得較多、會安裝大型或Arcade遊戲、下載Podcast、愛拍ProRAW...等），若搭配加購的iCloud容量，512GB一年應該也用不完。', '', '', '就算不玩遊戲也是需要ProMotion的', '這回兩款iPhone 13 Pro支援自動適應，最高120Hz的螢幕更新率（ProMotion），這點可能在你第一次滑設定選單、網頁、內建程式時，就可以體會到了。', '', '', '不能關好嗎？我又不需要...', '即便你覺得不需要，但設定裡並沒有可以開關，始終啟動ProMotion。', '擔心耗電的話，「自動適應」算是一個解方，系統會根據使用中畫面的動靜態、手指有沒有在滑動，自動提高/ 降低螢幕更新率，最低可至10Hz，比方手指滑著滾動頁面時，會自動提高到120Hz。', '', '(更新說明)', '第三方App需要更新才會支援ProMotion自動適應，', '程式是否支援分兩種：', '滑動、滾動選單，或是表單動畫這種，只要是以UIKit或SwiftUI寫的程式，都可享用到動態的滑順感，這不用更新，幾乎很多App都可以感受到。', '不過開發者可以使用iOS15的SDK，優化自家程式（比方遊戲、繪圖、動畫工具），進一步支援ProMotion。', '發表會上展示的《Catalyst Black》，在12月會推出對應ProMotion的遊戲。', '', '又比方《原神》、《伊迪·芬奇的回憶豪宅》或是Apple Arcade裡的遊戲，都是到時候可以體驗看看的。', '', '可能有同學覺得我又不玩遊戲，120Hz對我沒用，但個人覺得ProMotion這功能的重點，其實在「自動適應」，這功能不管你有沒有玩遊戲，都受用得到，靜態節省電力，動態或滑頁面時享用滑順感，這滑順感也是大家說回不去的那種體驗。', '往高的說，在支援的遊戲、繪圖等程式上，可以提供高流暢畫面跟觸控跟手性，往低的說，在瀏覽靜態畫面時，則可以比以往總是以60Hz更新率在跑要省電。（於是又覺得那標準版用戶也需要省電啊，為何不全面都給這功能...）', '所以在13 Pro上，由A15晶片+更大電池＋自動適應更新率，一起延長日常功能續航力。', '', '', '在發表後，照例親友同事們陸續發表看法，或者問值不值得升級。', '這回的喜好倒是比較分明，除了舊機已經撐不下去得換的之外，攝影師、在意夜間拍攝，或有在拍影片的，大多表示非常有興趣，也很好奇低光錄影的表現。', '而非果粉且一般用量的，目前為止仍顯得觀望，覺得想再多看看實際表現跟別人的評價。', '至於親友圈內在玩手遊的孩子...因為忙著打電動有點敷衍我...，不過似乎意向還不明，覺得好像不錯，但還沒看到很明確的吸引力。', '', '你是哪一種呢？', '從i11以前換上來的一定會有很明顯升級感（這廢話），但我想，iPhone 13跟13 Pro，後者會更更有換新機的感覺，功能上也...較能頂個兩三年吧，即便是iPhone 12 Pro的用戶，換到iPhone 13 Pro後，應該還是可以感受到新的更好，不過因為較為細節，所以是需要用過體會的那種。', '但，若你不需要廣角到長焦的低光拍照、進階錄影、微距拍攝、更遠變焦、更亮螢幕、流暢滑動及觸控跟手性，也覺得靠行動電源來加續航力就好，用量沒那麼全面的，或許也可以緩緩。', '我還是贊成看過表現最準。', '後續的測試我們再慢慢分享囉～', '', '', '相關整理：', '外觀沒變就是沒升級？ iPhone 13內在仍有「大」翻新 Pro系列更是', '', '', '#好像沒時間慢慢Pixel6也要發表了']",2021-09-22
iphone13 mini 好還是se3 做個調查- Mobile01,https://www.mobile01.com/topicdetail.php?f=383&t=6542629,['做個調查預算有限其中不知如何取捨不曉得要買13mini還是se3好預算大概抓在15000左右1.要買13mini願意等到14發表後2.今年發表會完se3有指紋 口罩臉部解鎖 或是去除瀏海有type c 其一你們會怎麼選呢？小手機萬歲👍👍👍'],2022-02-19
iPhone 13 雙卡雙待問題- Mobile01,https://www.mobile01.com/topicdetail.php?f=383&t=6465001,"['以前用11的時候，因為INTEL數據晶片讓11通訊功能很差....', '', '所以12出了之後立刻換....結果一樣綁了雙卡後通話功能還是會掉線', '尤其是LINE FB等等三方程式在網路通話的時候...常常斷斷續續。', '這個問題我就懷疑可能是X50晶片確實有BUG', '', '好了...想說13應該換了X60，應該沒問題了吧!!!', '結果令人失望，只要雙卡綁下去....', '各種通話不清楚的狀況又來了!!!!', '', '蘋果什麼時候可以搞定雙卡跟網路的問題......', '', '補充:12及13 單卡的話倒是還蠻順暢，包含通話及網路。']",2021-10-02
iphone 13 mini 通話完持續黑屏~~詢問- Mobile01,https://www.mobile01.com/topicdetail.php?f=383&t=6474306,"['上個月iphone 13 mini 一出就入手了', '使用到現在有一個小問題，不知道是否有人也一樣', '因為今年貨量不多，又沒太大吸引力，身邊換新機的不多，無所詢問', '', '就是不管在line通話，一般電話通話', '我們手機會拿靠近耳朵，此時手機就會黑屏', '以往通話完移開耳朵後，螢幕就正常出現了', '', '這次換完新機後，通話完，持續黑屏', '就必須手動按右邊電源鍵才會出現畫面', '否則持續黑屏', '', '想請問有人也跟我一樣嗎', '我目前ios版本還是15.0']",2021-10-17
iPhone XR換iPhone 13心得分享- Mobile01,https://www.mobile01.com/topicdetail.php?f=383&t=6469666,"['小弟剛從XR換成13', '', '原本想說可以再撐一陣子', '但前陣子意外泡水', '不然XR的速度與相機還是不錯的', '⋯電力的話就 嗯，出門一定要行動電源', '反正用了三年也差不多該退役了', '-', '相信開箱不用多介紹了', '一支手機、一條線、說明書 沒了。', '所以就直接進入正題', '以下幾點為有感升級的部分：', '', '1.收訊好了點', '', 'XR有個缺點就是收訊是真的差', '換13之後有感升級！', '', '2.機身變輕 邊框更窄', '', '雖然只輕了20幾公克 不過真的讚', '第一次拿到13時 覺得怎麼變小了', '同樣6.1寸 怎麼小那麼多', '方正機身的部分就真的很美', '但手感方面比較差（很主觀）', '方正機身小手機手感握起來更好', '', '3.OLED螢幕', '', '顯色飽和度好 更討喜 亮度高', '大太陽下再也不怕看不到螢幕上的字', '', '4.相機有感提升', '', '以2018的手機，XR目前依舊堪用', '拍照錄影還是比很多萬元安卓好', '（除了沒有夜拍模式之外）', '不過換成13之後真的很滿意', '沒有到非常驚艷', '只是覺得這相機挑不到什麼缺點', '', '5.電力真的很棒啊！', '', '用iPhone那麼多年，最大的缺點', '就是電力真的輸安卓旗艦機很多', '不過這一代明顯比前幾代省電', 'XR螢幕開啟約3.5～4.5小時就沒電', '13的話，大約7～8小時以上', '', '今天出門開熱點、拍照 重度使用', '螢幕開啟5個半小時，目前還有27%', '', '6.MagSafe真的很好用', '', '很多人，包括我，一開始都覺得', '這什麼垃圾東西！都2021了還充那麼慢', '', '不過MagSafe 好用的不是無線充電', '在家有線充電快太多了 也比較不傷電池', '', '它厲害的點在於可以吸配件在背後', '目前買了磁吸式行動電源、卡夾', '會另外發文分享使用感想', '只能說magsafe真的被低估了，甚至', '很多身邊朋友用12快一年都不知道MagSafe是什麼東西', '', '-', '', '不過還是有幾個缺點的', '', '1.瀏海縮小', '', '也不算缺點 只是真的完全無感', '而且雖然寬度變小，但變高了', '看18:9的影片上面會突一塊⋯', '', '2.主相機焦距', '', '這點是看蘋果爹影片有提到的', '很少人再討論這點 但挺靠北的', '因為13的相機是去年12 pro max下放', '所以一樣有近距離對不到焦的問題', '是沒有到很誇張 但明顯比XR差', '', '-', '目前沒有遇到其他明顯的缺點', '', '綜合表現上還是挺值得入手', '雖然沒有pro的120Hz、更好的相機', '但128GB 25900元還是不錯的', '256以上建議直上Pro了', '反正都很貴 不如用最好的', '', '至於12的用戶可以考慮不升級', '有感的大概只有電力更好而已']",2021-10-09
請教iPhone 6 資料移轉到iPhone12或13成功經驗- Mobile01,https://www.mobile01.com/topicdetail.php?f=383&t=6478088,"['各位版友好,', '', '小弟的iPhone 6因摔到螢幕有一條裂痕, 維修划不來所以想換新機, ios版本是12.5.5, 這2天爬文蒐集資料, 瘋先生介紹了2種方式', '1. 機對機無線移轉(舊機ios要12.5.1以上然後新舊手機要在同一個無線分享器下)', '2. 透過電腦的iTune備份移轉', '', '我看到網路上的成功經驗都是iPhone 6透過iTune可以移轉到iPhone12, 沒看到有人是機對機無線移轉成功的；也沒看到有人成功移轉到iPhone 13的, 傍晚去家附近的傑昇門市, 店員告訴我說iPhone 6無法移轉資料到iPhone 13, 因ios版本差太多.', '', '想請教有移轉經驗的版友們, 以我的情況是否只能買iPhone 12, 不能買iPhone 13?']",2021-10-23
IPHONE 13 pro 到貨嘍- Mobile01,https://www.mobile01.com/topicdetail.php?f=383&t=6458555,"['一大早黑貓就送貨來了…', '', '有人收到了嗎？']",2021-09-24
iPhone 13 mini 手機殼分享- Mobile01,https://www.mobile01.com/topicdetail.php?f=177&t=6480867,['這款手感還不錯 霧面防指紋有加高保護鏡頭 開孔也都很精準👍'],2021-10-28
iPhone 13 Air Jacket 透明保護殼- Mobile01,https://www.mobile01.com/topicdetail.php?f=383&t=6476053,"['請問各位iPhone 13 有人裝 Air Jacket 透明保護殼嗎？今天收到裝上去發現右上角（鏡頭端）有點鬆鬆的，手去扳動明顯稍微可移動，你們的會嗎？謝謝', '', 'https://powersupport.tw/collections/air-jacket/products/iphone-2021-iphone-13-airjacket-iphone-13-pro-air-jacket-iphone-13-pro-max-air-jacket']",2021-10-20
iphone 13 全系列拆解影片- Mobile01,https://www.mobile01.com/topicdetail.php?f=383&t=6459160,"['iphone 13 拆解影片已出', '', '整個做工更紮實了', '開機還鎖電池晶片才能順利開機', '', '另外 證實使用高通x60m通訊芯片', 'A15的cpu是長方形的 而且很大一片 😅', '', '', '', '13', '', '', '13 pro', '', '', '13 pro max']",2021-09-24
請益：該買12 mini還是13 mini - Mobile01,https://www.mobile01.com/topicdetail.php?f=383&t=6452962,"['大家好，我目前只對13的電影模式有興趣，請問大家知道有哪個APP可以做到；錄影中改變對焦嗎？如果有這個APP(免費/付費)；就打算買12mini就好。', '先謝謝大家。']",2021-09-15
台星電銷iPhone 12 Pro VS iPhone 13 mini - Mobile01,https://www.mobile01.com/topicdetail.php?f=18&t=6508594,['今天聯絡了一下台星電銷專員說這個月有新的iPhone案iPhone 12是搭 1199 5G費率 手機0元(Pro 128GB)iPhone 13是搭999 5G費率 手機11800元(Mini 256GB)換算下來差不多都是500多元一個月感情大家會怎麼選呢？12Pro好 還是 13Mini好呢？'],2021-12-14
[心得] iPhone 13 pro max ProRAW 之實作（對比全片幅SONY A7S III ...,https://www.mobile01.com/topicdetail.php?f=257&t=6493481,"['SONY A7S III 拍照RAW檔 對比 iPhone 13 pro max 拍照心得 - 前言', '', '', '', '這篇從頭到尾探討的就是生活實拍時..手機的表現已經可以到什麼程度。對單眼有專業需求者..看到這句話直接離開不用看這篇.這篇對專業需求沒有任何幫助，在此節省你的時間.也節省我的時間愛追焦.愛高感凍結、愛打一堆閃燈補光.愛用長焦打鳥.愛用微距鏡拍昆蟲.要拍商業攝影目錄.無聊還要拍拍馬豆等等專業用戶者...這篇..不是寫給你們看的..可以省下看文章的時間.手機原本就是很簡單的生活用途而已，這篇主要是看生活用途，手機可以追到什麼程度。我比較文寫很多，都是有特定的控因下做的測試。這個比較雖然不是我比的，但控因也很明確。希望討論時別用歸類跟指責的方式嘲弄手機用戶。這不是我寫此篇的目的。規格說明: iPhone13 pro max 主鏡頭感光元件大小為 1/1.65"" 而已因為手機的主鏡頭光圈為固定F1.5如果單眼的光圈設定為同數值.對單眼而言無法有最佳成像.所以比較中單眼並未設定同樣光圈比較以手機主鏡頭而言二台都是差不多1200萬像素一個全片福.一個 1/1.65"" 感光元件下面是iPhone三顆鏡頭對照表都是1200萬像素主鏡頭：26mm F1.5 1/1.68” IBIS感光元件位移式防手震 IMX703望遠鏡頭：77mm F2.8 1/3.4” OIS光學防手震 IMX713超廣角鏡頭：13mm F1.8 1/3.6” Macro IMX772望遠鏡頭跟超廣角鏡頭素質很差..其中望遠鏡頭是最差的(光圈小)所以光線微弱的時候...77mm甚至是主鏡頭做數位變焦3倍來的...畫質更慘iPhone拍照時要特別注意這一點...如果注重畫質的.以主鏡的26mm拍攝為主但一近拍會自動轉換成畫質比較差的超廣角鏡頭．這點也需要注意(未來軟體會提供小花模式供判斷.但目前還沒上新軟體)舉例YT他也犯了這個錯誤..他在夜拍人像時用了手機望遠鏡頭.但其實這時候只是主鏡頭做數位變焦三倍放大..所以導致該張畫質奇爛無比..各位有用手機拍攝時也需注意這個重點======================================以片幅差距.是非常巨大的差異比較。但切記.這算一個有趣的測試而已...雖然內容很認真.但如果討論認真的吵架就不好了..要吵架前，先想一句這句話""這是有趣的測試而已""重點是別吵起來爭輸贏就是了照片來源為YT提供之RAW檔..可自由下載======================================(此圖為iPhone 12 pro max. 之前拍得當封面照一下)可能很多人不曉得ProRAW首先在看之前先了解一下ProRAW....(可以只看前言就好)[評測] iPhone 12 pro max 值得擁有的隨身好相機 (下) - ProRAW 篇不想看文章的我簡單說明一下ProRAW就是將手機的計算攝影的演算結果結合進RAW檔..同時有二邊的優勢...高寬容度跟增加畫質..還有RAW檔調整的自由度..其中也包含了人像的語意分割..而ProRAW為目前手機系統上最優秀結合計算攝影的RAW檔格式.可以參考下面測試RAW檔格式大比拼 (iPhone 13 pro max / 三星 S21ultra / 華為 P50 pro / Vivo X70 pro+)ProRAW相較其他手機，穩定性高，易用.而且演算數度快跟可以做即時成像這裡採用的實拍比較是以下影片作者提供.....這是SONY A7S III 影片的比較分享先附上影片雖然原分享者分享時說這是有趣的實驗但以實驗之認真的態度，看不出來是在做有趣的實驗...而是想證實手機目前ProRAW到了什麼程度只是為了怕被批判，預先做出聲明而已影片直接拿來跟全片幅索尼 A7s III做RAW比較。P.S.此篇文章都用影片截圖比較說明..部分比較心得有下載RAW來自己分析另外該影片分享者有提供原始RAW下載..可以自行下載RAW比對 (自己比對應該沒什麼問題了.有興趣可以自己載RAW檔比較)""""""""可以自己下載ＲＡＷ檔比較.不想看就自己下載來比""""""""RAW檔下載點另外一點.既然是RAW檔.索尼他有做無損的後製過.照片會有標明RAW Edited都是拉亮跟拉暗的簡單修正...不然二者明暗相差過大首先要說明的是.這個影片完全是評測式的比較方法..而我自己也先要說明，單眼有單眼的優勢，可以換鏡頭，跟極致的手調系統都是手機比不上的.另外自然的淺景深也是手機模擬景深比不上的...此篇測試的模擬人像模式會跟相機拍攝去做對比.這不是RAW檔..而是看看模擬淺景深的效果如何...當然模擬人像淺景深的畫質自然是不好的，這邊是看看模擬程度而非看畫質..另外非人像模式比的就是畫質..採用ProRAW對單眼RAW的比較影片作者都採用架腳架方式做比較...但因為片幅的差距已經到達令人髮指的地步.這不是一個公平的比較..不僅光學鏡頭上吃虧.連片幅也吃了大虧...所以必須要有一個對單眼不那麼公平的設定...就是單眼的鏡頭光圈會縮.但不可能縮到該顆鏡頭最佳MTF光圈.畢竟手機不可能調光圈.都是最大光圈在比較...但手機是塑膠鏡片.跟單眼大顆的光學鏡頭來比，也已經吃虧到天邊海角去了....另外一個是手機的夜景長曝並非曝光那麼長.而是多張曝光後演算後結果.這點仍需注意手機上的EXIF僅供參考.因為他是不同曝光值驗算後的結果．但平常我們幾乎都是生活隨拍.不管是國外旅遊還是國內旅遊~為了避免影響行程.通常相機拿了拍了就走我不會帶腳架長曝光.也不會帶厚重閃燈.更甚者我只帶方便的變焦鏡.出國出遊我不打算換鏡頭這個影片作者的跨等級比較~他弄了腳架長曝光.他甚至換了很多鏡頭.其中還有蔡司定焦而且RAW檔他還順手修了圖後再來比生活隨拍的比較應該是隨手拿起相機就拍.鏡頭就是變焦夜景照樣靠著單眼的高感光直接手持拍攝所以這影片的比較會比較專業性.而非隨便的生活隨拍...基本上可以說是欺負手機來著加上400%的裁切比較.根本不給手機活路...', '', '', 'SONY A7S III 拍照RAW檔 對比 iPhone 13 pro max 拍照心得 - iPhone計算攝影簡介', '', '', '', '其實我從iPhone 11 pro max開始就已經從一吋機開始比較，後來X-T30也拿來跟iPhone HDR比較。後來DeepFusion總算提供，但因為NPU計算能力不足，夜景/DeepFusion/HDR 只能擇一演算，當時iPhone 11 pro max的邏輯就是按照照度去做處理。但蘋果不會告訴使用者目前在用什麼演算法。有興趣可以看我11 pro max的文章iPhone 11 Pro Max 相機對比 三星S10E / SONY RX100M7開箱評測很蘋果。在亮度充足時HDR，照度在一定範圍時DeepFusion，最後照度不足時自動跳夜景。這三種模式不能同時使用最令我驚豔的是DeepFusion，這也是很久才推出的功能。這時候我就拿來跟一吋機比較了。從iPhone 12 pro max開始，NPU變強，所以三大演算可以同時進行，所以此時我是已經不拿一吋機比較而是以M43跟APS-C比較。並且增加讓攝影者更手癢的ProRAW，原始RAW檔對於手機而言，早就等於廢物等級，因為原始RAW檔根本畫質極差。可是想要計算攝影的成果又是想要RAW檔近無損調整怎麼做呢？蘋果的方案是ProRAW，裡面已經幫忙語意分割好，不用特別框出人像，基本上動到色溫等調整也是最低畫質影響。12 pro max算是進步最猛的一代。有興趣可以看我12 pro max的三大篇說明文章[評測] iPhone 12 pro max 值得擁有的隨身好相機 (上) - 比較&說明篇(1)[評測] iPhone 12 pro max 值得擁有的隨身好相機 (中) - 比較&說明篇(2)[評測] iPhone 12 pro max 值得擁有的隨身好相機 (下) - ProRAW 篇到了13 pro max後，對我而言蘋果只是小改版影像演算，並且修正12 pro max的部分不足。如微距等縱使畫質不是手機最優，這很多人都會比較。這裡不多談。但使用體驗一樣是最舒服的，一個模式一個快門，按下去搞定。喜歡自己調控的，可以固定EV，可以攝影風格（直接介入計算攝影管線）基本上拍好我是不進行任何後製了該放出來讓攝影者手癢可以調整的，就讓攝影者調整13 pro max讓我印象最深刻就是自動微距跟電影模式電影模式很多人在提了，就不多談。自動微距好用但也有缺點。這在我簡易優缺點有提到了。可以直接看我討論區的心得文章iPhone 13 pro Max & 12 pro Max 拍照詳細對比及優缺點分析心得也有13 pro max相簿 (直出.套用攝影風格)[簡評] iPhone 13 pro max 直出實拍照片心得之前自己實測評測很累人，今年這種跨界比較就拿別人分享的RAW檔比較了這是我難得找到詳盡而且仔細的YT評測。他也跟我一樣，DSLR拿來比了。另外，這次比較的是我很有興趣的ProRAW對上全片幅RAW檔比較。裡面三顆鏡頭都有比較，但我對主鏡頭比較有興趣，', '', '', 'SONY A7S III 拍照RAW檔 對比 iPhone 13 pro max 拍照心得 - 手機夜景模式有無開啟之比較', '', '', '', '首先來看夜景模式有無的差異，他文章有放索尼各級ISO的表現當然在看之前要說明的是，計算攝影下是十幾張疊圖，EXIF呈現的數據僅是單張數據，並非其他搭配組合沒有用上。例如ISO / 快門速度 等都是這樣多張疊圖會用上不同組合下去演算，EXIF僅能表示其中一張演算中照片的曝光組合。並非表示這個照片就是用這組數據拍出，這點要先做說明。這是沒夜景模式下，跟索尼12800的ISO值對比。400%裁切接著是夜景模式開啟400%裁切可以看出亮部更清晰，暗部已經沒有提亮。整體畫質表現也更好。夜景模式下的修正還是有幫助的，此時iPhone EXIF的對比ISO是6400 vs 1600', '', '', 'SONY A7S III 拍照RAW檔 對比 iPhone 13 pro max 拍照心得 - 白天風景照', '', '', '', '接著是白天風景照400%裁切看得出索尼的畫質是比較好一點的，但iPhone在DeepFusion的演算下，該有的細節並沒有在如此放大的細節下少掉，甚至可以說平分秋色。(DeepFusion簡介跟評測在我iPhone11 pro max評測文中.簡單而言是增加細節的一個演算法.但有過度銳化的問題)上面是影片截圖..接下來是我下載RAW檔200%裁切比較可以看出iPhone很努力的演算畫質的痕跡這邊也是雖然iPhone可以看出很深的演算痕跡~但索尼邊角畫質對於這顆鏡頭而言不算太好...(這該算iPhone鏡頭優秀嗎? 不過跟單眼完全是不同等級)這些細節應該都是用DeepFusion的方法去加強出來的..所以在細節的連續上.單眼會比較自然~但如果單論細節呈現.iPhone已經不輸了...更遑論邊角畫質', '', '', 'SONY A7S III 拍照RAW檔 對比 iPhone 13 pro max 拍照心得 - 人像模式', '', '', '', '人像時就非ProRAW檔了，在人像模式都是以模擬方式..以黑麵大測試看來是模擬中片幅為主….人像模式的模擬比對單眼主要是看還差距多少…在手機模擬淺景深這部分..蘋果是做得最細節的….不管是景深的呈現或者點光源的虛化…都很講求模擬到跟真實光學接近….但可惜的是在人像模式裡面..畫質就普通..在描邊部分縱使有光達介入但本身光達的描繪點不夠多..而且光達有效距離也短所以人像模式並無法像真實光學一樣可以將髮絲等細節都描繪得很清楚.多半都還是有其瑕疵…但如果是比較簡單的場景.人像模式只要描繪時沒有缺失.模擬的情形會很接近真實光學景深以每年人像模式的進步.相信再過幾年人像模式會趨近於更少錯誤…這裡人像模式主要是看如果不是中片幅僅僅只是全片幅時.究竟人像模式可以模擬到幾分像呢這裡額外需要提醒的是…手機人像模式有內建模擬打光…這裡對比的都是自然光也就是沒有打光狀態….但數位模擬可以模擬攝影棚燈光我蠻建議手上有新iPhone手機的人,人像模式常駐在攝影棚燈光即可模擬光圈也不用太大，畢竟這是模擬中片幅，模擬光圈可以再縮小一點點接著人像照（非人像模式）可以看出在自然的光學景深下，索尼是更有層次感的，而且藍天表現上索尼更好。但這是太陽斜射光，可以看出iPhone有斜射光打在草地上的感覺，十分溫暖。400%裁切iPhone的臉部提亮不少，髮絲光也更有太陽灑落感。髮絲等細節還是索尼多了不少，但差距也不算太大。五官而言，可以看出iPhone演算過的痕跡。接著人像模式照片（3X望遠鏡）3倍望遠鏡是比主鏡頭差的，在髮絲部分有部分被演算掉，但背景虛化的處理是跟索尼蠻像的。手跟膝蓋的部分有一小塊沒處理好虛化，其他並沒有太大問題。更誇張的是彎曲的手臂那邊，比較靠後的上臂是有做一點小虛化的。這種模擬已經到位到極致了所以整張看起來的感覺，虛化不算假，甚至可以說是很接近了。髮絲光、背景的光點，以及人物本身也有立體的虛化加上膚色的色調過渡比起旁邊索尼更好。是張可以不用多做處理就可以分享的好照片了。非常非常接近單眼的淺景深，而膚色的色調過渡更自然。下面這張跟索尼85mm人像焦段做人像比較不愧是全片幅85mm F1.8，背景真奶iPhone的是用長焦鏡頭做人像模式拍攝可以看出髮絲部分一樣是個比較可以看出破綻的地方這是模擬F3.5而iPhone膚色色調過渡的呈現上一樣柔和。很適合人像呈現。接著是主鏡頭做人像模式拍攝，跟索尼35mm F1.8比較。感覺是比三倍鏡表現更好，髮絲有多了一點，而身體的漸進景深也有出現。（如側著左胸跟右胸的景深程度不一樣）有漸進感。這是模擬F1.8，但對比真實F1.8背景更虛化上不少。來看三倍鏡跟一倍鏡人像模式的裁切比較基本上，應該不用特意用三倍鏡去拍人像模式。髮絲光的裁切部分，一倍鏡呈現較好但蘋果倒是有針對不同焦段做不同虛化表現。（這組應該模擬光圈一樣）可以看出三倍鏡是依照光學特性模擬更奶的虛化。', '', '', 'SONY A7S III 拍照RAW檔 對比 iPhone 13 pro max 拍照心得 - 夜景測試 - 超廣角', '', '', '', '接著來看夜景呈現～先來看超廣角索尼也是用超廣角鏡長曝20秒400%裁切可以看出超廣鏡的畫質也已經極限了。接下來看我自己下載RAW來裁切的狀況200%裁切嗯..iPhone不太行 (iPhone 13 pro max的確超廣角不太行.本身硬體素質就差)多裁二處也差不多結果....超廣角夜景大概就是堪用.但夜景還是少用為妙', '', '', 'SONY A7S III 拍照RAW檔 對比 iPhone 13 pro max 拍照心得 - 夜景測試 - 主鏡頭', '', '', '', '接著看主鏡頭夜景表現索尼為15秒夜景長曝 ISO100 F6.3400%裁切可以看出主鏡頭表現已經沒太大差異了。上面是影片原po截圖...我自己有下載RAW檔做200%裁切比較....這裡可以看出索尼更加純淨一點這裡白色磚牆可以看出索尼的畫質更好一點~因為比較超廣跟長焦沒太大意義..所以自己只下載主鏡的RAW比較隨著看長焦夜景表現，索尼是用蔡司鏡頭85mm ISO100 F7.1長曝25秒的對比400%裁切對比。索尼的細節比較多，但差距不會太遠我也下載RAW檔來做200%裁切...咦...感覺起來好像iPhone也不錯所以我就繼續裁切邊角了..........這結果真出乎我意料', '', '', 'SONY A7S III 拍照RAW檔 對比 iPhone 13 pro max 拍照心得 - 簡易結論', '', '', '', '一路看下來，手機的照片無法放大來看，或者手機的照片無法跟單眼比較，很有可能已經是過去式的觀念了不管是我自己的親自比較，或者YT攝影師的比較結果都是還蠻蠻明確的我自己比較還比較客氣，都用APS-C跟m43比較，但這位YT直接拿全片幅低ISO長曝光比較夜景，甚至不是100%裁切，而是400%裁切。出來的成果我相信是很準確了。部分照片我都下載RAW檔自己200%裁切比較...結果也都分享上去了不管日景跟夜景，手機的畫質都可以經得起100%放大來看。甚至在人像模式下的模擬，除了髮絲等細微部分外，已經模擬的不錯了。其他更多比較，可以自己下載該影片作者提供的RAW檔自己比較．這邊分享只是想知道手機的計算攝影跟ProRAW的進步幅度到哪裡了....自己了解順便讓其他人看一下...反正這只是一個有趣的測試.']",2021-11-18
［請益］IPhone 13一直溫溫的，正常嗎- Mobile01,https://www.mobile01.com/topicdetail.php?f=383&t=6462573,['我的13從開賣日24號拿到，到今天已經四天了，除了關機以外，就算螢幕沒開還是溫溫的，充電就變燙的，爬了一些文，說是換資料過去會跑一些背景程式什麼的，不知道大家有這樣的情況嗎，會持續多久時間呢，還是說⋯我拿到機王😱，怎麼查背景在跑什麼呢，謝謝指教🙇♂️'],2021-09-28
"哪裡可以買到iPhone 13 mini, 512GB, 最低價且來源、品質皆可靠 ...",https://www.mobile01.com/topicdetail.php?f=383&t=6563305,['如題'],2022-03-24
iPhone 13全系便宜2000？ - Mobile01,https://www.mobile01.com/topicdetail.php?f=383&t=6454926,"['活動連結', '有人是便宜就好', '不一定要第一波拿到的嗎？', '直接便宜2000感覺好像也不錯']",2021-09-18
SwitchEasy魚骨牌推出iPhone 13 Odyssey保護殼+掛繩外出單手輕鬆 ...,https://www.mobile01.com/topicdetail.php?f=383&t=6500304,"['你一天會從口袋或包包拿起手機多少次？每幾分鐘就會拿出手機來看的重度用戶，久而久之是不是會覺得要從口袋跟包包掏出手機，也是一件小花時間的事了？如果是的話，那不如就把手機掛在或揹在身上吧！這次要介紹的SwitchEasy產品，包括Odyssey手機殼+掛繩、ALOS系列「輕」透殼，或許可以符合重度用戶隨時、快速拿起手機，且輕量無負擔的需要。網路上暱稱為「魚骨牌」的SwitchEasy，來自美國，品牌有蠻完整的蘋果配件，不只保護殼，還有MagSafe、iPad生產力...等產品。最新的iPhone 13配件裡，有著重保護力、攜帶性、戶外活動，偏重機能設計的款式，也有簡單輕量秀出手機原色的生活款，Odyssey手機殼+掛繩就屬於前者，ALOS系列就主打後者的路線。先來看Odyssey系列吧，它是背帶式軍規防摔手機殼，內含一個透明背板殼以及一條掛繩。掛繩共推出5+1種設計，包括彩虹、迷彩綠、經典黑及潮流四種，以及單賣的「驕傲」背帶（黑底彩色細紋那條）。前四種樣式可以單買，也有附在保護殼內同捆販售。（個人覺得迷彩很有個性好看啊～）這個保護殼有多重結構，透明背板、外框分別採用不同的材質，來達到軍規防摔認證，標榜最高可達10英尺（約3.35公尺）高空防摔。比方外框切角部分是航太鋁合金，側邊則是TPU。前者提供堅固保護，後者有彈性可吸震，四角也有稍微加厚，可在iPhone側面落地時減少撞擊的力量，確實保護。整個側邊內裡以蜂巢結構環繞，也有吸收衝力的作用。全包式的設計，連按鍵都有保護起來，但仍相當好按，沒太大阻力。正面也有稍微往內包，真的摔落還翻滾時，手機和殼就不會分離導致失去保護了。相機區也有加強保護的設計，一是以彈性材質圍繞減震，不讓衝力影響相機內的精密組成，二是周圍墊高，不讓鏡頭直接擦到地面刮傷，畢竟相機功能太重要的，經常要用到，在相機周圍加強保護這點就蠻細心的。背板則是蠻受歡迎的透明硬殼，透亮度很不錯，可以清楚看到手機原色，安裝時也沒有水波紋。不過也發現可能因為背板和手機背面間，還有一點點小小的空間，背蓋也因要提供保護力而厚一些，因此和蘋果的MagSafe充電板，以及MagSafe行動電源間的吸力有點弱，有搭配MagSafe需求的可能不太適合。Odyssey保護殼最有特色的地方就是它可以外加掛繩，屁股這兒有兩個掛環。掛繩的扣扣是金屬的，耐用度跟固定性都蠻好的。不過扣環有點大，真是不低調啊，若想再掛上門卡、識別證什麼的，就會顯得更大一串。大家可能會比較擔心兩個耳朵，會不會影響手感？其實這兩個耳朵沒有外凸，已經盡量避免對手握的影響了，找到手勢後也不會覺得太困擾，小拇指一樣可以頂著。橫拿打遊戲也沒有想像中難拿，但帶子要順好避免遮住下方喇叭。另外也因為這兩個耳朵沒有向後彎，所以並不會影響到放直立的無線充電座。掛繩最長可拉到129公分，最短則是67公分，長度可以斜背、頸掛，也可以環繞在手上，不管哪種用途，都可以解放雙手，隨時一拿很快就可以滑手機了～尤其在戶外活動很合適，比方買咖啡或一手拿飲料時，另一手也可以很輕鬆把手機撈起來。旅行拍照也很適合，就像相機背帶那樣，把手機掛在身上，單手拍照也很安心。Odyssey使用的掛繩算寬版的，掛著時比較不會讓手機旋轉然後繩子纏在一起。清透也「輕」透的ALOS系列', 'Odyssey保護殼可以解放雙手，外出放手機、拿手機都方便一點。那麼SwitchEasy的ALOS系列殼，就是更重視日常輕便、不發黃好看的透明保護殼了。這系列有ALOS及ALOS Lite兩款。「ALOS」外觀比較硬派一點點，背面非常乾淨，沒有Logo、也沒有另外的圖案及網點，很清爽的透明保護殼。不過它的透明帶一點點透黑，但仍可透出iPhone的顏色，適合用深色iPhone，或喜歡陽剛一點風格的人。透明殼很清新乾淨，但最怕用一陣子後就開始變黃，可能因為帶一點透黑，可讓ALOS手機殼看起來不發黃，以及五年內泛黃可換新的保固。另外也標榜可抑制細菌產生。ALOS一樣背板是PC+TPU材質，背板是硬殼，側面是軟殼，不過它的細節更多。包括保護殼背板和手機背面一樣有0.3mm的空間氣囊可吸收掉落的衝擊，另外四角內也有氣囊空間，針對角落加強保護，正面看四角也有加厚。它的側邊有一道往內凹的切角，多這一道，讓手感更舒服，手指也剛好可以靠在這裡更好拿。細部方面，ALOS一樣有吊飾孔、全包覆以及相機外圍加高的保護。ALOS和MagSafe充電器及立架搭配時，也是可吸住，但吸力沒有那麼強，在房間或辦公桌上角度可以喬躺一點就行了，但要用吸在MagSafe車架上這種要直立一點的，可能有滑下去的疑慮，這就不建議使用了。＝＝＝＝＝＝＝＝＝＝＝＝＝＝＝＝＝＝＝＝＝＝＝＝「ALOS Lite」的邊框跟側面都是透明的，原廠提到有85%的透光率，背面一樣沒有Logo或網點，真正的，也非常乾脆的完全展現iPhone 13原色啊～而且因為保護殼和手機背板間有0.3mm的空間，所以安裝後也不會有水波紋。ALOS Lite也標榜不泛黃，SwitchEasy提供一年內變黃可以免費換新的保固（要到官網填保固表單），敢提出保固應該就代表對材質有信心吧。看標示ALOS Lite使用的是PC+TPU材質，背板是硬殼PC材質可防止變黃；側邊是軟殼，如果依照材質特性來看，因為我試用時間也不久，所以不知道是不是真的完全不會泛黃，但官網提到是高品質材料，且提供一年變黃換新的保固，應該還是有一定保障吧。而且它的重量非常輕，手上是iPhone 13 Pro Max的殼，官網標示是35.4g，量一下也在31g上下，總之都是沒有負擔的重量。也拿MagSafe充電器測試一下，雖然吸力沒有原廠殼那麼強，但仍可以固定不掉下去，但一樣若要用在需吸力強，煞車也不會有影響，可以穩穩固定的，可能再考慮一下。防護力方面，這透明殼也具有軍規防護等級，通過1.2公尺摔落保護測試。原因在輕量同時，也保留一些防摔結構，包括透明背板和手機背面機有0.3mm的空間氣囊，這小小的空間就可以吸收掉落的衝擊力，發揮保護的作用。也來看一下細部吧～它也是全包覆的，右下角還有手機吊飾孔，相機周圍一樣有高出一圈，墊高保護。加映：更輕量的AERO+ 不影響MagSafe使用', 'ALOS Lite的35g已經很輕了，SwitchEasy還有一款「AERO+」，更是輕量，iPhone 13 Pro Max單殼只有22g，其他型號更輕。它也是透明背板的保護殼，而且這個背板很薄，僅0.38mm。試了一下，這個厚度就完全不會影響MagSafe的吸力了！即使是比較直角的角度也不會掉。雖然很輕薄，AERO+仍有軍規，1.2公尺摔落的防護力。四個角落內裡，也有氣囊空間減少衝擊力，以及螢幕邊緣、相機周圍都有較大的墊高。不過相機的墊高，和邊緣的高度不一致，因此發現它平放在桌面上會有一個落差，以致於使用時會有一點蹺蹺板搖晃。不過拿在手上的手感很好，側面的材質摸起來很親膚細膩，也有防滑紋路。iPhone保護殼的設計跟選擇，很多產品同質性很高，真是讓人眼花撩亂，不過如果一開始就很清楚自己的需求，再搭配熟悉的、有口碑或歷史的品牌，大致上選到的產品應該就不會太失望。這裡介紹的這幾款，有透明殼符合輕量需求的，也有掛繩款，符合在外快拿外用的，如果你正好有這樣的需求，希望對你有幫助囉。模特兒: 小筑NINA']",2021-11-30
IPHONE 13 雙卡使用建議- Mobile01,https://www.mobile01.com/topicdetail.php?f=383&t=6520026,['即將入手IPHONE 13，目前電話是使用台哥大（預付卡），網路是遠傳。\u3000２家電信都可以轉nESIM. 如果IPHONE 13 要使用雙卡建議那家轉esim 呢？\u3000有什麽要注意的嗎？'],2022-01-05
分享一下iPhone 13 沒人提到的螢幕顯示能力- Mobile01,https://www.mobile01.com/topicdetail.php?f=383&t=6494856,"['大家好 我是科技狗伊森 講個台灣應該沒什麼人提的東西', '公佈一下 iPhone 13 Pro Max 我們實測出來的螢幕數據', '以免都被人家說我們科技狗只會嘴砲 東西沒料', '', '>> 量測設備：', '光譜儀：Xrite Colormunki Photo', '搭配軟體：Calman Business 5', '', 'iPhone 13 Pro Max 數據量測圖：DCI-P3色域sRGB_colorcheckersRGB白平衡sRGB色域', '', '簡述一下 iPhone 13 Pro Max 重點：', 'P3 色域：97.4%', 'sRGB 色域：98.1%', '白平衡：Gamma 2.23 色溫：5927K', '平均 Delta E < 2.4', '', '這支的顏色誤差其實很低 各顏色的誤差都在 DeltaE < 2', '比較量測受限的地方在亮暗部 （可能是光譜儀的關係）', '色域都有很高水準 幾乎 100% 的 P3 和 sRGB', '', '', '', '', 'iPhone 13 mini 數據量測圖：DCI-P3色域sRGB_colorcheckersRGB白平衡sRGB色域', '', '至於 iPhone 13 mini 的話：', 'P3 色域：96.9%', 'sRGB 色域：98%', '白平衡：Gamma 2/15 色溫：5957K', '平均 Delta E < 2.4', '水準也是很高 各色的誤差值也滿低的', '', '這兩支共同的現象就是色溫都偏暖一些', '標準值在 6500K 但是測出來大概都 6000K 左右', '至於 Gamma 兩支都很貼近 2.2 相當厲害', '', '這個色彩管理沒話說', '', '', '至於 iPhone 要怎麼量測 P3 色域 其實也是辛苦', '因為 Calman 的手機量測軟體 MobileForge 是 2015 年推出後就沒更新', '它可以讓 Android 手機顯示出 P3 但是沒辦法讓 iOS 顯示', '所以解決辦法是到 Apple Dev 開發者頁面 找到量測 XDR 顯示器的素材', '拿來傳到 iPhone 才解決', '', '話說回來 Apple One 是真的好東西', '六個人都能聽到飽 看到飽 玩到飽', '最近在玩 Kingdom Rush 相當困難', '沒廣告沒有內購 好玩 :3', '', '', '如果你看膩了千篇一律講好話的無聊業配', '別忘了還有我們科技狗「超主觀評測宇宙」', '', '影片有滿多可以討論的地方 想要嘴我們家肥宅觀點的也歡迎', '', '報告完畢']",2021-11-20
10/10 蝦皮神腦iphone 13 Pro 128G - Mobile01,https://www.mobile01.com/topicdetail.php?f=383&t=6472209,['有人出貨了嗎'],2021-10-14
該換或再戰一年？ Apple 秋季發表會新品重點規格與上市資訊彙整 ...,https://www.mobile01.com/topicdetail.php?f=383&t=6452810,"['Apple 於台灣時間今日（9/15）凌晨一點舉辦的秋季新品發表會，相較於去年來說時間稍微提早了一些，而今年也如全球媒體與分析師預期的一樣，Apple 正式發表 New iPad 2021、New iPad mini 2021、Apple Watch Series 7、iPhone 13 mini、iPhone 13、iPhone 13 Pro 與\xa0iPhone 13 Pro Max 共七款新品。本文將為各位整理本次秋季發表會所推出的新品，包含重點規格與功能，以及相關的上市與售價資訊，也請各位持續鎖定小惡魔專業的編輯團隊，所各位帶來更各新品詳細的介紹。▋Apple New iPad 2021', '', 'A13 仿生晶片與神經網路引擎 20% 效能提升。', '搭載 iPadOS 15 作業系統。', '1200 萬畫素 122 度超廣角，支援 Center Stage 功能（支援 Zoom 等第三方應用程式）。', '10.2 吋 Retina 顯示器，具備 Ture Tone 原彩顯示技術。', '支援第一代 Apple Pencil 手寫筆。', '建議售價為 64GB 儲存容量新台幣 10,900 起，256GB 儲存容量新台幣 15,000 元起，上市日期未定。', '', '▋Apple New iPad mini 2021', '', '全面屏機身設計，紫色、粉紅色、星光色與太空灰四種配色選擇。', '8.3 吋 Liquid Retina 顯示器，具備 500 尼特亮度、防反射、原彩顯示技術等功能。', '搭載 A15 仿生晶片，並具備 Touch ID 整合電源按鍵。', '採用 USB-C 連接埠。', '具備 5G 行動網路機型選擇。', '1200萬畫素後置鏡頭，具備 f1.8 光圈、原彩閃光燈、智慧 HDR，並支援 4K 錄影。', '1200 萬畫素 122 度超廣角前置鏡頭，同樣支援 Center Stage 功能。', '橫向立體聲揚聲器系統。', '支援第二代 Apple Pencil。', '建議售價為 64GB 儲存容量新台幣 14,900 起，256GB 儲存容量新台幣 19,400 元起，上市日期未定。', '', '▋Apple Watch Series 7', '', '搭載 WatchOS 8 作業系統', '全新 Retina 顯示器採用 1.7mm 邊框設計，增加20% 顯示範圍', '全尺寸鍵盤，可支援滑動輸入操作。', '抗裂水晶玻璃，具備 IP6X防水防塵等級，以及 WR50 防水規格（可游泳）。', '充電速度提升 33%（與六代相比），改用 USB-C 的快速充電器，全天電池續航力。', '午夜黑、星光銀、綠色、藍色與紅色共五種配色。', '售價從 399 美元起，今年秋季末上市。', '', '▋Apple iPhone 13 mini／iPhone 13', '', '平坦邊緣設計與瓷晶面板配置，具備 IP68 抗水等級。', '航空級鋁合金金屬材質打造，粉紅色、藍色、午夜色、星光色與 PRODUCT(RED)五種配色選擇。', '具備 5.4 吋（iPhone 13 mini）與 6.1 吋（iPhone 13）Retina XDR 顯示器，支援 Dolby Vision、 HLG 與 HDR 10 格式，最高可達 1200 尼特亮度。', '搭載 5nm 製程的 A15 仿生晶片與獨家神經網路引擎，4 核心圖形處理器。', '搭載 iOS 15 作業系統。', '雙後置攝影鏡頭，1200 萬畫素 f1.6 光圈廣角鏡頭，搭配 f2.4 光圈超廣角鏡頭，並具備與 iPhone 12 Pro Max 的光學防手震，具備夜景拍攝模式。', '新增電影效果模式，系統會依據拍攝主體的移動，來自動切換景深效果，支援觸控與鎖定焦點功能，錄影支援 Dolby Vision HDR 格式。', '更快更穩定的 5G\xa0 行動網路。', 'iPhone 13 mini 比起 iPhone 12 mini 增加 1.5 小時的續航力，iPhone 13 則比 iPhone 12 增加 2.5 小時續航力。', '支援 MagSafe 充電與周邊配件。', '具備 128GB／256GB／512GB 三種儲存容量可選，iPhone 13 mini 售價從新台幣 22,900 元起，iPhone 13 售價則由新台幣 25,900 元起。', '', '▋Apple iPhone 13 Pro ／iPhone 13 Pro Max', '', '不鏽鋼鋼邊框，石墨色、金色、銀色與天峰藍色四種配色，多奈米塗層與超瓷晶面板。', '具備 \xa0IP68 防水等級。', '搭載 5nm 製程的 A15 仿生晶片與獨家神經網路引擎，5 核心 GPU 圖形處理器。', '具備 6.1 吋(iPhone 13 Pro）與 6.7 吋（iPhone 13 Pro Max） Super Retina XDR 顯示器，並採用全新 ProMotion 自動適應更新頻率技術，可針對不同的操作情境，讓顯示器自動在 10Hz-120Hz 更新率範圍中切換。', '採用 77mm 長焦鏡頭、f1.8 超廣角鏡頭，與 f1.4 廣角鏡頭三後置鏡頭，超廣角鏡頭支援微距攝影功能，長焦鏡頭支援夜景拍攝模式。', '內建四種攝影風格模式，並可進行色溫等細部設定選項。', '同樣具備電影效果攝影模式。', 'ProRes Pro 攝影格式可直接使用 Final Cut Pro 進行編輯，最高可拍攝 4K 30fps 格式影片，同時也支援錄製 Dolby Vision 規格影片。', '支援 MagSafe 充電與配件系統，iPhone 13 Pro 比起 iPhone 12 Pro 增加 1.5 小時的續航力，iPhone 13 Pro Max 則比 iPhone 12 Pro Max 增加 2.5 小時續航力。', '具備 128GB／256GB／512GB／1TB 儲存容量選擇，iPhone 13 Pro 售價從新台幣 32,900 元起，iPhone 13 Pro Max 售價則從新台幣 36,900\xa0元起。', '', 'Apple 全新 iPhone 13 系列，均從台灣時間 9/17（週五）晚間 8 點開放預購，並將從 9/24（週五)正式在台灣發售。依照慣例，同樣為各位附上 iPhone 12 系列與 iPhone 13 系列的規格比較表，簡單為各位整理一下，這次主要的更新是在顯示器規格、後置攝影鏡頭、錄影模式，以及機身配色、儲存容量與售價上都有更新，請各位點開大圖後自行滑動觀看。▊Apple 秋季發表會新品相關報導：', 'Apple New iPad / New iPad miniApple Watch Series 7']",2021-09-15
13 mini 鏡頭周邊殘留水痕- Mobile01,https://www.mobile01.com/topicdetail.php?f=383&t=6459343,"['昨天拿到mini午夜色，質感真的沒話說，單手好操控', '不過，昨晚在拆手機殼時，手指碰觸到螢幕周圍（當時有流手汗），居然就留下水痕了⋯過了一個晚上水痕還是散不掉，請問這是吸水材質嗎😆', '', '請問有大大的午夜色遇到同樣問題嗎，不知有什麼方法可以去除水痕呢？']",2021-09-25
iPhone 13 是不是買空機划算? - Mobile01,https://www.mobile01.com/topicdetail.php?f=383&t=6454568,"['如果平常不打電話，但網路要吃到飽，是不是買空機再租網路就好？', '', '買空機，租台灣上網 網路吃到飽一個月$370/月，不用綁約https://bit.ly/3DRS8sC', '', '辦中華吃到飽一個月$1,599元以上，iPhone 13 GB可零元購機，但要綁約', '新聞來源https://udn.com/news/story/122403/5751378', '', '中華電信（2412）16日宣布iPhone 13全系列5G機型購機優惠資費，強打精采5G月繳1,399元，享行動上網吃到飽、最大網內免費講，搭配購機方案，綁約36個月，iPhone 13 Pro Max 128GB專案價19,300元、iPhone 13 Pro 128GB 15,300元入手、iPhone 13 128GB專案價 8,300元、iPhone 13 mini(128GB)只要5,300元，綁約48個月以上，月繳1,599元以上，iPhone 13 GB可零元購機。']",2021-09-17
請問今年會可能沒再出mini手機系列了嗎？？？ - Mobile01,https://www.mobile01.com/topicdetail.php?f=383&t=6601879,['自從12mini以來，一直使用的很開心且很符合需求。從有手機時代開始就一直很愛介於4-5.5吋大小的小手機，方便好用好攜帶，規格也不用到頂，但有一定水準，價格高一點也可。但如果蘋果不再出mini系列，那真的不知道還有啥比較可以看的小手機了...........'],2022-06-02
IPhone 13 Pro Air Jacket/Caudabe 透明殼心得分享- Mobile01,https://www.mobile01.com/topicdetail.php?f=383&t=6508967,"['大家好，小弟今天想針對市面上一直很火熱的兩種透明硬殼做一些簡單分享。', '', '首先，說明一下我是從12 Mini換上13 Pro的，重量方面真的需要一些時間適應，但是我對於手機的心態是希望盡量保持完整就好，並不會特別注重到軍規防摔、極致完美呵護的程度。', '', '我是一個很喜歡買手機殼的人，不過據我的消費經驗，市面上的矽膠透明殼大多都大同小異，很多都是公版下去改的，因此我覺得這不是我這次想找的，就不在這邊贅述。', '', '這次入手13 Pro想找的是基本防刮、可以擋一兩次摔、手感好又輕的殼，以上的集合點應該是透明硬殼再適合不過了。說到透明硬殼，網路上熱度高的莫過於Air Jacket與Caudabe了，其實相關的開箱資訊有很多，這邊我就不太注重於開箱的過程，想分享一些比較後的主觀心得。', '', 'Air Jacket，小弟的每一隻iPhone都會收至少一個他的手機殼，特殊色、霧面亮面我都買過。其實相關的產品選擇並不多，加上這個品質穩定的老字號，我認為這是許多人追求「裸機質感」必備的首選。', '', 'Caudabe，從我上一隻12 Mini時購入了Sheath系列的手機殼便開始與他結緣，當初對這牌子沒有特別期待什麼，直到收到手機殼時，被真的很輕薄、防護力也算不錯、又止滑的手感驚艷到，在當時甚至有種相見恨晚的感覺。', '', '一直以來，我在購入手機殼前都會上網爬文看心得，其實不常看到這兩個差不多類型的產品進行比較，剛好這次有幸購入13 Pro的Lucid Clear系列，希望分享一些個人使用感受及心得，提供需要的大大參考：', '', '我認為買硬殼要有一個心理準備，防護力絕對不是首要的考量，硬殼不可能像軟殼一樣耐摔，可能最多擋掉一兩次吧，但是硬殼給的手感絕對是很優秀的，也大幅減少了發黃的機會，因此在這邊就太針對其他種類的手機殼做評論。', '', '這兩家的開口都是水準之上，沒什麼好挑惕的。', '', '我不確定是否有人會在意重量的部分，但還是稍微秤秤看了', '', 'AJ的重量大約是18.6克，Caudabe稍微重了.8克，但是這個重量的差異其實無感．．手持兩個空殼不會感受出差異。', '', '提到一點防摔的部分，我覺得這個層面大概心裡做好的準備是基本防摔就好了，雖說AJ強調了材質的更新，C家說通過兩米防摔。不知道，等摔了再跟大家分享心得。不過，我認為手感更重要，手感好的手機殼真的減少了我摔手機的機會（從口袋摔出來的另當別論）。', '', '我認為，這兩個手機殼最讓我印象深刻的部分：', '按鍵部分：AJ的開口一直都是這樣，我也沒有抱怨，但是對我來說真的很難按，C家把開口打開好按多了。', '手感部分：這邊針對全透的款式，兩個都很透，但我覺得AJ比較滑，並且握持感大概是偏向圓潤感，應該不是我錯誤感受。C家的殼比較不滑，在握持上會有較明顯的線條感，我覺得與AJ比拿起來有更直接的感覺，至少我比較不會手滑。', '鏡頭/螢幕部分：在不貼鏡頭環的前提，兩者都有高過背面的鏡頭，但是C家的似乎更高了一點。正面螢幕部分，在有貼保護貼的情況下，AJ的上下左右跟螢幕是差不多等高，但是高過了一點點、C家的則是正面一整圈都有高過螢幕（雖然也是一點點）。', '拆裝部分：我覺得兩個都不難拆，AJ的殼拆錯方法蠻容易讓手機有細紋的，C家的優勢是下面的兩個開口會讓你更容易拆，我覺得拆裝真的不是問題。', '灰塵部分：在我這次購入Caudabe前，我其實一直感覺他的殼做得很開，很容易跑灰塵、勾到棉絮之類的（如同上述提到的下面兩個開口），AJ的電源開口偶爾也會勾到衣服。不過，在我幾天使用下來，我覺得反而AJ的空隙比較大，很容易跑灰塵進去、Caudabe的殼灰塵反而很好清，不太容易跑進去。', '', '總之，Caudabe真的給我蠻多驚豔的，我也不是上來業配的，產品的好都有很多大大分享過例子，只是在兩者之間比較下提供一些心得給想購入的大大做參考。這裡其實並不是說AJ不好，而是我認為一些我心中Air Jacket的遺憾在Caudabe上都得到了更好的使用體驗，而且價格也比較便宜，當然我也尊重兩者都有各自的擁護者，提供給各位參考，謝謝！']",2021-12-15
我決定等iPhone 13了- Mobile01,https://www.mobile01.com/topicdetail.php?f=383&t=6213148,"['我決定等iPhone 13了', '我決定等iPhone 13了', '我決定等iPhone 13了']",2020-10-14
鍾文澤..哥哥..開箱測試..iPhone 13 Pro了... - Mobile01,https://www.mobile01.com/topicdetail.php?f=383&t=6456864,"['鍾文澤..哥哥..開箱測試..iPhone 13 Pro了...', '', '他的評測..我覺得很精彩！', '', '政府都幫我出五千了，我只能買爆它了！', '', 'iPhone 13 Pro', '', '', 'iPhone 13 & iPhone 13 mini']",2021-09-21
松嶺青iPhone 13 Pro + 新綠iPhone 13動眼看很自然彷彿聞到芬多精 ...,https://www.mobile01.com/topicdetail.php?f=383&t=6555811,['這次蘋果在春季發表會一併推出的松嶺青iPhone 13 Pro系列，以及綠色iPhone 13系列，台灣也是今天（3/11）晚上開始預購，3/18正式上市，你預購到了嗎？從之前發表會文章的留言裡，發現大家對這新綠色有好多創意解讀...股價下跌綠、巴西烏龜綠、國軍綠、教召14天紀念...之類的，但也有很多同學一眼就覺得好看，喜好程度真的有很大不同...但整體來說，這兩種綠都偏沉，很大自然色系，都算有質感的調色。（對不起我標下得有點爛..）如果你還沒到店裡看到新的綠色iPhone 13們，那可以先看看我們的實機拍拍圖賞吧～iPhone 13 Pro 系列的松嶺青，看來是把藍灰混進調色的綠。因為磨砂玻璃的關係，有點像我們在琉璃器皿上看到的變化，面光時看起來是粉霧綠，在稍暗的地方，看來又是很平滑的墨綠，亮面的蘋果LOGO始終那麼顯眼...官網的描述是：iPhone 13 Pro表面採用奈米級金屬陶瓷多層次堆疊。鏡頭外圍仔細看還是帶一些綠，但是非常非常深的顏色，小地方配色蠻細膩的。側邊也是，都混進了綠，但不鏽鋼材質在不面光時，看起來像深潭那種暗到黑的綠，面光時又反射的像鏡面。上篇回覆裡有人說和iPhone 11 Pro的夜幕綠很像，但實際比對下來很明顯～原來一點都不一樣...i13 Pro的松嶺青綠得比較明顯。＝＝＝＝＝＝＝＝＝＝＝＝＝＝iPhone 13系列的綠，實機就比渲染圖有特色的多。（左邊那台）因為玻璃背面的關係，會反射一些水漾感，因此看起來會比官圖有生機一點，有時像榕樹葉那種帶光澤的葉綠，真的還蠻像新書包那種綠，稍微離開光線一點，又像綠油精的墨綠，總之玻璃光澤為這色加分很多啊～（嗚嗚我好像沒拍出來）鏡頭外圍也是一圈同樣的配色，但綠色的感覺明顯多了。磨砂感的鋁金屬側邊是更深的綠（我個人更希望松嶺青是這個顏色啊..），反覆轉著轉著看這側面的光澤，竟然有一點點想到極光..（我想太多嗎...）.iPhone 13全系列正面都是高硬度超瓷晶盾面板，官方描述是比其他任何智慧型手機的玻璃都更加堅固。但可能有同學想說，保護殼蓋上去什麼色都不重要...不然也選個綠色殼好了，至少在鏡頭區外露後看起來更有一體感...原廠也有推出這種尤加利綠矽膠保護殼，有帶MagSafe磁圈喔～#搭全透明殼就知道是新色了#其實沒有味道芬多精要自己腦補'],2022-03-11
中華電信iPhone 13資費來囉！0元帶新機回家- Mobile01,https://www.mobile01.com/topicdetail.php?f=383&t=6454076,"['記者陳俐穎／台北報導', '', '中華電信今(16)日宣布iPhone 13全系列5G機型購機優惠資費，精采5G月繳1,399元，享行動上網吃到飽、最大網內免費講，搭配購機方案(36個月)，iPhone 13 Pro Max (128GB)專案價1萬9,300元、iPhone 13 Pro (128GB)1萬5,300元即能入手；iPhone 13 (128GB)專案價8,300元、iPhone 13 mini(128GB)只要5,300元輕鬆帶回家。', '', '中華電信表示，搭配指定舊機換新機方案、舊機回收價加碼再折2,000元、行動VIP等優惠，頂規旗艦新機iPhone 13 Pro Max (128GB)，即可0元入手(36個月)。', '', '中華電信將於9月24日上午8點起，於中華電信全台500間指定服務據點及網路門市同步銷售iPhone 13全系列5G機型。詳情可查詢活動網頁。', '', '中華電信表示，舊機換新機方案針對新申租、攜碼或符合續約購機條件之客戶，至中華電信指定門市辦理估價回收，以iPhone 11 Pro 64G為例，最高可享現折1萬3,500元，適用價格自9月30日止。', '', '全新iPhone 13系列搭載最新、最快的A15仿生晶片，支援5G網路，電池續航力全面升級，採用超Retina XDR 顯示器，並提供多元超瓷晶盾與霧面玻璃背蓋保護選擇。iPhone 13 Pro系列支援夜間拍攝、微距攝影及電影級模式，打造1TB大容量，提供果粉絕佳拍攝體驗。iPhone 13/13 mini擁有新色粉紅、紅、藍、午夜、星光等不同顏色，iPhone 13 Pro/ Pro Max除了金、銀、石墨，更推出新色天峰藍，令人驚豔。', '', '來源：ETtoday財經雲', '', '剛發現中華已經公布資費了，其他家目前好像還沒看到??', '這篇新聞還很貼心幫大家整理各種綁約期限的購機價格以免你看到脫窗', '以5G 1399吃到飽綁最低租期24個月，手機價格是有便宜13600啦', '反正我猜三大電信的資費應該不會差太多，先給大家參考囉']",2021-09-16
外觀沒變就是沒升級？ iPhone 13內在仍有「大」翻新Pro系列更是 ...,https://www.mobile01.com/topicdetail.php?f=383&t=6452849,"['即使iPhone 13發表前的傳聞對了大半，但仍有另一半，是透過發表會實際展示，才能具體知道的功能，尤其是每年都有較大更新的相機攝影。今年的四款iPhone 13，儘管螢幕尺寸、大小、材質...等外觀的部分，看起來與上一代一樣，但內在倒是翻新了一輪，該大的大，比方電池、相機感光元件、光圈。該小的小，比方瀏海。該升級的升級，採用A15晶片、容量從128GB起跳...等。iPhone 13 Pro系列的螢幕也順應民意(?)支援最高120Hz更新率ProMotion。(以下影片截圖、產品照，多是美國版本的外型，側邊天線安排會跟台版略有不同，請大家留意，謝謝～)當然，隨著這些硬體的翻新，帶來了不少新功能，儘管我們在Android上已經見過了120Hz、帶景深的錄影，但在iPhone 13/ 13 Pro上，又給了一些不同的內容。你說iPhone 13沒多大更新？外觀是，內在就不是了。但有你要的更新嗎？可以隨著後面整理看看，但至少期待中的戴口罩辨識FaceID，或螢幕下指紋...沒看到。而且因為電池更大，四款iPhone 13的厚度、重量，也都增加了，6.7吋的iPhone 13 Pro Max甚至來到240g。類似的設計，但瀏海變小了', '今年iPhone 13一樣有四款：5.4吋的iPhone 13 mini、6.1吋的iPhone 13及13 Pro、6.7吋的iPhone 13 Pro Max。也一樣是正反玻璃（正面採用超瓷晶盾面板）、切平的側邊，兩支iPhone 13採用航太鋁合金，13 Pro則是不鏽鋼邊框。▼iPhone 13▼iPhone 13 Pro不過仍有新色，較年輕多彩的iPhone 13系列有了粉紅色，質感路線的iPhone 13 Pro則推出帶一點淺灰感的天峰藍。▼iPhone 13粉色。（*已更換為台版商品照片）▼iPhone 13 Pro天峰藍(*已更換台版照片)瀏海變小這件事，不知道大家能不能一眼看得出來 ，以iPhone或iPad的Safari上官網可以用AR看實機先。四款iPhone 13的瀏海都比i12小了20％（或應該說寬度變窄？）。發表會上及官網並沒有提到怎麼讓它變小，但看產品圖，可以發現聽筒/ 揚聲器頂到螢幕邊緣了，應該也跟重新設計內部排列有關。也因此之後大家應該可以看到，若是螢幕邊有點往內包的iPhone 13的保護殼，上邊會切一塊露出揚聲器。螢幕重點在亮度及更新率', '四款iPhone 13的螢幕材質（OLED），以及解析度，都跟i12一樣，但是標準亮度都有增加。iPhone 13最高可到800nits，iPhone 13 Pro則可到1000nits，對經常戶外使用，尤其在拍照錄影看取景畫面，應該大有幫助。此外，兩支13 Pro的螢幕，也支援120Hz螢幕更新率了，蘋果稱為「ProMotion」。這規格我們在Android旗艦上看到爛了，蘋果則較具體的提出兩個重點，讓這規格更有意義：一是會自動適應更新頻率，二是有遊戲、Adobe繪圖等第三方App響應。自動適應方面，提到是搭配iOS15及訂製架構，讓系統可在10~120Hz間，自動調整更新率，比方滾動頁面，或在App間轉跳時，會自動以較高的更新率，並配合手指滑動速度，呈現較流暢的畫面跟反應速度，反之，當畫面靜止時，則降到10Hz幀率，節省電力。但目前不清楚能不能手動關閉高更新率，維持最高60Hz就好？但要有支援的App跟遊戲，才能直覺得感受到流暢的好處。發表會上提到的有《漫威未來革命》、《Catalyst Black》遊戲，以及《Adobe Fresco》這個繪圖程式，有支援ProMotion。除了畫面動態流暢感，也提到有很好的跟手控制度，比方以手指在《Adobe Fresco》上拉出現條時，就像Apple Pencil在iPad Pro上繪圖那樣流暢帶出，快速反應。以蘋果裝置較單一的優勢來看，支援120Hz的程式、遊戲，出現的速度應該會比較快一點。但個人覺得比較可惜是，蘋果沒有大氣果斷宣布，Arcade內的遊戲將會全面支援120Hz...你會希望什麼程式支援120Hz螢幕更新率呢？至於傳聞說會採用的LTPO低功耗面板，發表會及規格上，倒是都沒有提到。電池、續航力都有加大', '一如傳聞，今年四款iPhone 13內部都有重新設計，留出空間放進更大的電池（但我想應該也有哪些零件變小了，才有空間重新設計排列吧），因此規格上的續航力都有增加。如iPhone 13 mini電池使用時間可比上一代增加1.5小時、i13可增加2.5小時、i13 Pro增加1.5小時、i13 Pro Max增加2.5小時，幅度都不算小。目前還沒有各自電池容量的數字，這幾天或上市後等拆解應該會有答案，但我比較驚訝是iPhone 13 Pro Max的續航力數字，比i12PM有很大的提升，官方標示播放影片時間多了8小時，串流影片最長時間更多了13個小時，讓人好奇它多到底內建多大的電池。充電速度數字仍一樣，以20W或以上充電器，30分鐘可充滿50％，不過這一代電池都更大的前提下，維持一樣的快速速度，可能快充時的電流有稍大一點吧，有機會之後可以來記錄看看。但電量也反應在前面提到的，這一代重量都增加了。另外因應螢幕亮度更高、新的錄影功能，以及Pro支援120Hz螢幕更新率，想來也一定要增加電力，但從另一面想，對不使用進階功能的用戶來說，應該可以明顯感受續航力變長吧...可延長電池續航力，固然因為電池變大了，蘋果提到也有採用A15，以及iOS15軟硬體一起優化的關係。無意外升級A15 iPhone 13 Pro更強調GPU效能', '不出意外的iPhone 13都升級採用A15 Bionic晶片，6核心CPU、4核心GPU、16核神經網路引擎這些數字雖然與A14一樣，但仍標榜效能比競品高出50％，使用裝置內機器學習、即時AR...等功能的程式，都能快速運作。不過這回iPhone 13 Pro系列的A15，與i13的有點不一樣，主要是有5個GPU核心，另外也提到設計了新的螢幕驅動引擎、影片編解碼器、雙緩存快取，以及新的ISP影響處理器。從這些組合看來，蘋果提到i13 Pro有智慧型手機裡最高的圖形效能。若再看搭配神經網路引擎每秒15.8億次的運算、iOS15、MLCore...等軟硬體系統，可以想見iPhone 13 Pro系列，可以承載更需要效能的進階錄影功能。欸～接得很好，我們來看相機。相機感光元件或光圈加很大', '這次兩款iPhone 13，仍採用26mm主鏡頭，以及13mm超廣角雙鏡組合，乍看光圈一樣是f1.6及f2.4，都是1200萬畫素，可能會以為都一樣，實際上是有採用全新感光元件的，以及ISP影像處理器的。iPhone 13們主鏡頭採用更大的感光元件，單位畫素來到1.7微米，感光量比一代高出47％，可想而知可以更提升低光拍攝清晰度。此外主鏡頭也支援i12 Pro Max才有的「感光元件位移式光學影像穩定功能」，這功能可說是全面下放。超廣角也提到是採用新的Sensor，但具體哪裡不一樣倒沒有細說。而兩支iPhone 13 Pro，也是主鏡頭、超廣角跟長焦三攝，但參數組合完全不同。～主鏡頭：單位感光元件加大到1.9微米、光圈加大到f1.5，有2.2倍的低光拍攝進光量，支援OIS，等效焦距規格上沒有標，我再去找找。～超廣角：光圈從上一代f2.4，加大到f1.8，這麼明顯的差距，為i13 Pro超廣角夜拍增加了92％進光量（有點可怕），目前還比較少在超廣角上看到這麼大的光圈。拍攝視野一樣是120度，並支援自動對焦。（因此帶來新的微距拍攝功能）～長焦：等效焦距變成77mm，約3x變焦，因此光圈反而變成f2.8，這有點挑戰夜拍，這長焦仍支援光學穩定。～一樣有LiDAR掃描儀。不過看照片，鏡頭好像真的更突出啊...而且這次Pro跟Pro Max相機都一樣，沒有差別了。另外所有鏡頭，包含長焦，都可以拍夜間模式了。在傳聞時，有一說是iPhone 13 Pro會提供類似天文攝影的模式，結果雖然並沒有這樣一個模式，但新聞照裡倒是有張類似的夜間照片範本，可以期待iPhone 13新相機可以怎麼挑戰低光場景。iPhone 13的淺景深電影錄影...', '背後很科技但結果很意境從參數看來，低光及清晰度一定是提升重點，而全新的功能，則集中在錄影上。第一個帶來的是「電影級模式」，這四支都有。在傳聞時，我們以為這就是個背景有虛化的人像錄影模式，結果有點小看它了。這模式強調可拍攝「轉換焦點」這樣的鏡頭語言。這模式的元素包括：1.) 畫面有淺景深，甚至可以在攝後調整散景程度。2.) 會對焦在主體上，當主體換了（比方運鏡了、轉頭了、移動了...等），也會重新自動對焦。甚至它會預判有主體即將進入畫面，做到即時切換對焦。3.) 也可以手動點擊，鎖定追蹤對焦。4.) 可以拍攝杜比視界HDR影片。5.) 主鏡頭、望遠以及前鏡頭，都可以拍攝這樣的影片。這用靜態照片好難講...但從官方影片裡應該可以感受到這的確是電影裡常見的，而且很有敘事感的拍法，然後，手機可以拍了，而且也可以瞭解到，這模式跟Android上的電影模式，或是人像錄影，並不相同。之前採訪以iPhone拍電影的導演時，曾問過：如果想拍有意境的那種景深鏡頭怎麼辦？我記得當時的回答是：那就不要拍。我想下次如果因為新作品去訪問導演，答案一定會不一樣了...可以生成景深、在移動中自動切換焦點，與A15性能、機器學習訓練、畫面偵測...等性能都有關。不過性能不知道會不會受到光線、環境乾淨或雜亂、主角移動速度...等影響，以及會不會很耗電、拍攝時手機溫度...等，可以之後再看看。不同畫面個別調整的「攝影風格」濾鏡', 'Photographic Styles，這也是四支都有的功能，套用在靜態照片上的。現在的iPhone有個Smart HDR的功能，它是透過分析成千上萬張的照片訓練後，在拍攝、處理影像時，去優化色調、明暗對比，還原出好看的色彩。而「攝影風格」這功能，有點像Smart HDR的姊妹作，它可以將你偏好的色調、色溫參數，套用到照片上。但你說這跟濾鏡有啥不同?首先它是在拍攝前，就從預設的四種對比、飽和度、冷暖色風格裡，選一個來套用跟微調。然後拍攝時，這風格就會針對畫面的不同部分，做適當的套用，比方服裝、風景、膚色會做個別的調整，而不是整張套用同一風格，導致膚色或某部分顏色怪怪的。而且這過程在拍攝處理影像時，就會做好。而且設定好一次後，以後每次攝影，都可以套用這個裡喜歡的風格，算是...拍完就修完的一種模式吧。可拍2公分微距', '第二個帶來的是「微距攝影」，這只有兩支iPhone 13 Pro有。它就是利用可自動對焦的超廣角鏡頭來拍攝微距，最近可到2公分，靜態跟錄影都可以。不過目前規格描述上，看不出可拍解析度是多大? 是否也可拍HDR影片?而且有點疑惑為何沒讓iPhone 13的超廣角也支援這功能...看看之後有沒有更多相關報導吧。支援拍攝ProRes影片', '這也是13 Pro系列才有的，且要今年晚點才會推出。ProRes是蘋果開發的編解碼器技術，有高保真、低壓縮率的特性，可在Final Cut Pro X進行高效能編輯，之後iPhone 13 Pro可以直接拍攝4K/30fps的ProRes格式，或杜比視界影片，然後直接輸入剪輯軟體裡編輯，蘋果強調，對專業工作者來說，這可以完成端到端的工作流程。另外也提到甚至可以在iPhone 13 Pro上全程以ProRes完成計畫案。個人對這句話目前還有點疑問，意思是iPhone 13 Pro內建相簿可以編輯ProRes嗎？（還是默默幻想會有個iOS版Final Cut Pro? ）。可能功能更新上線後，會比較清楚吧。以上這些是新增的，當然很多iPhone 12的功能仍有保留，這大家可以參考同事整理的規格表比對。從這簡單整理也可以看出，A15性能帶動了iPhone 13新的攝影、遊戲、120Hz、iOS15、各種需要AI偵測的、AR...等的功能，而更大的電池又成為這些功能的後盾。即便可能有同學覺得升級仍然不多，但A15跟電力兩大支柱，一定還是會帶來實質的，不同的體驗。你對那個新玩意或顏色最有興趣呢？以下留給大家發言～#被外觀耽誤的內在？#我的亮點是iPad mini']",2021-09-15
過年在哪買iPhone 13較划算？通路優惠整理最高降幅超過3500元 ...,https://www.mobile01.com/topicdetail.php?f=383&t=6532079,"['想在過年期間換部iPhone 13嗎？雖然官方通路鮮少降價，不過通路們倒是會搭配一些活動，有的是下殺，有的是搭配周邊優惠，尤其春節是搶買氣的重要檔期， 這裡就收集整理一下目前收到的部分通路，提供了什麼iPhone 13的購機優惠吧。', '', '網路電商', '蝦皮購物', '蝦皮購物在春節期間推出「新春購物節」，包括全站免運99元起、商城85折券、熱門遊戲抽iPhone 13...等活動，其中跟iPhone 13有關的，包括可以使用這波活動推出的商城85折券，於2/2凌晨0-2點消費來折抵（滿2,000元即可使用），最高現折2,000元，如熱門的iPhone 13(128GB)原價2萬5,900，以商城85折券後優惠2萬3,900。只要上述時間內在蝦皮商城購買iPhone 13都可以使用。', 'AirPods Pro即日起到2/2止也有單獨的活動優惠價，原本售價7,990元，活動期間特價6,490元。', 'Apple Watch S6 LTE 44mm不鏽鋼版也是在2/2前於蝦皮購買，有6.4折的優惠，特價至1萬4900元。', '', '春節期間蝦皮店到店、理貨中心會於除夕及初一（1/31~2/1）暫停營業，初二（2/2）之後開始營業。因應這項調整，1/25～1/30送達取或門市的包裹，會自動延長兩天取貨日，原本7天內要取的，可延長至9日內取件。', '其他春節配送調整項目可以參考蝦皮官網公告。', '', '', 'PChome 24h購物', 'PChome 24h購物在春節期間，於品牌旗艦館推出「金虎禮」活動，下單每週抽黃金，iPhone 13系列可在品牌旗艦館裡找到最低83折起的優惠，使用Pi錢包綁定Pi卡付款筆筆5%回饋無上限。', '如即日起到2/7上午10點，iPhone 13 (128G) 特價2萬4999，並送保護殼、玻璃保貼等配件。', 'iPhone 13 (512G) 則特價至2萬9999元。', 'iPhone 13 Pro Max (256G)則降價1900元，單機優惠為3萬8500元，以及送配件。', '', '其實各容量的iPhone 13系列多有降幅，加上第三代AirPods新品上市，若購買iPhone 13系列在加購AirPods 3都有組合價，最高可省2700多元。此外AirPods Pro、iPad Air、MacBook Air、Apple Watch 7…等蘋果裝置，也都有折扣。', '', '另外也可以親友一起揪團買，有更多折扣，如iPhone 13（128GB）單支優惠2萬4999元，但一次買三支（三組入），則特價為7萬3350，相當於單支2萬4450元，比單支更優惠。', '其他型號及容量，甚至iPhone 12系列都有三組入包裝，可參考網頁，團購最高可省1萬9500元（i12 Pro/ 512GB）。', '', '過年期間PChome 24h購物會照常出貨，但部分大型商品、低溫商品，會配合供應商及物流商可能有調整。詳請可以參考PChome 24h的說明。', '', '', 'friDay購物', '主打iPhone 13有約9.2折的優惠，以及加買配件8.3折的優惠，且快速到貨商品春節期間不打烊照常出貨。', '遠傳friDay購物即日起開始於春節期間，針對iPhone 13 128GB及256GB款，推出直降約9.3折的優惠，如iPhone 13 128GB原價2萬5900元，現特價2萬3980元；256GB款原價2萬9400元，活動特價2萬7280元，都便宜近2千元。', '另外一款熱門的iPhone 13 Pro、13 Pro Max，各容量單機也有千元或千元內不等的直降。', '搭配購買新機，加價買iPhone配件，如保護殼、充電器，也可有8.3折起的優惠。', '各款特價可參考產品網頁：https://bit.ly/3H2sQsS', '', '另外若是要買來送禮的，friDay購物近期也推出「送禮館」這個全新的服務，可在專區挑選商品後，在結帳時填寫賀卡內容，產品會採用精美禮物包裝，配送到指定地址及收件人。', '目前試營運期間在「送禮館」專區可購買到iPhone 13/ 256GB，折扣價為2萬7280元（原價2萬9400），還可免費做精美包裝、賀卡贈送給親友。', '', '今年遠傳friDay購物也首度推快速到貨新春期間仍照常配送的服務，各天訂單配送分配可參考官網說明。', '', '', 'Yahoo購物', 'Yahoo購物則是在春節期間（即日起到2/6），推出過年不打烊的活動，其中與iPhone 13有關的，也是有直降活動，如iPhone 13（128GB）即日起到2/6止降價1200元，特價2萬4700元。熱門的iPhone 13 Pro（128GB）則優惠至3萬1800，降1100元。', 'iPhone 13 Pro Max（256GB）折扣1900元到3萬8500。', '其實各款iPhone 13各容量在2/6前購買都有一些降幅，各優惠價可以參考網頁。', '', 'Yahoo購物的快速到貨，在春節期間會照常出貨，其他商品在2/1～2/10期間訂購的，將於2/11起陸續出貨。其他購物配送內容可參考官網說明。', '', '', '', '手機通路門市', '傑昇通信', '傑昇通信的新春優惠從即日起到2/6止，時間上完全鎖定年假購買期，主打iPhone 13單機降價，最高降超過3500元。', '如活動期間到全台傑昇購買iPhone 13 Pro Max（256GB），單機原價4萬400元，直降3710元變成3萬6690元。', '熱門的iPhone 13 Pro（128GB）則降2710元，單機優惠3萬190元。', 'iPhone 13（128GB），也降最高2610元，變成2萬3290元。', 'iPhone 13 mini（128GB）則降1610元，變成2萬1290元。', '另外AirPods Pro也從原價7,990元，降到5,790元。', '活動期間到門市購機就會送限量紅包袋。', '春節期間除夕到初二（1/31～2/2）門市休息，初三（2/3）之後就回復正常營業時間。', '', '', '德誼數位', '德誼在春節期間到2/28止，購買iPhone 13指定款有加送500元配件購物金，若加買保險再加保護貼、20W充電頭，配件部分優惠共500元。', 'Mac、iPad也都有送千元配件購物金的活動。', '另外即日起到2/28止，德誼在門市推出初一到初五每天有不同的，折扣較多的主打優惠的活動。', '', '', '', '電信資費優惠', '中華電信', '即日起至2月28日止，購買iPhone 13、12系列，並搭配月租999以上5G方案（約期24~48個月），有四項活動：', '1.) 可額外獲得蘋果購物金2千元，這2千元可以在4/30號前，於中華電信門市購買Apple Watch、任一款iPad、AIrPods Pro、HomePod mini、AirTag等裝置時折抵。', '2.) 如果申辦時再以iPhone 6以上舊機舊換新，依照估價可再加碼折2千。', '3.) 活動期間購機，並登入Hami Pay App，就可領取Hami市集、神腦生活、SuperBuy商城的點數折價券3100元。', '4.) 搭配5G全資費申辦，可再獲得「5告厚禮」加值服務包，內有Hami Video影劇館6個月免月租、Hami雲端遊戲免費1個月、AR動滋動xUniigym免費2個月、HTC VivoPort Infinity Vista免費3個月、樂客導航王TM版12個月…等5G應用服務的優惠。', '', '活動詳請可參考官網：https://chts.tw/pvFRVL', '', '', '遠傳電信', '遠傳在春節期間推出抽手機折價券，以及用特價搭買福袋的活動。', '1.) 除了持續推出iPhone 13系列的5G方案/ 手機0元外，即日起到2/28止，在遠傳活動網頁參加新春紅包抽獎活動，有機會抽中666元、888元、1688元、最高8,888元的手機加碼折價券。可在申辦心5G 999以上資費時用來再折手機專案價。', '2.) 2/28前在遠傳直營門市，搭配心5G月租999以上方案申辦iPhone 13系列（新申辦、攜碼、續約都可），可以888元帶走總價都超過千元的福袋，共有三種款式（三選一）', '～福虎健康福袋(總價$2,869): 膜力威保貼、台塑抗菌噴霧、台塑抗菌防護六件組(1/20起供貨)；', '～福虎開心福袋(總價$2,460): 膜力威保貼、歡唱麥克風、彈跳樂；', '～福虎暖心福袋(總價$2,438):膜力威保貼、暖手寶、衣物箱香氛袋..等。。', '', '詳情可參考遠傳活動網址： https://bit.ly/3rSOIR6', '', '', '台灣大哥大', '台灣大新年期間推出包括申辦光纖、Pixel 6系列、myVideo…等五大優惠，其中跟iPhone 13有關的', '是在2/28前，以5G 1399以上資費新申裝/攜號/續約iPhone 13系列，就加送2千元momo幣，1 momo幣等於1元，可在momo購物使用折抵。若本就是momo會員的，還可額外享有「mo幣加」優惠，每月在momo消費滿額可額外再獲得momo幣回饋。此外台灣大的月租型用戶，還能享有6個月Apple Music免費試用的資格。', '買了新機後想包膜的，2月底前到台灣大直營門市手工包膜可享有全機九折優惠。', '配件方面，台灣大也已經開賣第三代AirPods，且推出搭配699以上專案（綁約30個月），原價5,990元的AirPods第三代方案價990元。', '', '活動網站在此：https://bit.ly/35v1hKX', '', '', '台灣之星', '台灣之星在一月初就推出春節促銷，到2/28止，申辦iPhone 13系列，搭配月租999以上資費，活動期間的專案價比平常在低3000元。', '如申辦iPhone 13 Pro/ 512GB，999方案綁約36個月，春節促銷期間為2萬8800元，申辦1199方案則為2萬6800元，比平常的手機價要低。', '同時老用戶還可以累加年資優惠，依照資費跟年資不同，還可再多折價1~4千不等。', '', '各款iPhone 13活動價可以參考官方網頁：https://bit.ly/3ucNAdI', '', '', '亞太電信', '亞太的年節促銷主打免抽獎申辦iPhone就送蘋果原廠配件、出示或使用振興券消費再多折一千，以及天天抽5千大潤發禮券的活動。', '即日起到2.28止，在全台亞太門市申辦iPhone 13系列，搭配「5G極速升等」799以上方案，就送MagSafe充電器或AirTag（二選一）。', '若於申辦現場在出示或使用振興券消費，手機方案價就再多折1000元，最高折到iPhone 0元。', '且在2/28前的活定期間，新申辦或續約5G任一方案，天天都會抽出5000元大潤發禮券，這就是任一方案，不限資費級距都可參加。', '', '各規格的iPhone 13專案價可參考活動網址：https://bit.ly/33OiJtv', '', '', '再有收到在陸續更新囉，', '不管你要買空機或搭門號、要不要配件、方不方便出門...等，希望大家可以從各家給iPhone 13的活動，找到適合你的優惠啦。', '', '#祝大家買到好機也買到優惠、買到幸虎～']",2022-01-28
Iphone12 mini 手感佳輕巧但續航力好像差了一截- Mobile01,https://www.mobile01.com/topicdetail.php?f=383&t=6235827,"['如主旨說明', '昨天很開心地接收到Iphone12 mini', '一如既往地如Iphone11 這樣的操作使用', '', '但這耗電量下降得非常有感', '估計4-6小時', '就能耗光100%', '', '不知道其他前輩 有沒有這種感覺?', '', '今天休假會繼續測試、體驗看看', '', '———————分隔線————————', '', '早上跑一趟台南行車時間約49分', '網路設定4G(沒開啟5G)', '', '只做網路分享給iPad pro', 'Google導航', '這兩件事情', '大約耗電量30%', '', '回程時還會在測試一次...', '', '———————分隔線————————', '', '原本回程要再測試一次耗電量', '結果電量僅剩22%', '無法做第二次的耗電量測試', '開了約52分鐘的導航 + 網路分享', '小米車充（非快充）', '電量從22%充至81%', '', '假設未來要出門', '可能要在隨身攜帶一個薄行動電源', '來維持mini電量🔋', '', '想必只能這樣取捨了⋯⋯']",2020-11-14
三月的iPhone綠意盎然～兩款新綠iPhone 13週五可預購下週上市 ...,https://www.mobile01.com/topicdetail.php?f=383&t=6554017,['今年蘋果又在春天推出iPhone新色了，不過今年的iPhone 13春季色，不是花開粉嫩的淡色系，而是偏一點大地系的綠，iPhone 13系列和Pro系列的顏色還不太一樣。iPhone 13 Pro、Pro Max的叫「松嶺青色」...帶金屬光澤跟一點灰綠，小高冷；而iPhone 13、13 mini就叫綠色（怎麼不好好取名），偏草綠，或說高中新生書包綠？四種型號、兩款新色都是這週五（3/11）可以預購，3/18開始供貨。iPhone 13 Pro系列的松嶺青色，機身表面提到有用奈米級金屬陶瓷多層次堆疊打造，所以光澤感會蠻細緻的，鏡頭區有同色系底座，鏡頭外圍也鍍上更有光澤的綠，小地方配色很細心。iPhone 13系列的綠色，背面玻璃和邊框鋁金屬都是一樣的深淺，鏡頭外環也有同樣的綠，光澤層次沒那麼多，比較一體的綠。連同iPad Air 5的顏色，今年的新色好像都摻了一點點灰的感覺，就算是明亮系大自然色，也都顯得成熟質感一些， 這是一種怎樣的意境呢～'],2022-03-09
12 mini的手感很好，不過螢幕太小，13出來後我應該不會再買mini了 ...,https://www.mobile01.com/topicdetail.php?f=383&t=6401270,"['我一直很喜歡用小螢幕的手機，一手掌握好操作，放口袋也不會太大太重，從4代用到現在，我都買小螢幕的，直到10代沒得選才不的已換成大一點的螢幕。', '不過有年紀了，眼睛也沒有年輕時好，但去年底12代上市的時候，我還是選了mini，用到現在，就是單手掌握方便，放口袋不會有負擔，可是續航力真的不太行，而且螢幕太小也越看越吃力。', '前幾天順道經過蘋果專賣店去試了一下手感，max真的太大，一手使用非常不舒服，，重量也重不少，不適合放在口袋，pro或12的體積、重量好不少，螢幕也大了些，看起來比較不吃力，續航力也好一點，希望13出來，重量可以輕點，小螢幕手機的時代真的感覺回不去了。']",2021-07-01
iphone 12 mini VS iphone SE 電池續航力比較- Mobile01,https://www.mobile01.com/topicdetail.php?f=383&t=6252146,['如題，想買其中之一，我重點在續航力，其他差異也歡迎分享。'],2020-12-03
IPHONE 13 PRO MAX 鏡頭好高，求推薦外殼高度高於鏡頭，且可以 ...,https://www.mobile01.com/topicdetail.php?f=383&t=6467222,"['各位大大好~', '上週六寄來了新購買的IPHONE 13 PRO MAX', '馬上跑去家附近的手機殼店', '安裝了新殼後，新手機馬上服役', '', '這一次13 PRO MAX的鏡頭真的好突', '買的手機殼高度竟然不夠高', '而且只有鏡頭處有突起', '導致放在桌面上划手機', '手機會像翹翹板一樣...', '鏡頭保護貼都會嚕到桌面...', '', '如圖所示', '', '', '', '請問大大們，有殼的高度是足夠而且背板能夠平放在桌上的手機殼相關推薦麼?', '在下感激不盡~']",2021-10-05
不到2.4萬就可入手！iPhone 13四款機型台灣售價曝光- Mobile01,https://www.mobile01.com/topicdetail.php?f=383&t=6446019,"['不到2.4萬就可入手！\u3000iPhone 13四款機型台灣售價曝光', '【⚆ᴥ⚆】最萌毛孩站出來！2萬大獎等你拿', '', '記者廖婕妤／綜合報導', '', 'iPhone 13將在本月登場，關於外觀、功能及售價的傳聞不斷流出，先前曾傳出頂規版要價逼近7萬元，但根據最新的爆料指出，入門款iPhone 13 mini約新台幣23900元起，頂規版iPhone 13 Pro Max最貴則約為新台幣57400元。', '', '▲iPhone 13 Pro渲染圖。（圖／翻攝自微博／李沛超）', '', '▲iPhone 13系列售價流出。（圖／翻攝自微博／李沛超）', '', '有中國爆料者在網路上透露iPhone 13系列4款機型售價，換算成新台幣分別是：', '', 'iPhone 13 mini', '64GB：新台幣23900元', '128GB：新台幣25500元', '256GB：新台幣29000元', '', 'iPhone 13', '64GB：新台幣26900元', '128GB：新台幣28500元', '256GB：新台幣32000元', '', 'iPhone 13 Pro', '128GB：新台幣33900元', '512GB：新台幣41400元', '1TB：新台幣53400元', '', 'iPhone 13 Pro Max', '128GB：新台幣37900元', '512GB：新台幣45400元', '1TB：新台幣57400元', '', 'iPhone 13Pro系列捨去256GB版本，一口氣升級至1TB，因此售價逼近6萬元。不過，也有中國網友爆料iPhone 13 Pro Max 1TB售價為人民幣14099元，若是以今日匯率換算，大約為新台幣60500元，與上述的57400元大約價差3000元左右，因此實際的售價可能還是落在6萬元上下。', '', '蘋果秋季發表會將於美東時間9月14日舉辦，9月17日為電商平台開始接受預購的日子，真正開賣日則為9月24日。', '', 'iPhone 13系列將搭載A15仿生晶片，性能比、續航力將大幅提升，螢幕瀏海設計將縮小，Pro系列將支援120Hz螢幕更新率；外觀方面，基本款的iPhone 13兩款機型傳至少有4種以上繽紛色系可選；高階的iPhone 13 Pro兩款機型據傳將有8色可選。']",2021-09-03
iPhone 13 發佈會、新功能、日期、價錢消息全合集- Mobile01,https://www.mobile01.com/topicdetail.php?f=383&t=6449264,"['iPhone 13 要來啦~~~', '', '', 'Engadget', '', '萬眾期待的 iPhone 13 系列，也終於有望在下週登場了。這一年下來，對於 Apple 會怎樣配置這款手機，外界都有很多的消息、傳言。這會 Engadget 中文版就來整理一下，讓大家可以有個更完整的概念。', '', 'Apple', '', '發佈會日期', '目前唯一獲得官方確認的，就是 Apple 將會在我們這邊的 9 月 15 日凌晨 1 點舉行活動，其主題為「加州來電」（California streaming），大家可以透過 Apple 官網、YouTube 觀看直播，當然也可以靜候我們 Engadget 中文版編輯為大家整理好的各篇文章啦。', '', 'Engadget', '', '新型號？新功能？', '據最新一個來自 FCC 的資料來看，Apple 將會推出四款新機，相信會是 iPhone 13、iPhone 13 mini、iPhone 13 Pro 和 iPhone 13 Pro Max，各自對應現役的 iPhone 12 四款機型。至於 Pro 款的特長，大概就是坊間有指 Apple 會加強錄影性能，包括引入錄影模式下適用的人像模式和 ProRes 格式。', '', '另一邊廂，有多個消息來源都指 Apple 會在新 iPhone 上應用 120Hz 新流暢度的 LTPO 面板，但考慮到成本，也有可能是 Pro 款獨有。不過 Always On 長亮顯示的功能，就有可能是在全系列手機上加入，畢竟還是軟體功能而已。', '', '說到螢幕，包括郭明錤、Mark Gurman 等都有提到，iPhone 13 或將有更細小的額頭瀏海，也就是包括前置相機、Face ID 元件等的 TrueDepth 相機模組。這是在 iPhone X 開始就沿用之今，說起來也已經用了三年，有改變也是合理的。', '', '最近期的一個爆料，就是 iPhone 13 將會支援低軌道衛星的通訊功能，讓使用者在緊急狀態下，可以透過衛星來撥打求救電話和訊息，但這功能也希望大家用不上了。', '', '推出日期、價錢', '目前是沒有太多有關新 iPhone 13 系列的推出日期和價錢消息。按照往常的做法，Apple 會在發佈後的數天就首先在首波的市場進行預售，同月月底正式上架。所以我們可以參考是在 9 月底的時候就能收到新手機吧。', '', 'Engadget', '', '其他東西', 'Apple 發佈會上當然不止會有 iPhone 13 一個產品，慣例的還會有 Apple Watch 的更新，按理就會是 Apple Watch Series 7，螢幕和機身都會相應變大，同時更可能應用 U1 晶片，加入超寬頻定位技術，提升 Find My 的實用性。', '', '另外 iPad 和 iPad mini 也有一段時間沒有更新，這入門級的基礎平板電腦，可能也會適當地升級一下效能吧。', '', '來源：https://engt.co/38OyBuS']",2021-09-09
大家是不是都用iphone? - Mobile01,https://www.mobile01.com/topicdetail.php?f=393&t=6607817,['你們覺得iphone型號差別最大是在哪裡？我在考慮要買哪一台給家人'],2022-06-13
小機身買誰划算? - Mobile01,https://www.mobile01.com/topicdetail.php?f=383&t=6455847,"['IPhone12 mini', 'IPhone13 mini', 'IPhone SE', '', '請問各位現在入手哪隻比較划算?']",2021-09-19
請問一下.IPHONE 13 PRO MAX螢幕亮度問題（已解決） - Mobile01,https://www.mobile01.com/topicdetail.php?f=383&t=6459440,"['昨天剛拿到手', '我把自動調節螢幕亮度的功能關了', '可是螢幕還是會自己變暗.但不是馬上', '都是一段時間沒用.然後再拿起來用的時候就發現螢幕亮度又自己調暗了...', '是有問題還是本來就這樣??', '', '我剛從I8+換上來...並不是很清楚後面幾代是不是都這樣', '至少I8+沒這問題']",2021-09-25
UAG x iPhone 13新款保護殼搶先報｜嶄新材質設計、強化MagSafe ...,https://www.mobile01.com/topicdetail.php?f=383&t=6452828,"['稍早前 Apple iPhone 13 系列也終於是登場了，這次大抵來說有點小改款的味道，雖然外觀上差異不大啦～當然每年一定都會登場的 UAG 系列保護殼，趁著剛發表之時，也挑幾款這次因應 iPhone 13 同步發表的 UAG 新系列款式給大家聞聞香，當然之後也會針對其他既有的經典款式做開箱！', '', '這次 UAG 一樣是找來了知名演員吳慷仁來代言，可以看到左下角的代言人圖案也變得不一樣了.....這次的慷仁（裝熟？）看起來反而是有點習慣 UAG 的硬派保護力，顯得一派輕鬆，而本次 iPhone 13 系列，先用模型機拍攝形象的狀況可以發現，基本上尺寸跟 iPhone 12 都能沿用，不過按鍵位置，以及大亮點的相機提升（主要是感光元件位移式防震下放），其實是可以裝，但無法正常使用的，畢竟都要換機了，保護殼不換個新的也說不過去吧？', '', '', '與去年相同，今年 UAG 也再度跟吳慷仁攜手拍了段形象影片，這邊就來造福一下女網友.....', '', '', '▌PLYO 全透明系列', '', '首先是 PLYO 全透明系列，這次在 iPhone 13 也迎來了新款式「極透明」款，在手機與相機模組的邊框也變透明了。如果是喜歡呈現手機原汁原味，或是想在夾層放個貼紙之類的正合適，不過在 iPhone 12 時也有一個類同的款式「全透明」，主要的差異在於，全透明的邊框有點霧灰感，這次的極透明就是真的透明了。而這次 PLYO 的設計也與前代稍有不同，先賣個關子。', '', '', '可以看到負責保護的邊框處真的是透明的！先不要覺得看外型，就一副好像 Android 機種會送的軟質清水殼一樣，畢竟都是 UAG 了，這個殼其實看起來，比你想像的還要硬.....。', '', '', '這邊也拿去年 iPhone 12 的「全透明」，邊框可以發現其實是有點霧霧灰灰的，好我知道大家沒有看到什麼手機', '', '', '接下來是 iPhone 13 的「全透明」版本，看到這邊先不要覺得我在騙人，這哪裡全透明！？這次 iPhone 13 的全透明款，就是把原本前代比較霧灰的邊框，直接給你變成黑色！如果搭配深色系的手機塗裝，其實看起來也是別有一番滋味。加上常常碰撞的邊框，直接深色可能也會減少損傷，以及使用久了泛黃的可能性吧？', '', '另外，其實這次 iPhone 13 的 PLYO 系列，可以看到在機背兩側的收邊上，內側其實是有點弧度的，不像 iPhone 12 是以直線呈現，感覺多了份設計感。', '', '', '邊框相較極透明，就真的是以幾乎不透的黑色作為呈現了。', '', '', 'PLYO 透明系列的最後一款，則是上面提到的極透明與全透明，不過多了 MagSafe 的支援版本，規格都是一樣的，就是差在 MagSafe 的延伸標籤，有了它就能讓保護殼能以更棒的功率與磁吸，像我自己現在都是要充電時用裸機，有時下班就忘記裝殼.....', '', '', '▌STANDARD ISSUE 輕薄矽膠 / CIVILIAN 簡約', '', '緊接著是本次 UAG 全新推出的 STANDARD ISSUE 輕薄矽膠系列，就外觀來看的話其實蠻像先前推出過的 CIVILIAN 簡約款；但改以親膚與抗菌防污的液態矽膠材質，實際摸起來跟簡約系列相比手感其實柔滑相當多外，X 字的內層設計也以 UAG 著名的蜂巢結構做點綴。', '', '', '保護殼內層是以防止刮傷手機的絨毛設計，也有 MIL STD 810G 516.6 的軍規認證字樣。', '', '', '可以看到 STANDARD ISSUE 輕薄矽膠系列的設計，基本上除了材質不同與外顯的蜂巢結構設計，基本上跟簡約款設計差異不大，同時在機頂與機底也用了突起的吸震緩衝設計。', '', '', '除了藍色款，STANDARD ISSUE 輕薄矽膠系列還有百搭的黑色跟軍風感十足的綠色。', '', '', 'CIVILIAN 簡約款本次 iPhone 13 一樣有黑、綠、藍、灰四色之餘，本次也多了一個透明款式。說是透明其實本身反而是有點霧霧的半透明設計，頗有目前潮流品牌愛用的半透明材質感受。不過相較其他顏色的 CIVILIAN 簡約感款式，透明版本的差異是內層的蜂巢式結構變得清晰可見，中央的三行 UAG 字體也取消了。', '', '', '▌MONARCH 頂級系列', '', 'UAG 保護殼的頭牌擔當，自然是 MONARCH 頂級系列了！本次 iPhone 13 版本除去曾出過的紅金、碳黑、極黑與藍色之餘，這次新增高級中的高級版：頂級特仕版 - 軍用黑！除了內層是採用 Kevlar克維拉防彈纖維材質之餘，在外層支架邊緣也多了五個小紅點。', '', '', '內層一樣是採用蜂巢結構，不過設計上比較不同。保護力自然是不用再做強調的，畢竟都可以搬出保固十年.....都可以換到 iPhone 23 了（？）', '', '', '近看頂級特仕版 - 軍用黑的邊緣一樣有裝飾用的星型螺絲，中央的 UAG 雕刻相對低調之餘，重點就是在內側的克維拉防彈纖維，以及支架的小紅點了。', '', '', '其實跟其他頂級系列款式比起來，頂級特仕版 - 軍用黑比較偏消光的塗裝，整體來說是走一個低調的王者風格啊！', '', '', '▌METROPOLIS LT. 都會系列', '', '再來是 iPhone 12 時登場的 METROPOLIS LT. 都會系列，這次 iPhone 13 也一樣有得選！共有軍用綠、軍用黑兩種款式，以中央大面積的編織，搭配機頂、機底的拼接方式打造，喜歡極簡風格的朋友也不容錯過！', '', '', '保護殼內側也一樣是採取蜂巢結構的防震結構。', '', '', 'UAG 針對 iPhone 13 的保護殼，其實不少是以前代的經驗來去做小升級。除了剛剛的 PLYO 全透明系列，這次在 METROPOLIS LT. 都會系列上，也加入 MagSafe 版本，實用與美觀一次兼顧！', '', '', 'MagSafe 版本則是可在內側看到專屬的磁力機構。', '', '', '我自己目前用的就是 iPhone 12 Pro 的 METROPOLIS LT. 都會系列，MagSafe 對準角度平放是可以吸，但磁力很弱之餘，充電的效率也會受到影響。', '', '', '▌PLASMA 透明系列', '', '下來是跟 MONARCH 頂級系列設計類似，不過中央區域改為透明材質的 PLASMA 透明系列，共有透明、透黑、透藍與本次開箱的透綠，整體顏色走向為螢光感，適合喜歡高調風格的朋友。', '', '', '由於透明的關係，也看到內層的蜂巢狀結構，這點設計倒是跟 MONARCH 頂級系列蠻像的。', '', '', '透明區域不僅包覆保護殼的中央區域，側面的中下緣也有覆蓋到。', '', '', '▌U by UAG 系列', '', '最後一樣是 iPhone 12 時登場，比較偏以女性為主的 U by UAG 系列。這次系列中也有兩款全新產品，第一款為「DOT 矽膠系列」。材質與剛剛介紹的 STANDARD ISSUE 輕薄矽膠系列相同，都是以親膚、防汙與抗菌的矽膠，不過機背改以大小各異的圈圈做設計，密集恐懼症的的朋友先跟您道個歉.....。', '', '', '內層一樣是防刮的絨毛設計，並有""strong is BEAUTIFUL"" 「美力，由妳而定」的字樣。', '', '', 'U by UAG 系列與本家產品最大的差別，就是設計上會比較年輕、甚至是女性為主。不過 UAG 本身的陽剛氣息就蠻重的，以我自己來看，其實 U 的風格反而是中性一點，自己喜歡就好啦～', '', '', 'U by UAG 矽膠系列可選顏色款式也相當豐富！共有紅、藍、黃、綠、白、黑六色。', '', '', '本次搶先看的最後一款，也是 U by UAG 全新推出的 DIP 雙彩透明系列。顧名思義就是將保護殼分割成上下兩層，其實蠻像早期 Pixel 手機的設計風格。一樣有紅、藍、黃、綠、白、黑六色，這次開箱的則是黑；而上方的透明區域也不是完全透明，近看會有密集排列的點狀設計。', '', '', '另外，DIP 雙彩透明系列在底部也具備雙吊繩的孔位設計，可以自行搭配喜歡的配件來做其他收納用途。', '', '', '本次礙於時間關係，這次 UAG x iPhone 13 的介紹比較偏向重點新品。老網友應該也知道後續一定會有更詳細的開箱（還會有美眉助陣），就請繼續支持吧！', '', '', '首圖設計：Sharon']",2021-09-15
