Post Title,Link,Content
處處被看著？必備防窺配件推介,https://chinese.engadget.com//protect-privacy-phone-laptop-20-080313177.html,"['Engadget 編輯團隊致力為你蒐羅優質產品及優惠價格，文章內部份連結商戶與 Engadget 有合作關係，定價及供應量有機會更改，一切以商戶最新資料為凖。', '隨著科技進步，處理不同事情幾乎都在筆電、手機等裝置中進行，不論是輸入密碼或是跟別人聊天，在人口稠密的地方總覺得很容易被人看見，四下無人又會擔心被駭客入侵，導致私隱洩露。這時候防窺保護貼、鏡頭保護蓋都能派上用場。', '防窺保護貼可以讓一定視角範圍外的旁人無法窺看熒幕內容，左右兩邊看到的只是漆黑一片，不用擔心密碼、訊息等暴露在窺視的目光中。', '撥動式的鏡頭保護蓋可以覆蓋手機、平板或筆電的前置鏡頭，即使不小心被駭客入侵，也能夠有效防止私隱洩露。當需要使用前置鏡頭時，只需輕輕一推即可，日常使用也不會阻礙使用 Face ID 解鎖。', '']"
Moment 推出售價 US$99 的 MagSafe 版 Mobile Filmmaker Cage 兔籠,https://chinese.engadget.com//moments-mobile-filmmaker-cage-will-level-up-your-smartphone-filmmaking-100002528.html,['MagSafe 版 Mobile Filmmaker Cage 適用於 iPhone 12 和 13 系列，更舊的 iPhone 機種就需要配合 MagSafe 保護套才能使用。它的售價是 US$99，目前已上架 Moment 官網。']
就是今晚！全新松嶺綠色 iPhone 13 Pro 開始接受預訂,https://chinese.engadget.com//apple-green-iphone-casetify-100032407.html,"['Engadget 編輯團隊致力為你蒐羅優質產品及優惠價格，文章內部份連結商戶與 Engadget 有合作關係，定價及供應量有機會更改，一切以商戶最新資料為凖。', '今天晚上 9 時，松嶺綠 iPhone 13、13 Pro 便會開始接受預訂，有興趣的用家可以從下方的連結前往官網下單。', '但亦有不少用家早就擁有 iPhone 13，如果只為了配色而購買一部同型號的新手機，相信有不少用家也會望而卻步。Casetify 上就有著不少綠色的手機殼，可以帶給手機提供卓越的防護性能，包括防摔以及能夠消除 99％ 細菌的 Defensify 抗菌塗層，美觀和實用兼備。', '']"
Apple 2022 首波新品總整理：Mac Studio、5G 版 iPhone SE、M1 版 iPad Air,https://chinese.engadget.com//apple-march-2022-event-what-to-expect-070044247.html,"['早安！如果你錯過了昨晚 Apple「Peek performance」產品發佈會的話，可以看看我們為大家準備的懶人包喔。其實這次大部分產品都是預料之內：iPhone SE 終於推出 5G 版（嗯，還保留了現在大家最愛的 Touch ID），iPad Air 來個升級版，而 Mac mini 的大哥 Mac Studio 也誕生了，更可配搭最新專業顯示器 Studio Display。雖然 M2 處理器沒有現身，但是蘋果還是發表了由兩顆 M1 Max 合併而成的 M1 Ultra，好讓個子小小的 Mac Studio 帶來驚人的性能。', 'M1 Ultra 是最後也是最強的一款 Apple M1 晶片', '這次 Apple M1 處理器家族迎來了最後一名成員 M1 Ultra，同時它也是 Apple Silicon 至今為止最強的存在。簡單來說，你可以把 M1 Ultra 看成是兩顆 M1 Max，Apple 是利用最新的 UltraFusion 多晶粒架構實現了雙 Max 晶片的拓展。', '', 'Mac Studio 是全新 M1 Ultra 晶片的示範作', '就如雙層式 Mac mini 一樣的高度，Mac Studio 最高可選剛剛 Apple 同場發表的 M1 Ultra 晶片，高達 20 核心 CPU、64 核心 GPU，統一記憶體也能選到 128GB 之多。', '蘋果的 27 吋 5K 解析度 Studio Display 內建了一顆 A13 Bionic 處理器', '與 Mac Studio 同時推出的，還有 27 吋的 Studio Display 顯示器。這個全鋁合金機身的顯示器，有著 5K 的解析度、600nits 亮度、P3 廣色域、以及 True Tone 技術，但更有趣的是，它還內建了一顆 A13 Bionic 處理器。', 'iPhone SE 3 正式到來，全面進入 5G 時代', '經典帶 Touch ID 主頁鍵的 iPhone 樣子能夠再戰多年。就如過去的升級，iPhone SE 3 重點升級是在晶片的部分，這會是跟進了使用 iPhone 13 系列同級的 A15 仿生晶片，因此這款小手機也自然會加入 5G 能力了。', '松嶺綠 iPhone 13、13 Pro 登場！3 月 18 日開賣', '果不其然，在這次的春季新品發表會上，Apple 為 iPhone 13 和 13 Pro 帶來了新的配色。綠色是你杯茶嗎？', '新一代 iPad Air 升級 M1 晶片', '蘋果今天發表了新一代的 iPad Air，基本上是在維持了原本 iPad Air 的外觀的同時，對其內升級了 M1 晶片。', 'iOS 15.4 下週到來，可以戴著口罩用 Face ID 了', '早些時候 Apple 對外證實 iOS 15.4 的正式版將會在下週正式上線，而其最受關注的改進，顯然就是讓 iPhone 用戶可以戴著口罩解鎖 Face ID 的功能。', 'Apple 停產 27 吋 iMac', '隨著今晨新品的推出，Apple 也正式確認了停產 27 吋 iMac 的消息。也就是說，目前的 iMac 產品線就只剩下了去年推出的 24 吋 M1 型號。', '台灣優惠資訊：']"
松嶺綠 iPhone 13、13 Pro 登場！3 月 18 日開賣,https://chinese.engadget.com//apple-announce-green-iphone-13-iphone-13-pro-182043779.html,"['更新：新的松嶺綠色將於 3 月 11 日起接受預訂， 3 月 18 日開始發售，iPhone 13 Pro 由 HK$8,499 / NT$32,900 起，iPhone 13 和 iPhone 13 mini 由 HK$5,999 / NT$22,900 起。']"
蘋果可能已在 iPhone 13 上取消了內建的降噪功能,https://chinese.engadget.com//apple-has-reportedly-killed-noise-cancellation-on-the-i-phone-120037054.html,"['iPhone 13 的消噪功能是屬於輔助功能之一，其用意是在使用手機的聽筒講電話時，用手機內建麥克風來降低週遭的噪音，有助於聽力不佳的使用者更清楚聽見對方的語句。這個功能與降低通話對方聽到的雜音的語音隔離（Voice Isolation）功能不同，也無關具備主動式降噪的無線耳機的使用，這兩者皆不受影響。關於消噪功能是否被移除的疑問，自從 iPhone 13 開賣以來就有出現在 Reddit 及蘋果的支援論壇上，特別是在用戶發現升級到 iOS 15 後舊款的機種都還保有了這功能，僅僅 iPhone 13 沒有，顯然這並不是個軟體上的問題。', '蘋果的許多輔助功能其實對於一般用戶來說也都很實用（輔助觸控好像就很受歡迎，被當成一個可以隨意在螢幕上亂丟的快捷鍵），而消噪功能也是如此。希望蘋果能早日給我們一個官方的說法囉。']"
新年換新機，入手紅色 iPhone 13 應節又行善,https://chinese.engadget.com//apple-iphone-productred-new-year-060028918.html,"['Engadget 編輯團隊致力為你蒐羅優質產品及優惠價格，文章內部份連結商戶與 Engadget 有合作關係，定價及供應量有機會更改，一切以商戶最新資料為凖。', '']"
iPhone，15 歲生日快樂！,https://chinese.engadget.com//iphone-15-%E9%80%B1%E5%B9%B4-anniversary-163827093.html,"['為了慶祝這個里程碑，讓我們一起來回顧過去的每一款機種，並且談談它們每一代的特色吧！', '一年後登場的 iPhone 3G，帶來了 3G 網路、AGPS 以及最重要的 App Store，讓它首度有了現代智慧型手機基本的 app 安裝及行動上網的能力，而不像一代 iPhone 主要靠 WiFi 上網。', '3GS 在外觀上與 3G 幾乎相同，不過也加入白色版本。這是蘋果第一次在 iPhone 的命名中加入「S」來代表外觀不變的硬體升級。3GS 升級了 3MP 的主鏡頭，並且首度支援了 HSDPA。', '2010 年的 iPhone 4，是 iPhone 首度在外觀上的大改版，首度加入了垂直的不鏽鋼邊框及玻璃背板。它的 3.5 吋螢幕有著 326ppi 的密度，是蘋果首度在產品上冠以「Retina」顯示之名；而在正面上它也多了個 VGA 解析度的前鏡頭，並將後鏡頭升級到了 5MP，還引入了陀螺儀和 microSIM 卡。', ""不過，想必大家對於 iPhone 4 印象最深的，還是它的天線收訊會受到握持的方式所影響一事，也就是俗稱的「天線門」事件。到今天賈伯斯的名言「you're holding it wrong」（你的拿法不對）依然是科技公司死不承認錯誤，反而怪在消費者身上的代名詞。"", '這一代又是外觀與前代相同，不過蘋果重新設計了天線位置來加強接收，所以中框上的切線位置略有不同 。這是 iPhone 上首度引入了 Siri 助理，並且將後鏡頭升級到了 8MP。', 'iPhone 5 保持了 iPhone 4S 的基本構型，但是做的更薄了一點，且將螢幕大小提高到了 4 吋，是 iPhone 推出這麼多年來，第一次螢幕加大。iPhone 5 也是首度引進了 Lightning 連接埠來取代舊的 30pin 呢。', 'iPhone 5s 再度延續了 iPhone 5 的基本外觀，但是首度引進了 Touch ID，並新增了金色選項，開啟了金色手機的濫觴，這也是首度在系列中加入了雙色（True Tone）LED 閃光燈，並且將 iPhone 系列升級到了 64 位元的處理器。', 'iPhone 5c 是同時推出的「低配」型號，也是 iPhone 系列首度在同一個年度推出超過一款機種。在此之前蘋果大多是選擇將前代降價做為低配選擇，但在 5c 上蘋果選擇了停產 iPhone 5，由 5c 取代。5c 大體上採用與 iPhone 5 相同的內部硬體，只是將背殼由金屬改成了多彩的聚碳酸酯，明顯主打較年輕的族群。', 'iPhone 6 是蘋果首度同時推出兩種不同的螢幕大小，也是首度在名稱中加入了「Plus」。在外觀上，iPhone 6 捨棄了延用三代的 iPhone 垂直機側，又換回來圓角的機側，並且在背後有兩條厚厚的膠條，在當時引起了相當兩極的評價。由於 iPhone 6 太大太薄，在當時也曾一度有過用戶把手機放到後口袋然後一坐就折彎的事件發生，被稱為「bendgate」。iPhone 6 也是 iPhone 系列中首度加入了 NFC 的功能。', 'iPhone 6S 完全接續了 iPhone 6 的外觀，也是後賈伯斯時代的首支手機。除了內部硬體的加強之外，在外部 6s 也採用了更硬的金屬合金，來抵抗彎折。這也是蘋果的首支具備 3D Touch 機能的手機。', 'iPhone 7 再次延續了 iPhone 6 的設計，不過很「勇敢」地拿掉了 3.5mm 耳機孔，也開啟了智慧手機不再提供 3.5mm 耳機孔的先河。到現在已經差不多 5 年過去了，好像還是無法有個定論耳機孔究竟是需要還是不需要？iPhone 7 首度為系列帶來了雙鏡頭的配置，在 iPhone 7 Plus 上搭載了兩顆 12MP 的感光器，一個負責一般廣角焦段，另一個則是 2X 光學變焦了。', '同樣是 2016 年，蘋果發表了 iPhone 5s 的外觀，但內建了 6s 和 6 Plus 的部份內部組件的 iPhone SE，做為新的低配機種，並且滿足小螢幕用戶的需求。', '至於 8 和 8 Plus 則是延續 iPhone 7 系列的外觀，一般被視為是與「7s」同等，但蘋果卻決定加了一個數字。不過雖然在內部硬體上有所升級，但就沒有什麼特別值得一提的新功能加入了。', 'iPhone XS 為前一年的 iPhone X 的硬體升級版本，並且以相同的基本設計為基礎，再推出了加大的 XS Max，更是首次提供 512GB 型號。同時推出的 iPhone XR 採用 LED 面板再加上多彩背板，不過除此之外倒是沒有什麼太大的不同。', 'iPhone 11 Pro 和 Pro Max 為系列首度帶來了廣角、超廣角及望遠三攝系統，以及已經差不多成了 iPhone 標誌的三角形鏡頭排列。這也是蘋果首度在 iPhone 產品線中引入「Pro」的稱號，並且採用霧面玻璃背面材質。', 'iPhone 11 則是三台當年機種中的低價款式，並且採用 LCD 面板，因此更像是 XR 的後繼機種。相較於 XR 來說，iPhone 11 倒是多了顆超廣角鏡頭，為雙鏡組合的配置了。', 'Apple 在 2020 年 4 月又來一次「舊瓶新酒」，推出了採用 iPhone 8 外觀的二代 iPhone SE。這款手機保留了原有的 4.7 吋 Retina 螢幕、Touch ID 鍵、Qi 無線充電及 IP67 防塵防水特性，更兼容 iPhone 7、8 的保護殼。處理器則由 iPhone 8 的 A11 Bionic 換到 iPhone 11 的 A13 Bionic，所以新增了 Wi-Fi 6、藍牙 5.0、Gigabit LTE 等多項連線技術的支援，並帶來流暢的 AR 和物件辨識表現。', 'Richard Lai 也爲此文章作出貢獻。']"
風格實用兼備！精選推介手機掛繩、手機帶,https://chinese.engadget.com//phone-strap-and-cases-090013408.html,"['Engadget 編輯團隊致力為你蒐羅優質產品及優惠價格，文章內部份連結商戶與 Engadget 有合作關係，定價及供應量有機會更改，一切以商戶最新資料為凖。', '時下很流行採用掛繩把手機掛上身上，對於冒失、常遺失的人來說的確是個不錯的方法，還可以騰空雙手方便行動。不少女生也因下裝沒有口袋，採用這個掛帶的方式把手機配戴外出，而且還能以多不勝數的掛繩款式來配合穿搭風格，一舉兩得。', '這次 Engadget 中文版便帶來了 Pinkoi 上數款手機殼掛繩供大家參考，不管是自用還是送禮，它們亦是不錯的選擇。', '這款 The Layers 推出的手機殼掛繩採用了幾何紋路配色設計，時尚獨特，配合手機掛片可套用在任何手機殼上。另外它還可以自由調較至適合你的長度，佔用的位置也不會阻礙充電。', 'Bitplay 推出的 Wander Case 十分輕薄，但其實它已通過美國軍規 MIL-STD 810G 落摔測試標準，全透明背蓋亦具有防刮傷效果，拿在手上不怕意外損傷，輕盈與保護兼顧。同時它亦擁有金屬光澤的獨立音量鍵等，按下時的回饋紮實。另外 Bitplay 會在這項產品中附送一條掛繩，以供配戴使用。', '這款減壓手機側背帶採用全皮革製成，並加厚了頸繩上方的部份，長時間配戴時可幫忙紓緩肩頸部壓力。另外它亦被設計為可調整長度，不論是掛在頸上、側背或單肩配戴都可隨意輕鬆轉換。', '最後為大家介紹的這款 D-Strap 並不是把手機掛在身上的背帶，而是靠貼在手機殼上，以彈性布帶套住手指，以免不小心脫手弄掉電話。另外它還可以把 AirPods 殼放中布帶內當作手機支架使用，方便看影片時使用。包裝裡有完整的安裝套件，包括兩張不留痕的 3M 膠貼紙，以供用家安裝及替換。', '']"
Apple 將提供 DIY 維修零件套件，讓你自行修好 iPhone 13、12 和 Mac 電腦,https://chinese.engadget.com//apple-announces-self-service-repair-kit-151224215.html,['有追蹤 iFixit 拆機報告的大家，都大概知道 Apple 的產品為了緊湊性和善用每一吋空間，很多部分都只是用黏合劑來拼合，所以過去的機器在打開之後都難以完全還原。所以能夠讓一般消費者可以像原廠，或是授權維修人員一樣可以把 iPhone 拆開、維修，就證明了 Apple 有自信可以弄出一套簡單易行的維修手冊，同時零件也足夠簡便地進行更換才可以吧。']
Casetify 雙 11 限定折扣，買得多減得多最高 75 折,https://chinese.engadget.com//20211110-casetify-1111-120053841.html,"['Engadget 編輯團隊致力為你蒐羅優質產品及優惠價格，文章內部份連結商戶與 Engadget 有合作關係，定價及供應量有機會更改，一切以商戶最新資料為凖。', 'Casetify 在今年雙 11 推出超強限定折扣優惠，現在到官網購物，凡購買一件商品享九折、兩件享八折、三件或以上更可享達 25% 的折扣優惠，當中如果購買特強防摔手機殼的款式，單件便已享有 15% 的折扣！折扣會於 11 月 12 日結束，趁機盡情以優惠價搭配自己喜愛的手機配件。', '順帶一提，有關折扣不適用於聯乘系列，而且受條款及細則約束，詳細內容可查詢 Casetify 官方。', '為進一步加強保護性能，Casetify 的特強防摔手機殼在 4 個邊角添加了qìtech2.0 抗震物料，在測試中更達至驚人的 9.8 呎（約 3 米）掉落高度而無損。在物料方面它以 65% 回收物料及植物性物料製成，可支援使用無線充電。另外它們亦外層塗上 Defensify 抗菌塗層，有效消除 99% 細菌，在保護電話的同時保護你的身體健康。', '竹纖維可分解再生手機殼採用了 Casetify 研發的 ecotify 素材製成，融合生物聚合物、澱粉和竹子，能 100% 分解成二氧化碳、水和其他天然礦物質，不會殘留任何毒素，保護環境出一分力。它亦通過了 6.6 呎（約 2 米）防摔測試，提供足夠的保護性能。除此之外，它也支援無線及 MagSafe 充電功能，確保你能利用最方便的方式回復手機電力。', '著重儀容的你也可以選擇這款鏡面手機殼，它採用電鍍塗層聚碳酸酯製成，在不使用玻璃的情況下也能做到與鏡子相同的效果，能讓愛美的您在旅程中更方便整理儀容。鏡面手機殼在保護力方面亦不可看輕，它就通過 5 英尺（約 1.5 米）的跌落測試，不用擔心失手一碰就碎裂。', '液體流沙手機殼以熒光系色調以及可個性化的特點，打造出亮眼吸睛的設計，現在你可以從四款精選的雙色配搭中選擇，成為眾人目光中心外，以熱塑性聚氨酯製作的防震保護邊框亦能保證保護性能。', '']"
蘋果將解決 iPhone 13 非原廠螢幕導致 Face ID 無法使用的問題,https://chinese.engadget.com//apple-iphone-13-face-id-screen-replacement-fix-070029284.html,['現在蘋果如果能由軟體更新來解決的話，似乎並不是個硬體上進行的限制。希望真的和之前說的一樣，只是個「bug」，而非蘋果刻意在防範第三方維修服務了。']
最佳禮物系列：五款可客製化手機殼展示貼心和個性,https://chinese.engadget.com//20211021-pinkoi-custom-123032635.html,"['Engadget 編輯團隊致力為你蒐羅優質產品及優惠價格，文章內部份連結商戶與 Engadget 有合作關係，定價及供應量有機會更改，一切以商戶最新資料為凖。', '現代城市人手機不離身，手機殼不光能提供保護，還是展示個性的小道具。如果你剛好因為週年、生日或結婚紀念日等節日要選購禮物，這次就來為大家介紹一下可以客製化的手機殼，讓你展示貼心和關心，選對的話還可以在對方心目中加分呢。', '很多人都會用拍立得拍照，為美好的時光留下剪影，這款手機殼便可以讓你把與她拍攝，重要的拍立得照片放在機背，時時刻刻都能看到她，一人一個當成情侶手機殼也是相當不錯的。它採用了環保 TPU 材料製作，具有減震防撞效果，在四個角落更增加了防脫落的充氣囊，減少掉落時對手機所承受的損傷。', '「打分數」我們日常手活中常做的事，就好像是為食物打分數一般。這款手機殼就讓你可以為自己「打分數」，下單時輸入五項可以表達自己的簡單英文形容詞，示意圖中就利用了 rich level（富裕指數）等等，以最高分 5 星，最低分 0 星打分數。當然要送給伴侶的話，分數也絕對能反映到她收到禮物時的反映吧。', '大家在新一年開始的時候通常都會熱血地設好一大堆要做的事，但很多時候過幾天就會沒這回事了。這一年要不要試試新的方法，訂製一個有「待辦清單」的手機殼來提醒自己。', '這款手機殼能讓你設定最多 ９ 項的待辦事項或目標，並在旁邊加上可選打勾／不打勾的圈圈，每天都提醒自己要向目標進發，不要懶惰。', '正如設計師在商品介紹所說：「簡單 - 是最不簡單的事！」，沒有太多花巧的東西，就以實木木皮和防彈凱夫拉纖維壓製製成，紋理及款式方面有美麗木紋北美胡桃實木、花梨木及黑酸枝木，也有與黑色手機擁有優秀一體感的冰原黑硬木，一共四款可選（若下單時沒有你要的規格可以詢問店主訂購）。另外它亦可以要求客製刻字，五個中文字內、或英文 12 個字母內不需要額外付費。', '不過是香港、台灣還是其他地方，旅遊彷彿已是一件對每個人而言很遙遠的東西了。以這個概念為基礎，台灣的 Fitzory 設計館就為大家帶來了「明日航空」的手機殼，以香港、台灣及日本等的 8 個城市推出各有特色的設計。在無法自由旅行的現在，先幫自己預定好未來的機票。', '']"
Nomad 精製皮革配件推介： AirPods 3 保護殼,https://chinese.engadget.com//20211020-nomad-goods-080020580.html,"['Engadget 編輯團隊致力為你蒐羅優質產品及優惠價格，文章內部份連結商戶與 Engadget 有合作關係，定價及供應量有機會更改，一切以商戶最新資料為凖。', 'Nomad 一向以造工優良的手機配件而聞名，特別是採用了 Horween 製革廠品質認証皮革製成的手機保護殼，其時尚、成熟外型以及天然皮革的觸感更是受到眾人追捧。', 'AirPods 3 剛剛推出，Nomad 便緊隨其後率先推出了專用的招牌 Horween 皮革保護殼，天然皮革在經過一定時間的使用後，皮革本身的顏色或質感方面都會有所變化，為你營造更獨特的保護殼。另外殼身採用了兩件式結構方便安裝，為了提高保護性亦選擇加入極細纖維內層，在旁邊也配置了掛繩連接點，可以用手繩等把 AirPods 掛在背囊或袋上。', 'AirTag 提供了一個讓人可以輕鬆追蹤物品的方法，但 Apple 本身推出的鑰匙圈和掛環配件都不方便放置錢包內，有見及此 Nomad 便推出了 AirTag 卡片。卡片本身有如信用卡的大小，用家可以輕鬆把 AirTag 鑲嵌在卡片中央並放進錢包內，即使掉失了有更大的機會尋回。（不包含 AirTag）', '現代皮革保護殼是 Nomad 最著名的產品，適用於 iPhone 13 系列的所有型號，雖然它採用了天然皮革作材料，但厚度適中不會影響到 MagSafe 或 NFC 功能等的使用。在防撞功能方面，Nomad 指這款保護殼能內部藏有氣墊，能夠在 10 尺（約 3 米）高度的掉落中保護手機，避免損毀。', '運動系列保護殼是 Nomad 為了喜歡簡約的用家而設，在手機背面採用了高光澤、易抓的設計。而它亦能提供基本的防掉落保護，能夠在 6 尺（約 2 米）高度的掉落中保護手機，另外它亦支援 MagSafe 無線充電。', '']"
每週網購優惠：iPhone 13 分期入手、第二期消費券、SSD 半價、遊戲折扣,https://chinese.engadget.com//weekly-best-deal-20211004-023604513.html,"['Engadget 編輯團隊致力為你蒐羅優質產品及優惠價格，文章內部份連結商戶與 Engadget 有合作關係，定價及供應量有機會更改，一切以商戶最新資料為凖。', '過去一週我們 Engadget 中文版都為大家介紹了很多的網購優惠，是否有點花多眼亂呢？不打緊，因為我們現在就來一個合集，整理一下有什麼精選折扣優惠是不能錯過的！', '推介優惠：', '推介優惠：', '推介優惠：', '推介優惠：', '推介優惠：', '推介優惠：', '推介優惠：', '']"
SanDisk、WD Black 一天限定特賣！最高可享達半價優惠,https://chinese.engadget.com//20210929-sandisk-flash-disk-20-103041620.html,"['Engadget 編輯團隊致力為你蒐羅優質產品及優惠價格，文章內部份連結商戶與 Engadget 有合作關係，定價及供應量有機會更改，一切以商戶最新資料為凖。', '儲存裝置大廠 WD Black 及旗下的 SanDisk 又在 Amazon 上舉行特賣了，當中產品最高可享達半價優惠，而且這個特賣會於明天 3 時結束，把握機會入手所需的設備。', 'WD Black SN750 SSD 採用單面 M.2 規格，儲存容量由 250GB 至到最大 4TB 不等，讀寫速度均超過 3,000MB/s，如果用不上 PCIe 4.0，它會是個不錯的選擇，而且 1TB 的 SN750 現在 Amazon 上由原價 US$249.99 減至 US$129.99，足足有 48% 的折扣，節省共 US$120。', '另外 WD_Black 也有推出支援 PCIe 4.0 的版本（可向下兼容），除了比上一代產品耗電量低 30%，連續讀取速度更高達 3,600MB/s，配合 WD Black Dashboard 軟體可監視您硬碟的健康狀態，確保可長時間作戰。在 Amazon 上由原價 US$129.99 減至 US$97.49，足足有 25% 的折扣，節省共 US$32.5。', '隨著 iPhone 13 及 Samsung Galaxy Z Fold 3／Flip 面世，相信這一陣子會有很多人忙著把舊電話裏的資料備份，這款 USB 儲存裝置就同時兼有 Lightning 以及 USB-C 的接頭，可以輕鬆把手機內的資料保存下來，即使不用更換手機也可以為裝置提供更多空間。另外它亦可以設置密碼保存內裡的資料，提高用家私隱度。', '原價 US$59.99 的 128GB iXpand Flash Drive 現在只需 US$39.99 即可入手，節省了 US$20。', '市面上最通用的 SD card 還是這款 SanDisk 的 Extreme SD 卡，由於它價格不算太貴，實用性也相當高，讀取速度能達到 150MB/s，而且寫入速度上也能達到 70MB/s，拍攝 FHD （1920 x 1080）影片有 V30 （確保達到每秒寫入 30MB）的保證，還是大量相片的連拍也能應付自如。', '原價 US$46.2 的 SanDisk 256GB Extreme SDXC 現在只需 US$36.99 即可入手，節省了 US$9.21。', 'microSD 卡雖然體積細小，但用途卻十分廣泛，不論是行車記錄器、運動相機還是手機都會用到它作為儲存裝置。配合適當裝置時，SanDisk 1TB Ultra MicroSDXC 卡就能達到讀取 160MB/s 以及寫入 90MB/s 的速度，足以應付大部份使用 microSD 卡裝置的需求。', '原價 US$229.99 的 SanDisk 1TB Ultra MicroSDXC 卡現在只需 US$109.99 即可入手，節省了 US$120。', '']"
網店自帶分期付款，彈性購買 iPhone 13,https://chinese.engadget.com//20210928-jselect-atome-080051220.html,"['Engadget 編輯團隊致力為你蒐羅優質產品及優惠價格，文章內部份連結商戶與 Engadget 有合作關係，定價及供應量有機會更改，一切以商戶最新資料為凖。', '如果你急不及待想入手最新的 iPhone 13 或 Samsung Galaxy Z Fold 3，但手上現金又有點緊張？那麼你便可以選擇利用 J Select 與 Atome 合作提供的先享後付分期付款方案，把總金額分成三期購買，更可配合消費券使用，讓你可以更彈性地消費。', '除了 iPhone 13 以外，J Select 上亦有更多價錢較高的產品，能讓你充分應用 Atome 分期付款功能，更可購取不少亞洲萬里通積分兌換不同禮品、優惠或服務。', '說到近期最火熱的新手機，那便非 iPhone 13 莫屬。J Select 上也有提供 iPhone 13 系列產品，價錢方面與 Apple 官方售價一樣，但就能應用上面提到的 Atome 分期付款功能，以 256GB 版本的 iPhone 13 Pro Max 為例，原售價 HK$10,199 分能三期付款，每期需付金額只有 HK$3399.67，配合即將發放的消費券，便可輕鬆入手新手機。', '配備了 Snapdragon 888 八核心處理器，性能優異 Samsung Galaxy Z Fold 3 提供了不一樣的手機體驗，可打開的設計讓用家可以擁有更大觀賞空間，同時 120Hz 刷新率為機面屏幕和主屏幕帶來更流暢遊戲和觀賞體驗。', '12GB RAM、512GB 儲存空間的 Galaxy Z Fold 3 在 J Select 上以 HK$15,398 發售，或可分三期付款，每期為 HK$5,132.67。另外 256GB 儲存空間版本的 Fold 3 售價為 HK$14,598，或分三期付款，每期需付 HK$4,866。', '同樣採用了 Snapdragon 888 八核心處理器，Samsung Galaxy Z Flip 3 就走上另一個極端，摺疊後僅 4.2 吋設計讓它極致輕巧，可以收藏在衣物的小袋子內。另外在摺疊後亦可透過 1.9 吋的機面屏幕顯示通知及讓你直接操作手機，不論是查看訊息、拍照、播放音樂等等，都沒有需要展開手機。', '8GB RAM 以及 256GB 儲存空間的 Samsung Galaxy Z Flip 3 售價為 HK$8,298，以 Atome 分成三期付款的話，每期只需 HK$2,766。', '現在 J Select 上 Nintendo OLED Switch 的預購價為 HK$2,820，分成三期付款每期僅需 HK$940。', '']"
iPhone 13 配件推介、優惠合集,https://chinese.engadget.com//iphone-13-accessories-collection-140056081.html,"['Engadget 編輯團隊致力為你蒐羅優質產品及優惠價格，文章內部份連結商戶與 Engadget 有合作關係，定價及供應量有機會更改，一切以商戶最新資料為凖。', '隨著 iPhone 13 正式推出市場，各式各樣的配件也隨之而來，這篇文章會為大家持續更新及整合 Engadget 中文版介紹過的 iPhone 13 專用配件。']"
成為全場焦點！Case-Mate iPhone 13 專用手機殼,https://chinese.engadget.com//20210927-casemate-110017564.html,"['Engadget 編輯團隊致力為你蒐羅優質產品及優惠價格，文章內部份連結商戶與 Engadget 有合作關係，定價及供應量有機會更改，一切以商戶最新資料為凖。', 'Case-Mate 作為其中一個推出保護殼的大廠，設計及生產了不少既華麗又實用的手機殼，正好他們有在 Pinkoi 上有成立設計館，這次就為大家介紹一下它們的 iPhone 13、iPhone 13 Pro 以及 iPhone 13 Pro Max 的保護殼產品。', '此外 Pinkoi 為慶祝 @pinkoi_hk 的 Instagram 達到 40,000 Followers ，由現在起直至 9 月 30 訂單金額滿 HK$300 並輸入優惠券 「HoHappy」， 全單即享 6% 折扣！', '首先介紹一下 Case-Mate 的 iPhone 13 保護殼效能，它們可以提供 10 英尺（約 3 米）的掉落保護，它們部分亦兼容 Magsafe 無線充電。另外為了提供更全面的保護表面上更擁有 Micropel 專利技術的防菌塗層，長期抑制細菌、黴菌和藻類等微生物生長，達到守護健康的效果。', '', 'Case-Mate 一直有與 Rifle Paper Co. 合作推出花卉圖案主題的手機殼，設計上走復古的手繪風格，文青氣息濃烈。現在一共有三款不同圖案的 Rifle Paper Co. 聯乘手機殼可供 iPhone 13 用家使用，另外 Garden Party Blue 亦設有兼容 Magsafe 版本。', '', '', '', 'Soap Bubble 手機殼顧名思義，就是把肥皂泡的虹彩效果放到手機殼的背面上，成為設計的一部分，讓它可以透過反射燈光而達至不同的彩虹色漩渦效果。它亦支援 Magsafe 磁吸充電功能。', '這款 Iridescent 手機殼在設計上採用了虹彩色的背面，看起來十分亮眼，讓你可輕易成為目光焦點。', '為了極致提升保護效能，Pelican Shield Kelvar 手機殼採用了超堅硬物料 Aramid Fibers 製成，擁有 5 層保護外殼，使掉落保護效能加倍提升達 21 英尺（約 6.4 米）。同時它亦採用了防刮花技術等，適合認為自己手機需要加強保護的人士使用。', '同樣地把保護效能放在首位，Pelican Voyager 也達到了軍用級防摔的 18 英尺（約 5.4 米）跌落保護，另外它亦額外提供一個支架，讓用家可使用它輕鬆看影片。', '']"
［下午 5 點直播］Engadget Update EP116：iPhone 13 系列你問我答、用後感、bug 回報,https://chinese.engadget.com//engadget-update-ep-116-080030605.html,"['iPhone 13 Pro Max、iPhone 13 Pro、iPhone 13、iPhone 13 mini 四款手機已經在上星期五正式發售，連同新設計的 iPad mini 和升級版 iPad，一大堆的新機器都已經在小編手上了！經過一個週末的體驗，到底使用感有什麼不同呢？該買？不買？買哪台？有什麼已知問題？即管在 Facebook、YouTube 的留言區寫下你的疑問題，我們盡量為大家解答。', '相關文章：', '節目會在 Facebook 專頁、Yahoo TV、YouTube 同步於下午 5 時直播、同晚重播，歡迎大家前來留言討論。我們也有 Telegram 群組了，會看廣東話的朋友就進來吧！', '']"
iPhone 13 不能被 Apple Watch 解鎖的 bug 將會被修復,https://chinese.engadget.com//apple-watch-iphone-13-unlock-bug-fix-053043509.html,"['綜合苦主們（包括小編自己）的說法，症狀會包括 Apple Watch 出現「未能連線到 iPhone」的提示，或是根本未能完成設定。在這個仍然需要戴著口罩出門的時候，對於仍然堅守 Face ID 的 iPhone 來說，這自動解鎖功能可說是非常實用的，但 iPhone 13 出現這樣的 bug 實在叫人尷尬。', '幸好就是在 iOS 15.1 beta 已經上線，在確認穩定性後，就期望這隻臭蟲可以一併被收拾掉吧。']"
每週網購優惠：iPhone 13 配件、真・無線耳機、Chromebook,https://chinese.engadget.com//weekly-best-deal-20210927-031114156.html,"['Engadget 編輯團隊致力為你蒐羅優質產品及優惠價格，文章內部份連結商戶與 Engadget 有合作關係，定價及供應量有機會更改，一切以商戶最新資料為凖。', '過去一週我們 Engadget 中文版都為大家介紹了很多的網購優惠，是否有點花多眼亂呢？不打緊，因為我們現在就來一個合集，整理一下有什麼精選折扣優惠是不能錯過的！', '推介優惠：', '推介優惠：', '推介優惠：', '推介優惠：', '推介優惠：', '推介優惠：', '推介優惠：', '']"
蘋果修正一個影響 iPhone 13 的 Apple Music 同步臭蟲,https://chinese.engadget.com//apple-music-bug-iphone-13-new-ipads-130012100.html,['這本身不是個太大的問題（更新完之後就能正常使用），不過還是多少會讓人有些納悶，為什麼蘋果出廠時的軟體版本，竟會帶著一個這麼明顯的錯誤呢。']
iPhone 13 / Pro / Max / mini Tim 哥開箱 ft. 妮妮 Niniko,https://chinese.engadget.com//iphone-13-pro-max-mini-tim-niniko-yahoo-080009050.html,"['Engadget 編輯團隊致力為你蒐羅優質產品及優惠價格，文章內部份連結商戶與 Engadget 有合作關係，定價及供應量有機會更改，一切以商戶最新資料為凖。', '', '']"
做好入手 iPhone 13 的準備：Nomad 天然皮革手機殼,https://chinese.engadget.com//20210921-nomad-123056402.html,"['Engadget 編輯團隊致力為你蒐羅優質產品及優惠價格，文章內部份連結商戶與 Engadget 有合作關係，定價及供應量有機會更改，一切以商戶最新資料為凖。', 'Nomad 一向以造工優良的手機配件而聞名，特別是採用了 Horween 製革廠品質認証皮革製成的手機保護殼，其時尚、成熟外型以及天然皮革的觸感更是受到眾人追捧。Nomad 現在亦已把 iPhone 13、iPhone 13 Mini、iPhone 13 Pro 跟 iPhone 13 Pro Max 的手機保護殼上架，文章中會先為大家作介紹，如果認為它們適合自己的風格，不妨在趁著新機到手前來將它們入手。', '首先為大家介紹的是 Nomad 最著名的皮革保護殼，雖然採用了天然皮革作材料，但厚度適中不會影響到 MagSafe 或 NFC 功能等的使用。在防撞功能方面，Nomad 指這款保護殼能內部藏有氣墊，能夠在 10 尺（約 3 米）高度的掉落中保護手機，避免損毀。', '由於所採用的都是天然皮革，在經過一定時間的使用後，皮革本身的顏色或質感方面都會有所變化，為你營造更獨特、更有個人色彩手機保護殼。另外它亦有翻頁式設計的 Folio 版本，提供連同正面螢幕的全面保護。', '運動系列保護殼是 Nomad 為了喜歡簡約的用家而設，在手機背面採用了高光澤、易抓的設計。而它亦能提供基本的防掉落保護，能夠在 6 尺（約 2 米）高度的掉落中保護手機，另外它亦支援 MagSafe 無線充電。', '除了上面提到標準的手機殼以外，Nomad 亦推出了稱為 Leather Skin 的機背保護貼，材料上同樣採用 Horween 認證的皮革製成，可以在不使用厚重保護殼的情況下，避免可能在機背出現的劃痕。', '']"
超前準備，iPhone 13 專用 4 款螢幕保護貼推介,https://chinese.engadget.com//20210920-iphone-13-screen-protector-120034968.html,"['Engadget 編輯團隊致力為你蒐羅優質產品及優惠價格，文章內部份連結商戶與 Engadget 有合作關係，定價及供應量有機會更改，一切以商戶最新資料為凖。', '提提大家，在 Amazon 上購物時金額需達到 US$49 才能享受免運費的優惠，不妨留意一下身邊的人有沒有人也需要新機的保護貼，又或是在站上同時購買其他需要的產品，即可節省金錢！', '這款由 Apple 獨家提供的 Belkin 螢幕保護貼除了可以防止括傷等可見的螢幕損傷，而且有效減輕來自太陽或燈光等的光線反射，即使在光亮的環境下依然能確保螢幕清晰度。它亦有著極度纖薄的 0.051 cm 厚度，因此不會影響手機的螢幕靈敏度以及多點觸控功能。', '購買它時還會隨附 Easy Align 托盤，讓你自己也可以精確地進行黏貼，裝保護貼不求人。', '如果你十分重視隱私，怕被周遭的人偷看到你的對話，那麼 Ailun 螢幕防窺貼會是個不錯的選擇。除了提供保護手機的功能，Ailun 的防窺貼亦可以防止手機正面以外的人看到內容，另外除了由於防窺特性在光亮度有微少影響，不會影響到螢幕的清晰度。 Ailun 指它可以維持 iPhone 螢幕 99.9% 的觸控準確，擁有防汗防油污的塗層外，同時設計上亦強調與不同形狀保護殼的相容性。', '另外它還提供 5% 的折扣券，在購買時點擊使用讓原價 US$8.99 的保護貼套裝減價至 US$8.54。', '雖說保護貼能夠防止手機螢幕受到直接損傷，但鏡頭亦是另一個很容易受損和弄髒，這款 Ｍkeke 保護貼套裝就提供了分別三片的鋼化玻璃螢幕保護貼和鏡頭保護貼，讓它們可以一直保持著完好無缺的狀態。', '另外它還提供 20% 折扣券，在購買時點擊使用讓原價 US$15.99 的保護貼套裝減價至 US$12.79。', 'ESR 強悍鋼化玻璃保護貼特化了本身的防護效能，官方數據指出它們可抵播最高 110 磅的力量防止螢幕損傷，同時亦設有防污塗層避免留下污痕或指紋。ESR 強調它的高清玻璃能讓用家體驗無瑕的手機觀看體驗，亦不會影響到 Face ID 的運作。隨附的框架可以協助你輕鬆安裝保護貼，即使自己安裝也可以避免出現氣泡。', '']"
iPhone 13、13 Pro 預訂日，一文看清價錢、規格差異,https://chinese.engadget.com//apple-iphone-13-iphone-13-pro-preorder-080019290.html,"['Engadget 編輯團隊致力為你蒐羅優質產品及優惠價格，文章內部份連結商戶與 Engadget 有合作關係，定價及供應量有機會更改，一切以商戶最新資料為凖。', 'Apple 這回動作非常快，昨天凌晨（15 號）才發表的全新 iPhone 13、13 Pro 系列，居然就在明天（17 日）的晚上 8 點就開始接受預訂，而且最快在下星期五（24 日）就能拿到新手機把玩啦！為了便利一眾讀者，Engadget 中文版就先為大家整理一下購機須知，像是價格、規格、差異等，少不了的當然有傳送門，讓大家一鍵到達預訂頁面啦。', 'Pro 系列分有 6.1 吋的 iPhone 13 Pro 和 6.7 吋的 iPhone 13 Pro Max，顏色總共為四款：石墨黑、銀色、金色和新的天峰藍色。儲存空間版本也是有四個：128GB、256GB、512GB，還有新增最高的 1TB。iPhone 13 Pro 系列新搭載 Super Retina XDR with ProMotion 面板，擁有 120Hz 自適應刷新率，帶來順暢顯示，而且額頭瀏海的 TureDepth 相機變小了 20%。續航力更有提升，iPhone 13 Pro Max 更是增加了 2.5 小時，在 5G 時代更耐用。三攝主相機全面升級，有新的 77mm 3 倍遠攝相機、f/1.8 6 鏡片超廣角相機，加入了微距拍攝、廣角 f/1.5 1.9 微米大畫素點主相機。全新 A15 仿生處理器有 5 核心 GPU，帶來更強大圖像運算。', 'iPhone 13 Pro 的香港定價為 HK$8,499、HK$9,299、HK$10,999、HK$12,699', 'iPhone 13 Pro Max 的香港定價為 HK$9,399、HK$10,199、HK$11,899、HK$13,599', 'iPhone 13 Pro 的台灣定價為 NT$32,900、NT$36,400、NT$43,400、NT$50,400', 'iPhone 13 Pro Max 的台灣定價為 NT$36,900、NT$40,400、NT$47,400、NT$54,400', '', 'iPhone 13 和 iPhone 13 mini 同樣維持 6.1 吋和 5.4 吋大，瀏海一樣有縮小。提供粉紅、藍、午夜暗、星光色和（Product）RED 五種配色。儲存空間版本為 128GB、256GB 和 512GB，取消了前代的 64GB 版本。續航力方面，iPhone 13 和 iPhone 13 mini 都增加了 2 小時的續航力。雙攝相機同樣為廣角和超廣角的組合，不過就加入了原本 Pro 身上的感應器移動式光學影像防震功能。搭載 A15 仿生處理器，GPU 核心數量為 4 顆。', 'iPhone 13 的香港定價為 HK$6,799、HK$7,599、HK$9,299', 'iPhone 13 mini 的香港定價為 HK$5,999、HK$6,799、HK$8,499', 'iPhone 13 的台灣定價為 NT$25,900、NT$29,400、NT$36,400', 'iPhone 13 mini 的台灣定價為 NT$22,900、NT$26,400、NT$33,400']"
iPhone 13 Pro 系列超級比一比：都是看螢幕和相機,https://chinese.engadget.com//apple-iphone-13-pro-max-vs-samsung-galaxy-s21-ultra-oneplus-9-pro-190134692-050045539.html,"['iPhone 13 Pro', 'iPhone 13 Pro Max', 'Galaxy S21 Ultra', 'OnePlus 9 Pro', '價格', 'US$999 / $1,099 / $1,299 / $1,499', 'US$1,099 / $1,199 / $1,399 / $1,599', 'US$1,200 / $1,250 / $1,380', 'US$1,069', '尺寸', '146.7 x 71.5 x 7.65 mm', '160.8 x 78.1 x 7.65 mm', '165.1 x 75.6 x 8.9 mm', '163.2 x 73.6 x 8.7 mm', '重量', '204g', '240g', '229g', '197g', '螢幕尺寸', '6.1 吋', '6.7 吋', '6.8 吋', '6.7 吋', '螢幕解析度', '2,532 x 1,170', '(460 ppi)', '2,778 x 1,284', '(458 ppi)', '3,200 x 1,440', '(515 ppi)', '3,216 x 1,440', '(525 ppi)', '螢幕類型', 'Super Retina XDR', 'Super Retina XDR', 'Infinity-O Dynamic AMOLED', 'Fluid AMOLED with LTPO', '電池', '最長 22 小時（播放非串流影片）', '最長 28 小時（播放非串流影片）', '5,000 mAh', '4,500 mAh', '儲存', '128 / 256 / 512 GB / 1 TB', '128 / 256 / 512 GB / 1 TB', '128 / 256 / 512 GB', '256 GB', '後置相機', '三相機：超廣角：12MP f/1.8主：12MP f/1.5長焦：12MP f/2.8', '三相機：超廣角：12MP f/1.8 主：12MP f/1.5 長焦：12MP f/2.8', '四相機：超廣角：12MP f/2.2主：108MP f/1.8長焦 1：10MP f/2.4長焦 2：10MP f/4.9', '四相機：主：48MP f/1.8超廣角：50MP f/2.2長焦：8MP f/2.4黑白：2MP', '前置相機', '12MP f/2.2', '12MP f/2.2', '40MP f/2.2', '16MP f/2.4', '錄影', '4K at 60 fps', '4K at 60 fps', '4K at 60 fps', '8K at 30 fps', 'SoC', 'A15 Bionic', 'A15 Bionic', 'Snapdragon 888', 'Snapdragon 888', 'CPU', '不知名六核心', '不知名六核心', '2.8 GHz 八核心', '2.84 GHz 八核心', 'GPU', '不知名四核心', '不知名四核心', 'Adreno 660', 'Adreno 660', 'RAM', '未知', '未知', '12 / 16 GB', '12 GB', 'WiFi', '802.11ax', '802.11ax', '6 GHz 802.11ax', '6 GHz 802.11ax', '藍牙', 'v5.0', 'v5.2', 'v5.2', 'v5.2', '作業系統', 'iOS 15', 'iOS 15', 'Android 11', 'Android 11', '其他功能', 'IP68 認證；Lightning、MagSafe、20W 有線充電、15W 無線充電', 'IP68 認證；Lightning、MagSafe、20W 有線充電、15W 無線充電', 'IP68 認證、USB-C、25W 有線充電、15W 無線充電', 'USB-C、65W 有線快充、50W 無線充電']"
iPhone 13 的電影模式讓你能像專業人士一樣玩轉焦點切換,https://chinese.engadget.com//iphone-13-cinematic-mode-rack-focus-193040139.html,['不過需要注意的是，根據 Apple 官網所寫，這個電影模式目前只能用來拍攝 1080p 30fps 的影片。這樣的規格實話說是有點不夠看的，或許更好的畫質要等到明年更強的硬體出來才能實現了。（其實都叫電影模式了要不乾脆就限制在 24fps 吧...）']
iOS 15 將在 9 月 20 日上線,https://chinese.engadget.com//ios-15-will-be-available-to-download-on-september-20th-190200812.html,['iOS 15 主要的升級，是在 FaceTime 上，雖然說沒了 SharePlay，不過還是有空間音效和強化的降噪能力。其他功能包括對通知系統更細緻的設定、及掃瞄相機取景畫面中的文字的 Live Text 等。iPadOS 15 則是有著較大的改變，除了 Widget 可以放到主頁任何地方外，蘋果也再次更動了多工系統的操作方式，至於是否能在使用上更直覺，就要等推出後玩玩看才知道了。watchOS 則是三者中更動最少的一個，就是加強了現有的呼吸 app、添加了新的互動效果，還引入了一個「正念訓練 app」—— 它分為沈思和呼吸兩部分，可以幫助用戶在紛雜中重新找回平靜。']
iPhone 13、13 Pro 系列、iPad mini、Apple Watch S7 總整理,https://chinese.engadget.com//apple-iphone-13-series-rumours-summary-053043472.html,"['萬眾期待的 iPhone 13 系列已經發表了，一如爆料的所說，全線都會搭載更細的 TrueDepth 相機模組，讓瀏海更小，同時 Pro 款更是加入 120Hz 高刷新率顯示。但想不到的是 iPhone 13 系列和 iPhone 13 Pro 系列，居然還會搞高、低配版處理器呢。早前傳出的衛星電話功能卻是無影無蹤。', 'iPhone 13 相關文章：', 'iPad mini（2021）及 iPad（2021）相關文章：', 'Apple Watch Series 7 就只是換了個更大的螢幕，跟之前的爆料相差太多了吧。錶面玻璃跟錶殻過渡會更順滑，同時還會有 IP6X 防塵和 WR50 防水等級，是史上最強固的 Apple Watch。Apple Watch S7 將會在今年稍後上市。', 'Apple Watch Series 7 相關文章：', '其他文章：']"
換上天峰藍色的 iPhone 13 Pro 系列，搭載了最強大的相機和 120Hz 螢幕,https://chinese.engadget.com//iphone-13-pro-and-pro-max-183010571.html,"['說到螢幕，大家都敲碗已久的 120Hz 刷新率終於在 iPhone 上出現了。Apple 稱之為 Super Retina XDR with ProMotion 螢幕，會有自適應的刷新率，會據螢幕內容而有 10Hz 至 120Hz 的刷新率。與此同時，峰值亮度還可以達到 1,000 尼特，HDR 內容據會拉到 1,200 尼特。', 'iPhone 13 Pro 會搭載高配版的 A15 仿生晶片，就是在 6 核心 CPU 外，搭配 5 核心的 GPU，另外 ISP、神經引擎等都會有強化。', 'Pro 系列 iPhone 的相機是主要賣點，在同樣的三相機組合之下，Apple 升級了各自的規格：新的長焦 77mm 相機會有 3 倍變焦效果；f/1.8 6 鏡片超廣角相機，現在增加了進光量，同時也加入了微距的拍攝模式；廣角 f/1.5 主相機就是換上了更大畫素點的 CMOS。近年 Apple 很強調的錄影能力更是大大強化了，除了 iPhone 13 也會有的「電影效果」錄影模式，可以在 Dolby Vision 錄影時有改變焦點的能力外，針對進階使用者更會有 4K/30p ProRes 錄影。', '在如此的升級之後，Apple 還是表示 iPhone 13 Pro 和 iPhone 13 Pro Max 的續航力是有增無減，分別較對應的舊型號多了 1.5 小時和 2.5 小時的使用時間。定價？是同樣的 999 美元 / HK$8,499 / NT$32,900 / RMB 7,999 和 HK$9,399 / NT$36,900 / RMB 8,999 / 1,099 美元起，由 128GB 至新增的 1TB 儲存空間版本。本週五開始接受預訂，9 月 24 日正式開賣。']"
iPhone 13 與 iPhone 13 mini 搭載 A15 Bionic 處理器登場,https://chinese.engadget.com//apple-iphone-13-mini-annoucement-182556859.html,"['今天發表會主角的 iPhone 系列中，由 iPhone 13 與 iPhone 13 mini 率先登場。它們基本上還是保持著 iPhone 12 的外觀，但是將正面的 True Depth 相機模組縮小了 20%，讓它萬年不變的「瀏海」可以稍微窄一點，螢幕面積也大一點。iPhone 13 採用的是 6.1 吋大的 OLED 面板，而 iPhone 13 mini 則是 5.4 吋大，兩者皆有 800nits 的最高室外亮度、及 1,200 nits 的最高 HDR 亮度，但同時也加強了用電的效能，為省電做出貢獻。', 'iPhone 13 / 13 mini 採用的是採用 5nm 製程的新 A15 Bionic 處理器，號稱是目前最快的手機處理器。它有高達 150 億個電晶體，分為 2 個高效與 4 個低能耗核心，再加上 4 核的 GPU 處理器與 16 核的神經元引擎。而在鏡頭的部份，它們則是搭載了由 12MP 廣角和 12MP 超廣角兩顆鏡頭組成的雙鏡組，其中 12MP、26mm 等效主鏡具備1.7µm 的感光元件，讓它收集光線的能力本身就增加了 47%，再加上 f/1.6 的大光圈與光學防手震，讓它有著大幅強化的夜拍能力。12MP 的超廣角則是 f/2.4 的光圈，13mm 等效的焦段。', '在 iPhone 13 上，蘋果首度帶來了名為「Cinematic mode」的影片拍攝模式，靠著 AI 的協助，可以為影片的對焦帶來更「電影化」的效果。這包括了精準的將焦點放在主體上、在主體離開畫面後滑順地將焦點放在另一個主體上，還有最厲害的，在一個主體轉頭看向另一個主體是，將焦點轉移過去等。Cinematic mode 甚至可以允許在拍攝後重新改變影片的焦點，這樣就不用擔心沒對到焦了。', '由於 A15 Bionic 處理器有著更高的效能、再加上更省電的面板及更大的電池，iPhone 13 mini 的使用時長比 12 mini 長了 1.5 小時；而 iPhone 13 則是比 12 長了 2.5 小時之久，讓它們的「整日電力」更加名符其實。兩支手機並且有著 IP68 的防水防塵規格。', 'iPhone 13 / 13 mini 提供了 128GB / 256GB / 512GB 三種容量選擇，並推出「藍」、「粉紅」、「星光」、「午夜」及「PRODUCT RED」五色。', '本地價格的部份，iPhone 13 由 128GB 的 NT$25,900 / HK$6,799 起到 512 GB 的 NT$36,400 / HK$9,299；而 iPhone 13 mini 則是由 128GB 的 NT$22,900 / HK$5,999 起，到  512GB 的 NT$33,400 / HK$8,499。兩地皆為 9 月 17 日晚上 8 時開始預購，9 月 24 日開始發售。']"
蘋果升級基本款「New iPad」至 A13 Bionic 處理器,https://chinese.engadget.com//apple-ipad-a-13-bionic-172950066.html,"['出乎意外的，今天的第一個發表的產品竟然是 iPad。蘋果首先更新了基本款的 iPad，名為「New iPad」，搭載在 iPhone 11 上首度登場的 A13 Bionic 處理器。雖然說不是最新的處理器，但終歸是小升級了一下，比前代號稱有 20% 的速度提升。此外 New iPad 也將正面的鏡頭升級到了 12MP 的 122 度超廣角，並支援 Center Stage，顯然是為了對應疫情期間的各種視訊需求。\xa0', '除了這個兩個改動之外，New iPad 基本上其他的規格，包括 10.2 吋螢幕（現在支援 True Tone）以及機體本身的大小尺寸等都保持不變，讓它能使用所有之前基本款 iPad 的配件，包括對 Apple Pencil 的支援。', 'New iPad 定價 US$239 起，容量也加倍到了 64GB，美國是即日起開放預購，下週上市。', '更新：港台的 iPad 價格已出，這次 Apple 會提供 64GB 和 256GB 兩檔配置，Wi-Fi 版售價 HK$2,599 / NT$10,500 起，行動網路型號則是 HK$3,599 / NT$14,500 起。']"
iPhone 13 要來了！Apple 宣佈將於 9 月 15 日凌晨舉辦秋季新品發表會,https://chinese.engadget.com//apple-iphone-13-watch-series-7-fall-event-160925075.html,['不管怎麼說，這應該都是 2021 年科技行業最重要的發表會之一了，各位讀者記得到時關注我們第一時間的報導囉。']
新 iPhone 傳說中的衛星電話功能或許只能在特定區域使用,https://chinese.engadget.com//iphone-13-satellite-limited-coverage-093045979.html,['根據流言，新一代的 iPhone 將會內建訂製的高通 Snapdragon X60 modem，它並不足以讓裝置徹底衛星電話化。除此之外，成本方面的考量和來自傳統電信商的反對也是阻礙 Apple 推進相關功能的重要因素。在爆料手機的同時，Gurman 也提到預期中將和新 iPhone 一起登場的 Apple Watch Series 7 可能會因為面板問題而遇到生產難題。據稱它雖然會跟 iPhone 同時發表，但部分版本「會較晚推出而且數量有限」，對於持幣待購新手錶的朋友來說這就是個不太好的消息了。']
下一代 iPhone 或許能撥打衛星電話,https://chinese.engadget.com//apple-iphone-13-leo-satellite-communication-050030804.html,['不過如果有的話，下一次巨石強森又（怎麼會說是又）流落到叢林冒險時，就可以拿出 iPhone 來求救了吧。']
下一代 iPhone 似乎會有長亮螢幕功能，改款 MacBook Pro 更會在年內亮相,https://chinese.engadget.com//iphone-12s-always-on-display-leak-033036407.html,['不過 Gurman 的的爆料沒有提供再進一步的消息，那我們就看看別家的說法吧。早前 Max Weinbach 就有提到 Apple 會在新的 iPhone 上應用 LTPO 面板技術，藉其低耗電特性就實現上面提到的高耗電功能。如此一來，iPhone 使用者在查看手機上的通知、續航力、時間的時候，就不需要完全點亮手機了啦。']
