Post Title,Link,Date
處處被看著？必備防窺配件推介,https://chinese.engadget.com//protect-privacy-phone-laptop-20-080313177.html,2022-05-16
綠色 iPhone 13 mini 和松嶺綠色 iPhone 13 Pro 真機實拍,https://chinese.engadget.com//iphone-13-green-photos-170606195.html,2022-03-12
Apple 2022 首波新品總整理：Mac Studio、5G 版 iPhone SE、M1 版 iPad Air,https://chinese.engadget.com//apple-march-2022-event-what-to-expect-070044247.html,2022-03-09
松嶺綠 iPhone 13、13 Pro 登場！3 月 18 日開賣,https://chinese.engadget.com//apple-announce-green-iphone-13-iphone-13-pro-182043779.html,2022-03-09
新年換新機，入手紅色 iPhone 13 應節又行善,https://chinese.engadget.com//apple-iphone-productred-new-year-060028918.html,2022-01-12
iPhone 13 Pro 系列實用評測：升級很。有。感,https://chinese.engadget.com//apple-iphone-13-pro-max-review-070038632.html,2021-11-15
Casetify 雙 11 限定折扣，買得多減得多最高 75 折,https://chinese.engadget.com//20211110-casetify-1111-120053841.html,2021-11-10
最佳禮物系列：五款可客製化手機殼展示貼心和個性,https://chinese.engadget.com//20211021-pinkoi-custom-123032635.html,2021-10-21
Nomad 精製皮革配件推介： AirPods 3 保護殼,https://chinese.engadget.com//20211020-nomad-goods-080020580.html,2021-10-20
macOS Monterey 版 iMovie 可以編輯 iPhone 13 電影模式拍出的影片,https://chinese.engadget.com//imovie-mac-iphone-13-cinematic-mode-020047859.html,2021-10-20
網店自帶分期付款，彈性購買 iPhone 13,https://chinese.engadget.com//20210928-jselect-atome-080051220.html,2021-09-28
iPhone 13 配件推介、優惠合集,https://chinese.engadget.com//iphone-13-accessories-collection-140056081.html,2021-09-27
成為全場焦點！Case-Mate iPhone 13 專用手機殼,https://chinese.engadget.com//20210927-casemate-110017564.html,2021-09-27
Apple：第三方 app 需要更新才能完全利用 iPhone 13 Pro 的 120Hz 螢幕,https://chinese.engadget.com//apple-iphone-13-promotion-display-third-party-apps-020038947.html,2021-09-26
iPhone 13 Pro / iPhone 13 系列實機開箱 + 舊機、配件比較,https://chinese.engadget.com//iphone-13-iphone-13-series-unboxing-video-000039921.html,2021-09-24
iPhone 13 / Pro / Max / mini Tim 哥開箱 ft. 妮妮 Niniko,https://chinese.engadget.com//iphone-13-pro-max-mini-tim-niniko-yahoo-080009050.html,2021-09-23
超前準備，iPhone 13 專用 4 款螢幕保護貼推介,https://chinese.engadget.com//20210920-iphone-13-screen-protector-120034968.html,2021-09-20
iPhone 13、13 Pro 預訂日，一文看清價錢、規格差異,https://chinese.engadget.com//apple-iphone-13-iphone-13-pro-preorder-080019290.html,2021-09-16
iPhone 13 系列是 Apple 首批支援雙 eSIM 的機種,https://chinese.engadget.com//apple-iphone-13-pro-dual-esim-support-063037726.html,2021-09-15
iPhone 13、13 Pro 系列、iPad mini、Apple Watch S7 總整理,https://chinese.engadget.com//apple-iphone-13-series-rumours-summary-053043472.html,2021-09-15
換上天峰藍色的 iPhone 13 Pro 系列，搭載了最強大的相機和 120Hz 螢幕,https://chinese.engadget.com//iphone-13-pro-and-pro-max-183010571.html,2021-09-15
iPhone 13 要來了！Apple 宣佈將於 9 月 15 日凌晨舉辦秋季新品發表會,https://chinese.engadget.com//apple-iphone-13-watch-series-7-fall-event-160925075.html,2021-09-08
