Title,Content,Comment,Date
[購機] 三星S22 Ultra / Sony Xperia 1 IV,──────────────────────────────────────1.預算範圍/考慮機種：三星Galaxy S22 Ultra / Sony Xperia 1 IVhttps://i.imgur.com/r8gXkv1.jpghttps://i.imgur.com/OINUWcu.jpg2.使用需求：常常幫小孩拍照、錄影，最在意拍照功能跟色彩表現下班後會拿來追劇看電影，偶爾玩點小遊戲，也希望續航表現能好些然後不管選哪隻都希望能撐3年3.品牌喜好：只考慮安卓，介面系統比較習慣4.補充說明：剛好電信合約到期，會搭遠傳年中慶的購機方案這兩隻5G資費相同，搭機價格都是兩萬多(S22 U稍高一點)因為第一考量是相機，不知道這兩隻的相機哪一隻較強?是有聽說S22 U的夜拍很神，還是10倍光學變焦鏡頭Xperia 1 IV的話錄影4K 120fps，感覺呈現上應該也不錯，錄影模式也很多元螢幕大小的話一個6.5一個6.8我都OK只是S22 U是曲面怕不習慣，而且好像有些災情有點小擔心S Pen有的話是會覺得方便實用，沒有也無所謂若以我的需求大家會比較推薦買哪一隻，有使用心得也麻煩給我參考了，謝謝──────────────────────────────────────,"兩隻都有,我推s22 ultra  配件好買，充電快 ， 續航差不。多 拍照攝影功能比較完整  ui可自訂的功能多,系統更新至。少五年,焦段可用性大,抓拍能力也有改善,。說到災情  sony更多吧  目前有溫度限制太敏感  散熱也不。好。幫小孩拍照真的不要三星…會拍到崩潰。建議找一些實測的看看色調。等8g1+或田雞9000+。拍照看實測夜拍確實是S22贏。S22 ultra撐3年應該可以 大部分人提到的過熱問題我倒是沒遇。過。預算夠比較推S22 ultra 手感很不錯。等下一期。舊手機還堪用嗎？2支都是三星製程高通8Gen1，續航好。不好有點見仁見智，看要不要先簽單門號較低資費的合。約，等台積電製程再決定。Xperia 眼對焦可以拍出小孩的眼神光，S22直接把眼睛的光。芒抹掉，快門又慢，拍小孩還是不要選三星。sony的拍照介面聽說有點奇葩？。手感絕對是Sony比較好。S22U抓拍有變強，而且錄影好很多。撐三年，三星也可能是更好的選擇。SONY有每秒20張連拍功能跟H.S電源控制可以直接將外接電源。，藉由繞過電池來供電。目前用1IV拍照比較會發熱，之前用1III也是後面幾次系統更。新改善了發熱問題。S22U跟1IV 可以去門市試用看看。S22u, 我發現除了更新 充電比較會發熱 其餘覺得還好 沒有。燙手程度 當然這是很主觀的 只是目前這隻除了續航 我很滿。意 尤其是那塊螢幕。曲面螢幕我沒有誤觸過， 手感上倒是很不錯 只是他機身偏。寬 要是加保護殼之類變相更難握。推S22U。用習慣OneUI 後，你應該會覺得原生的UI不好用。....。S22手感跟超差，感覺好像折疊機可以攤開來一樣。最近才從N10換S22U,螢幕和夜拍有驚艷到。。只是S22U 裝殼之後有點大隻...。三星拍動態的小孩大概還是會糊。看板上有沒有S22系列的機主。能提供拍動態東西的心得囉。紅明顯 你看一下上面有人分享iPhone/Sony/S22U。個人覺得Sony被其他兩隻碾壓 而且還常常過熱不能拍。這兩隻推S22U。看YT有說上次S22U更新後抓拍能力變強。看妳覺得小核小時候的影音資訊多重要。不過我5ii從來沒過熱。單純拍照。主要還是三星的cpu有問題吧。然後Sony的握感非常非常非常好。光是Android保證更新三代,跟安全性更新五年，秒選三星。雖然被戲稱是遙控器。https//i.imgur.com/iqTmrEe.png。但是可以這樣搞。X1iv贏在手感、平面螢幕、耳機孔、記憶卡，但是不是。過熱鎖螢幕更新率，要先有當這支只有4K60Hz的準備。時不時。手上有1iv 抓拍能力真的非常厲害，但是拍照介面要學習。所以我覺得正解是等台積電晶片的5 iv。那來的自信會用8gen1+。這兩支實握都比較熱哦，如果你硬要選。Sony拍小孩是很快，但建議要考慮一下。忍住！台GG 8 GEN 1+ 要來了。看zph說這次三星抓拍已經有提升了，而且也能用一鍵拍錄，。比拍不到10分鐘就熱當好吧。要看使用者好嗎，兩支都可以拍整天。但都很熱也是事實。三星照相畫質好但不適合抓拍，快門延遲大，對焦稍慢，。手機內要拍得到小朋友，首推索尼。垃圾三星，買S21，一年半，螢幕壞兩次，網路上災情一堆，。要買S22要認真想一下。sony你要玩到很熟練才會拍的好看。我用S22 Ultra，拍照追焦我是覺得還好，比之前用的Pixel 4好。，不過鎖定追焦點或辨識人臉的速度不快，可能比不上SONY。目前也在考慮要不要也直接上遠傳年中慶的搭機方案…。同樣比較傾心S22u。抓拍也可以用3X啊。都買都買。小感光元件景深很深，不用怕對焦問題。s22u 拍照真的強 充電超快 遊戲部分 別看某些人說的多。糟糕 如果不是遊戲大作 真的還可以。不過不急的話等明年的機子，今年垃圾CPU很糟。尤其索尼用包筋1表現更差，明年台GG的只會更好。Sony連拍真的超爽，但我幾乎沒在用顆顆。之前帶小朋友去游泳時有用，效果不錯。一堆人 8+ gen1跟8 gen1+ 傻傻分不清楚。sony連拍快 而且這次還能做到hdr連拍 最速男測試比s22強哦。https//i.imgur.com/EfQFiye.jpg。拍照白痴隨手拍 這是5ii。高雄燈會。拍小孩推SONY。身邊朋友也好幾個都直接搭方案換機。看來今年遠傳年中慶搭機送的萬元購物金 實用度上比較吸引。人。因為購物金還能用在門市商品折抵吧 3C品項都折滿多的。只能推22U sony的UI體驗輸三星太多了 你如果不是拍照。愛好者你選sony只會享受到4K螢幕的爽跟永無止境的杜蘭。4K螢幕有什麼爽感，從Z5P到現在沒半個平台支援4K，迪士尼。＋甚至連HDR都沒有。http//i.imgur.com/PvDpDhU.jpg。那手機幹嘛4K錄影。忍住8g1Cpu真的不推 續行差容易熱 而且夜晚稍微複雜的光源。三星白色容易偏藍我從s20+到s22+都有這個情形之前的U11甚。至朋友的i13都不會這樣。自己摸過比他人推薦準，別未體驗過就買後面再來後悔。。SONY。認真推，PRO-I。我送我爸EIZO的螢幕，他還是另外買三隻鳥的用很爽。。我送的他只用過一次，就被裝回箱子內沉睡zzz。每次講4k螢幕就拿串流來塞，那錄影功能怎麼講？？。三星相機的鈍感沒辦法拍動態的東西唷。但如果小孩學會定格擺拍，就沒差了。錄影就是整天喊前鏡頭不能4K錄影。Sony的拍照介面是學單眼的，如果平常沒在用單眼就不建議。忍住好嗎。4K錄影可以放到電視上播啊，假如你有4K電視，串流為什麼不。在電視上看，在手機上沒支援4K 又沒點對點，這代1 IV前鏡。頭有升級到4K30啦，但是效果嘛....。http//i.imgur.com/qlxb3AW.jpg。奇怪 人家要拍小孩是前鏡頭在拍喔XDDDD。我又沒提到前鏡頭，是回112樓，不過1 IV這次有新增了4K30。無縫變焦，但是流暢度還是輸蘋果三星，如果要小孩錄影的要。去試試看實機。拍動態硬推三星大概很快要上來我發誓",2022/06/22
[情報] Galaxy S22 Ultra 六月份更新,六月份版本更新前面有篇提到會更新相機穩定性我看到敘述沒有特別提及但我還是先更新了僅提供情報是否安裝請依個人情況評估https://i.imgur.com/q8llRim.jpghttps://i.imgur.com/Y8WhJlS.jpghttps://i.imgur.com/MmVS7Xx.jpghttps://i.imgur.com/6JNUigZ.jpg,s22也有了。羨慕。感恩，希望有差XD。這個對性能沒影響 別想了。https//i.imgur.com/P99Q0jo.jpg。更起來。貓米不屑。可以想像是絕對更耗電的…。S22＋更新完相機一樣卡。相機一樣，沒有比較順啊，我有一台S22。一樣卡啊有夠爛，好像還比上一版卡…。請問一下相機卡是怎樣的卡啊22+目前使用感覺還好 只有遇。到就焦距拉近Ai後製拍貓油畫感超重...。樓上去拿一隻iphone還是pixel試一下就知道了。這次好快，以前韓國上了之後台灣都要等大半個月><。這更新比韓國慢2天而已 還真快。先來更看看。ice大 光源不足 拉近拍貓 我試過13promax Pixel6pro s22。+ 只有Pixel油畫最輕微 大概是演算法差異。https//i.imgur.com/CdVNwt9.jpg。某一天我拿s22+也去拍了 結果只比13promax好一點點 這。部分還是Pixel強項。立刻更新。三星真的算是安卓裡面最有心的了。剛更新完了，好像有變快一點，S22+。超失望 按快門當下畫面一樣卡，輕微動態疊圖一樣糊，變。焦過度超死硬，感覺完全沒改變。其實那就是算圖的停等一下 不到卡吧 大家反應也太大XD。洗白一下，光源不足拍貓的毛，特別是黑貓，完全是比。單張直出，除非是貓不動，即便如此清析度也受影響。。覺得系統比較順+1 拍照還沒試 到時候再看看。相機版本從01.69變01.76 感覺還沒更新？。看說明是打包了app嗎 有必要嗎。貓咪這樣不屑地看你，揉死牠。不過Messenger泡泡終於不會卡到滑動了。有些APP更新不是包在系統更新裡，而是系統更新完Galaxy Stor。e跳出新的更新。上午更新完開相機很卡，現在就還好，要說特別順也沒有，感覺。差不多。更新完要放著給他緩一下 之後重開機更好。剛更新完 系統便順 相機則是感覺有變比較好 雖然原本也沒。覺得特別卡就是了，目前使用起來跟另一隻13pm差不多，另外。有人說拍完會卡一下 13pm也是會的...。相機開啟速度感覺似乎也有提升。等等也來更新。貓咪的臉有夠臭，笑死。別人家疊圖不會卡 就三星卡 還賣那麼貴 平靜個屌。其實Pixel我也遇到過會卡的啊 蘋果不會是因為演算是這幾。個品牌最弱的吧。對阿我黑粉 從s5用到s10。演算弱? 人家順就是賣翻 SLAG可以持續十年 RD都白癡。消費者 更白癡。我用13pm完全沒感覺卡欸…。快門按下去拍完到預覽都很順啊。A52S也有更新喔。有領有推。聽說拍照卡頓有改善了,2022/06/13
Re: [問題] S21 ULTRA 換到 S22 ULTRA,我是原原PO，先跟所有留言的大家說聲謝謝，每個留言我都有看，其實我原本就是打算換，因為在我簡單的直男腦，$200換新手機簡直就是no  brainer，只是看到美國鄉民各個酸/罵到不行，讓我猶豫不決，想說先問問看台灣大家使用的意見，看看有沒有我沒查到的災情(゜o゜;我昨天去了實體店玩了一下，就像moda說的，其實S21換到S22真的沒差別，除了多一隻筆，反正就是$200美金，（在美國的人別忘了用Rakuten拿3%，加上Samsung 官網的5%）所以我今天還是下單了(‧ ▽ ‧;)等收到之後再來跟大家說說感想※ 引述《moda (neomodaisback)》之銘言：: 我是note10+換s21u換s22u: 簡單說一下心得: note10+平常使用很滿意，筆很好用，但指紋有夠難用: 因為指紋太難用，s21u出來時，因為沒有筆，且有新款note的傳言，所以等了一陣子沒換: 確定不出新款note以後，就買了s21u: s21u除了沒有筆（不能收納的筆太麻煩了），鏡頭突起太多之外，都很好用: s22u剛上市，就換成s22u了，使用心得就是，能收納筆的s21u，其他方面，幾乎無感....: ，對了，長焦10x拍照的成片率提高了，不過畫質還是不能跟其他鏡頭比，偶爾拿來當望?: 鏡看看遠方東西還是挺方便的: 簡單說，如果筆是剛需，那不用考慮直接換s22u: 如果沒在用筆，換s22u的必要性不高: ※ 引述《clittlemin (宇宙無敵第一超級小民)》之銘言: : 小弟有一台Samsung S21 ULTRA (128gb)，然後現在美國三星官網有一個加$200美金拿S: : ULTRA可以換成 S22 Ultra （256gb /12gb RAM)的促銷活動，其實我是很心動並打算要: : 換了: : 但上網爬文了一下，一堆人都說不要換，換了絕對後悔，自己也查了很多資料，但照理: : 這樣換應該怎樣都很划算，畢竟手機年份更新，更好的硬體，還多送了筆，重點是只花: : 0美金就有一台號稱Android的機皇: : 想知道大家有沒有S21 U換成S22 U的親身體驗，可以分享讓我參考一下，非常感謝！！:: ,期待你的心得文~。當然換，等你的心得嘿嘿。真的當折舊費也很划算。當舊換新、買筆、128的rom、換電池、延長保固/更新。高倍變焦細節有差啊。螢幕跟電池可以多用久一點也划算 坐等心得文。但外放喇叭退步了。電力很廢偶爾還會lag note 10 plus屌打,2022/05/07
Re: [問題] S21 ULTRA 換到 S22 ULTRA,我是note10+換s21u換s22u簡單說一下心得note10+平常使用很滿意，筆很好用，但指紋有夠難用因為指紋太難用，s21u出來時，因為沒有筆，且有新款note的傳言，所以等了一陣子沒換，確定不出新款note以後，就買了s21us21u除了沒有筆（不能收納的筆太麻煩了），鏡頭突起太多之外，都很好用s22u剛上市，就換成s22u了，使用心得就是，能收納筆的s21u，其他方面，幾乎無感....喔，對了，長焦10x拍照的成片率提高了，不過畫質還是不能跟其他鏡頭比，偶爾拿來當望遠鏡看看遠方東西還是挺方便的簡單說，如果筆是剛需，那不用考慮直接換s22u如果沒在用筆，換s22u的必要性不高※ 引述《clittlemin (宇宙無敵第一超級小民)》之銘言: 小弟有一台Samsung S21 ULTRA (128gb)，然後現在美國三星官網有一個加$200美金拿S21: ULTRA可以換成 S22 Ultra （256gb /12gb RAM)的促銷活動，其實我是很心動並打算要: 換了: 但上網爬文了一下，一堆人都說不要換，換了絕對後悔，自己也查了很多資料，但照理說: 這樣換應該怎樣都很划算，畢竟手機年份更新，更好的硬體，還多送了筆，重點是只花20: 0美金就有一台號稱Android的機皇: 想知道大家有沒有S21 U換成S22 U的親身體驗，可以分享讓我參考一下，非常感謝！！！,重點還有原原Po只需花200美金吧，一台手機成本假設3。萬，每年折舊攤提的成本很容易就超過6千了，除非能用。超過五年，而且它還是成換2022機種。。*換成。長焦的部分有差啦，S22U換索尼的CMOS，30倍在S21U很勉強，。在S22U好很多。只花200鎂，換新機保固又重算，當然換啊。即使s21u和s。22u差異不大。長焦常常用 筆也用就換 其他沒差很多….。你有沒有看人家只要兩百美啊 6000塊換全新電池、保固多一年。、長焦、筆 折舊都不只六千啊。花兩百美很划算啊。想換就換。我只是分享自己的心得而已。。兩百美也是錢啊，如果真不在意錢的話，直接換就是了，何必。上來問大家心得？。請問指紋難用是難用在哪邊呢 我是不是上了保護貼的關係？。+1 S10+換S22u，除了相機其他無感...。我n10+貼水凝膜 拇指交叉設定秒解。不過我的筆在更新幾次後突然不能遙控了,2022/05/06
Re: [問題] S21 ULTRA 換到 S22 ULTRA,※ 引述《clittlemin (宇宙無敵第一超級小民)》之銘言：: 小弟有一台Samsung S21 ULTRA (128gb)，然後現在美國三星官網有一個加$200美金拿S21:  ULTRA可以換成 S22 Ultra （256gb /12gb RAM)的促銷活動，其實我是很心動並打算要: 換了: 但上網爬文了一下，一堆人都說不要換，換了絕對後悔，自己也查了很多資料，但照理說: 這樣換應該怎樣都很划算，畢竟手機年份更新，更好的硬體，還多送了筆，重點是只花20: 0美金就有一台號稱Android的機皇: 想知道大家有沒有S21 U換成S22 U的親身體驗，可以分享讓我參考一下，非常感謝！！！我人剛好在美國 也是拿S21 Ultra正在想要不要換 雖然沒什麼需求但只要200鎂就有一台新手機可以用感覺很超值想問一下美板跟台版的 除了沒悠遊卡也沒辦法用samsung pay之外有甚麼另外差異嗎?,可以用Samsung pay。我美版機S22U搭中華好像沒5G，硬體應該有支援，不知道是。不是電信商也要調整。。回台灣可能沒辦法CA。美版的SOC可能不一樣。美版的是snapdragon。換。s22不是會過熱評價不好嗎。手持s22 ultra覺得還好啊 不會很燙 除非高強度錄影吧,2022/05/05
[問題] S21 ULTRA 換到 S22 ULTRA,小弟有一台Samsung S21 ULTRA (128gb)，然後現在美國三星官網有一個加$200美金拿S21 ULTRA可以換成 S22 Ultra （256gb /12gb RAM)的促銷活動，其實我是很心動並打算要換了但上網爬文了一下，一堆人都說不要換，換了絕對後悔，自己也查了很多資料，但照理說這樣換應該怎樣都很划算，畢竟手機年份更新，更好的硬體，還多送了筆，重點是只花200美金就有一台號稱Android的機皇想知道大家有沒有S21 U換成S22 U的親身體驗，可以分享讓我參考一下，非常感謝！！！,S22U的望遠鏡頭跟S21U比好很多。當然換 為何不換?S21U再怎樣也只是跟S22U打平 你舊換。新又提升容量只花200刀 賺翻了好嗎。如果台灣也有我還不換爆。爽啊，換啊= =S21U換S22U路過。換啊 才200美金當然衝了。200美元當然換。換吧，處理器相同程度，相機升級還加筆，很值得啊，唯一。變差的就是機身變寬，還有震動變弱可能會漏接電話。望遠鏡頭真的是巨大升級啦，可是其他的我想不到有哪。裡升級。不過只要200美，哪裡有理由不換？香爆好嗎。上面都認真？ 我記得S22U不是問題超多嗎   幹嘛花兩。百還一堆問題的   而且才新一代又不是很多。完全不覺得哪間會真的是佛心出這種活動。s22u爽爽使用中。爽用中值得換 沒用的人總說有問題 很怪。我S22U自3/02預購取機用到目前還沒啥問題，應該ok啦。我也是這樣覺得幹麽還不換起來，但是美國一堆留言都在。酸，謝謝大家的回應。很划算啊。S21U的回收價等於快 TWD30000。才花usd200就可以換新機，蠻值的換的。台灣叁猩：貼3萬給你換哦嘿嘿嘿。基本上都升級啦 只有續航和發熱不好說。連美國人都知道買三星很盤，就只有台灣是死忠的。我預購換不到一星期就賣掉換回S21U供你參考。但你的狀況我會換，容量差太多了。你這價格完全可以換吧。才200鎂幹嘛不換，不好再賣掉，虧損也不高啊。我是s21u換s22u 覺得不錯啊 但我是因為s pen換的XD。S22U問題超多？請問哪裡的消息？現在真的可以這樣亂黑喔。一定會換吧！感覺划算。S22U正在爽爽用 沒遇到問題 多一隻筆超方便。震動真的弱 會沒發現有電話進來 不是機器有問題漏接。這兩支都只有一個共同的問題就是處理器不夠旗艦，其他部。分是沒什麼問題，螢幕跟相機都是頂級的，系統 bug 也比。Pixel 少很多。。會覺得花原價買很盤完全只是因為不想花大錢買那種爛 So。C。。某樓說S22U問題多？發表到目前為止被詬病最多的就那。顆爛製程的處理器而已吧。單然要換啊鬧。換 200美金當然換。我想問是，才差一代為何要換，是要筆嗎。系統調教還是很差啊 開相機有夠卡 難道s22u不會只有其他。兩隻卡？。S21U活動送殼的時候不是也送筆?。換換病發作 直接換。我s22跟s22u都有…u版真的是調教的比較好。s22+續航好嗎。說美國人都知道買三星很盤，只有台灣是死忠的，知道三星。在美國市占率還是20幾%排第二名嗎。很簡單  有錢就換。個人S21U舊換新S22U覺得沒太大改變，主要是用購物金買。GW4C，最有感升級的是方正螢幕、筆、相機畫質和外型。200美金當然換啊 折舊都不只兩百鎂 加上新的電池 潛望鏡 筆。做在裡面 更強一點的算力 以後多支援一年更新 傻了才不換。買全新的話很傻沒錯 但才兩百鎂耶。S22ULTRA 問題不多 只有遊戲體驗不好，有時候機身溫熱這。樣，加上續航普普。我就是這樣換 相機升級超有感。當然要升級。酸民的意見看看就好 手機是你自己在用。阿不就國外說不要換的網友都在鬧? 自己想想這裡比較。值得相信還是國外吧，順便想想推這活動的原因。賺爛啊 200美而已 要是在台灣應該會被換爛。當然換，這隻不錯啊，上個月銷量也贏13 pro max ，不。要被這版的果粉帶風向。事實上就是s22u沒什麼問題 硬要黑真的笑死。沒甚麼好換的，除非你需要筆。才200鎂，該換了。是我就換了,2022/05/04
[購機] iPhone 13pro max /S22 ultra,範本格式 (請依序謄寫，禁止更動格式，綠色範例可刪除)──────────────────────────────────────1.預算範圍/考慮機種：iPhone 13pro max /S22 ultra2.使用需求(螢幕尺寸/拍照/效能/續航力/防水/記憶卡...等)：日常上網、PTT、輕度手遊、音樂3.品牌喜好(不要XX品牌，要OO品牌)：三星 一直都在使用安卓4.補充說明(補充上述未提及之其他需求)：人生從沒用過蘋果，之前也是一路安卓到現在，手上拿到是S10+，原本的計畫是去換電池再戰一年，因為這兩年安卓真的讓人失望。但是我老婆給我建議，如果現在花一千三換電池，明年手機殘值又更低了，不如趁現在二手價5000換掉，改投入蘋果陣營，幾年後想換手機，舊手機又保值，輕鬆無痛換機。問題是用安卓習慣了，對於iOS系統很不熟，希望板上有跨系統的大大給點建議，跳的優缺點，感謝──────────────────────────────────────,二手保值…那你老婆有推薦你買二手iphone嗎？說穿了。沒必要幫人清庫存，要的話直接上新iphone，看你是要。最低價的SE還是過季旗艦，跟老婆借來滑不就知道ipho。ne適不適合。一隻旗艦機/一隻旗艦價格的電子垃圾 看你對***的信仰有。多虔誠。這種我一律不看內文直接推薦蘋果。跳iphone吧。這樣你就不用再擔心別人的眼光惹。你老婆幫你出錢嗎?。輕度手遊就選s22 ultra吧。以前Note 9換iPhone 11，玩遊戲的質感和順暢度有提升。！。買三星3萬多你后悔。換電池就可以滿足你的需求的話，幹嘛換手機？二手賣掉的錢。加上1300還不夠買你看中的這兩隻吧。這個……不用問吧。當然秒選。還是以功能適合自己為準 不要因為一大堆人用蘋果而去。強迫自己使用。多去看板上比較ios跟安卓系統優劣勢的文。三星這種高學習成本系統都會用的話根本不用擔心老人。都會的iOS用不了，只是怕你跳過去會發現以前習慣的功。能都沒有而將就，不過順暢感絕對是大大提升就看你個人。需求了。別選會lag的手機。iphone 其實沒比較保值。看那 11pro 也跳水了二萬，都比當時我買 S10 還貴了。以你的需求，可能需要一些時間習慣介面，不至於太痛啦。，除非有什麼用的很習慣的功能只有安卓才有。功能取向，如果你常用的功能只有安卓或三星才有，那。就是三星，反之兩者都能應付你的需求那就是蘋果，舉。例來說我會拿手機刷悠遊卡所以選三星。我妹夫 我主管本來都用NOTE 現在都改用13pro max。給你建議。捏半年換14破妹子。如果原手機內line的內容很重要的話，需要花心思轉移。。（我自己是付費請人轉）。不管老婆說哪支，一律建議聽老婆的耳朵清靜。前陣子pixel5壞掉送修暫時用了2個月iphone13，小結。論是螢幕好看、外放好聽、畫面順暢，但返回操作、輸。入法跟屎一樣，這期間是我人生中最頻繁地加上使用左。手來點螢幕，連線傳照片影片到電腦(win)還會一直狂斷。Happy wife happy life。家人用習慣安卓千萬別換iphone給家人 慘痛經驗 被罵。說怎麼之前有的功能現在沒有 然後一直問什麼功能在哪。問完之後說怎麼搞這麼麻煩。或許小米12 pro也可以納入考慮，比S22U便宜很多，照相。跟效能也跟S22U不相上下。如果沒用過蘋果，就買iphone吧，多嘗試不是壞事。。其實沒差，安卓12的介面跟ios15.4有87%像了。小米拍照跟三星差不多？？？你認真？。本人今年過年左右跳系統到iOS，熟悉個兩個禮拜大概。就ok了。讓我比較困擾的是不能安裝apk和資料傳導有點麻煩。總之還是要看個人習慣啦～。去年10月轉i13pm 除了沒有指紋的缺點外 都可以適應。系統只有順。有預算考量的話，先跳i11或12PM熟悉系統。用習慣ANDROID後換IOS是痛苦無比..但近年安卓機都不太行。我覺得現在跨系統已經不像以前差異那麼大了 給你參考,2022/04/12
[討論] S22 ultra看到線條/排列是正常的,https://m.mobile01.com/topicdetail.php?f=568&t=6568944已經有S22 ultra苦主出現，螢幕上有線條是屬於正常現象，不在保固範圍內https://i.imgur.com/pjhJtEk.jpg,"合理啊，怎麼會是三腥的問題呢？。我大三星絕對沒有問題。這麼明顯 正常個頭呀XD ***吃夠夠。太扯,三腥吃人夠夠,幫高調。三星猛將石頭哥即將前往戰場。不過這是螢幕的共同問題嗎？。好誇張。厲害！，標題完美洗弟！。iphone6彎曲蘋果也說正常啊。看到排線根本不影響使用！一堆雞蛋裡挑骨頭。一隻才2萬多要求這麼多。還好我只買過季跳水旗艦。某G有夠可悲。還好我是s21u。樓上...那圖就是S21啊。啊，看錯，沒事。笑死。沒價值滾去用貧果。購機時要買個保險，不換就摔一摔？。你們這裡就繼續洗齁，那個照片有曲面螢幕也要洗成是 S2。2，再洗成一支只要兩萬多，很會喔。。22u洗成22 很棒喔。已不打算再買三星 這品牌現在不行。曲面螢幕洗成S22,厲害啊。絕對不承認。是曲面的ultra 啦。賣之前怎不公布。這家等他把錢花在手機品質上再買，花一堆錢在行銷上，請。一堆寫手買一堆業配，都沒顧品質，這品質能叫旗艦手機？。難怪銷量那麼悲慘。買中杯有超大杯的體驗，佛心公司。樓下不是po過 #1YInrVDR。我以為是我反應影片黑色背景線條的問題。信仰不夠，請充值 蘋果鬼影還不是很多人愛 XDD。黑成這樣我還是照買阿，因為我手上這台沒有，懂?。樓主是苦主嗎？。如果不是每一台都這樣,三星怎樣都凹不過吧!。直接消保官申訴吧!假如不給修 or 退的話!。就算不是苦主又如何？。換螢幕只要 7500，很佛心了，不要再抱怨了，珍惜佛心企。業。。Note10也沒搞成這樣，完全消火了。慢這麼貴只有這種品質，我覺得不行。花了41900+換螢幕7500，花了快五萬買一隻螢幕完好的。手機，好佛心啊～～。原來這樣還不能抱怨。極限窄邊框當然會有各種狀況出現 各位星粉請體諒 好嗎。別的論壇已經討論出這種現象屬於人工組裝的錯誤螢幕與機。身貼合時凹到。什麼鬼邏輯 等你有遇到後再來講要不要再買。好醜 還以為是給外面小店維修沒弄好。下一代用頻果。reddit跟酷安沒看到討論這個的，個案比較多。01這種猜測言論還能說出來，什麼越南組裝人工凹到，現在手。機組裝全部都機器組裝了，只有在成品組裝完成後人工看有沒。有組裝瑕疵。早就退貨的沒煩惱啦 明年加油好嗎。好瓜張喔  花這樣的錢 說是正常？。酷安有更多22U其他問題 鏡頭歪/塗裝/橫紋/入塵等。神神神。三星要倒了。66666。這種品質還能護航到底，真是欽敬欽敬啊。。女孩手機欸，真的有條線。哈哈哈 三星 哈哈哈 比iPhone還貴的價格 比菜市場地攤還爛。的售後",2022/04/05
[問題] 關於s22 ultra的螢幕公告,https://i.imgur.com/NGknfmP.png如題家人在2/15於三星智慧館預購s22 ultra取機的時候發現螢幕右下角有顯示不平整的現象智慧館人員以新品不良送往鑑定神腦判定螢幕為正常情形無法提供新品不良更換因為官方有發布此公告不影響正常使用，消費者不用有疑慮但家人對於這個瑕疵無法釋懷不過這個公告是在3/8公佈的已經預購的手機也無法進行退貨所以想請問各位有什麼解決方法在別的論壇也有類似的災情https://www.mobile01.com/topicdetail.php?f=568&t=6553958,連ultra都品質都這樣  只能買蘋果了。三星連Ultra都這個樣子，真的不用出來賣了啦，收一收去買。蘋果還比較好。不能兩週內退貨嗎？。從最小支的，再到 S22+，現在連 Ultra 都有問題出現了嗎。？。這個拍照都這麼清楚了肉眼看到應該疙瘩到不行。。如果每隻都有就不算災情...吧?。花旗艦錢買電子垃圾本來就是買信仰的...拿到東西是什麼。看起來每隻好像都不太一樣 有點雷啊。有什麼好在意的...。笑死 這就災情啊 若這不算災情 那手機每隻都紫光每隻。都爆炸也不算災情。良率這樣也吞，難怪可以繼續賣。話說這代螢幕有換了啥製程嗎 還可以搞這齣。看來只能硬吞，錢都付了才發這種公告也不能退有點無言。成因可能是什麼？。我的螢幕是還好，不過這不給退大概就像亮暗點只能用網路買可。以無條件退躲過。旗艦只是虛名吧 賣那麼貴 鎖效能就算了 連品管都堪憂。明顯瑕疵也凹正常  三星可以收一收了。花錢買了個傷心。沒差啦 反正就算這樣還是覺得 安卓>蘋果 嘻嘻。厲害了 發個公告說不影響使用就無敵了==。畢竟是死忠的。看不太出是什麼問題，有沒有多一些相關的圖片啊？。還好已將三星拒絕往來使用。。感覺做工不行 邊邊沒切好？。廣告打那麼大，結果災情連環爆，可憐哪。自己是三星的用戶，實在不敢相信有這麼扯的事情。爛到笑，嚴格的品管還會讓這種螢幕出來。回收的時候螢幕有這狀況還會判正常嗎？。如同樓上的，想要更多相關圖片。。回收這部分三星沒有特別說明耶，不知道到時候我們用戶。說這螢幕屬於正常現象會不會被折價。不是要護航，但是我手上沒事啊XD。我真的無法理解三星為啥是安卓龍頭。既然有人手上的沒事，那就表示是瑕疵應該換新。先把官方的公告截圖下來當證據，免得未來哪天偷下架。不認帳，正常現象變人損，舊機回收直接打B級變垃圾。官方雖宣稱不影響使用，但這確實就是瑕疵啊，而且我。怎麼知道這問題會不會間接造成螢幕壽命縮短？瑕疵還。不給換真的很沒道理。誰懂韓文的去查查當地敢不敢這樣搞。吃定呆丸人....。公告跟廢話沒兩樣，也沒有說是使用新製程才造成這問。題，不然哪家手機的面板不是用壓合技術製造的？別人。不發生，就你發生；自家近兩三年的旗艦沒事，就這一。代有。畢竟是死忠der。嘻嘻 板上繼續捧星酸谷 旗艦機貴快一倍 這種品質笑死。人。不影響使用但體驗已經受影響了欸。哈哈哈 這種品牌連s23都不想等了。明顯瑕疵也凹是正常現象，消費後才貼出公告，就是要。消費者硬吞嘛。呵呵，買***就要面對他們的服務啊，前不久不是才幾篇？。P6首批也有前鏡頭歪斜的問題，好像大家急上市組裝品質都.。世界怎麼跟得上三星。太明顯了吧。我的22u也沒問題，不過要是我拿到這種，我一定超不爽。，那以後玻璃裂掉還可以滑，是不是屬於不影響功能使用。而拒保範圍...。台灣死忠仔還是會力挺三星的啦。悲哀啊 星粉還愛的下去喔?!。一堆沒買的在亂酸，板上有買的大部分都沒問題。雖然我S22U沒問題，但這個明顯是機王了吧，會很在意它。樓上有調查報告？。大部分沒問題，但少部分有問題不給換說不過去吧。我買沒問題啊，但是這公告就是爛啊。比亮暗點還爛。這種品質正常？三星正在走HTC的道路了。大部分人沒問題，但好死不死就遇到了…。版上有買的大部分沒問題是如何得知的？超能力嗎？。也向大家分享三星這次不想處理+公告就打發的行為。三星旗艦就這種水準？？。笑死 版上繼續推三星啊。覺得這現象很普遍也是沒有依據的腦補，不過我是不能接受，能。吸引媒體的注意是逼三星改變是最好。還有人執著在這可能是個案？啊這種處理方式就不對啊。跟是不是個案有毛關係啦。跟之前P6鏡頭歪移一樣耶 有夠可悲的品質。你沒碰到 別人有碰到 那就是代表品管爛阿 廠商還不處。理你還幫答腔 吃定消費者阿。以後大家一起拒買三星，你我有責，讓這種公司下去，不要。讓三星吃定台灣人。那些愛笑它牌螢幕爛的一樣通通消失…改出現一堆護航的，呵呵。這公告是在講什麼幹話。三小 現在連S22U都有問題喔。這種外觀瑕疵三星還想發個公告就打發人。到底怎麼敢的啊。現在能買的非中國牌是不是只剩sony了呀…。如果說是個案的話那應該沒幾台，直接給苦主換新不就好了。三爽這個處理方式真的是腦袋有問題。你們這不是越描越黑嗎？大部分的人都沒問題，那為什麼不。給少部分有問題的人換機？。大家都沒問題的話這公告幹嘛發。有公告就不是單純個案了好吧，三星就是想裝死，這種公。告還拿的出來表示就吃定你們了。基本上這種案例一定不少才會推說是正常情況公告不理。因為如果數量極少就個案換機處理就好，量多才會這樣做。之前還有人在吹出保幹脆？。三星螢幕的壽命本來就不長，到時如果這些瑕玼螢幕若是變。色要出保，三星會給出嗎？。林老師，還好我買i13pm。安卓旗艦真的沒那種價值。大概又會有人PO維修價目表來說，只要8K，沒有上萬。其實是7500啦XD…。還比我手上S20+還便宜。https//i.imgur.com/porLvi1.jpg。為啥別牌手機全貼合螢幕出這麼多代了都沒這問題？一定。是other產量太少，所以體會不出這種高銷量導致的正常現。象啦。太好了，佛心價只要7500！。比想像中的便宜一點(?。驚訝的是S21u、N20u、S20+、S20u、N10+的螢幕價格竟然比。S22u還貴，真是奇妙的定價。我太佩服這裡了，沒想到這件事最後還是可以轉變成三星很。佛心，各位真的是讓人甘拜下風。。三星真的是太佛心了，請大家多多支持良心企業，不要再黑。了。。沒想到有人連反諷都看不懂…。中國S22銷售好幾萬台，酷安沒一個有反應，應該是個案。佛心公司╰(⊙д⊙)╮佛心公司╭(⊙д⊙)╯。看清楚，那是反諷啦。我手上的也沒問題， 應該要多人去反應。旗艦手機品管長這樣…。三星這幾年怎麼螺絲越來越鬆的感覺。兩害取其輕，這風向當然帶成個案由台灣三星背鍋，通案還得了。真有趣，是如何得知酷安都沒一個有反應的？。三星今年一定島。幹嘛不買iPhone 這支的錢拿去買13 pro max還剩好幾千塊可以。吃大餐,2022/04/05
[購機] Pixel 6 Pro vs S22 Ultra,1.預算範圍/考慮機種：例：10K-20K/iPhone12 Pro Max、Note20U、XPERIA 5II1.S22 Ultra2.Pixel 6 pro2.使用需求(螢幕尺寸/拍照/效能/續航力/防水/記憶卡...等)：拍照(主要是拍風景)輕度遊戲3.品牌喜好(不要XX品牌，要OO品牌)：基本上Android 蘋果先不要4.補充說明(補充上述未提及之其他需求)：手上的note10lite用了兩年覺得拍照跟續航開始不太行了，玩遊戲的話lolm玩個一場就開始嚴重發燙跟掉幀，之前都是固定買三星但是拍照pixel好像不錯，有聽說過bug很多，不要太過於影響日常使用我覺得就還好。──────────────────────────────────────,"S22U推薦。常拍晚上風景pixel 白天s22u。S22U一票。要玩遊戲還是推S22U。有看到這兩支的拍照評測，可以看一下。續航發燙掉幀的原因是什麼？現在日常夠用，以後呢？。p6的bug在三月幾乎都修復了。推 p6p，好用。S22U。用了px5過保黑屏，無法開機，對他家手機沒信心了。就算是拍照好了 P6頂多跟其他旗艦差不多而已 之前d。emo給拿IOS的朋友看 結果顏色比他手上的XR還不準 有。夠尷尬。你要視預算購就買S22U或13pro別浪費錢買p6p這2貨了。22u。預算有到S22U還看P6P幹嘛=.=。預算不一樣吧P6P就省錢仔用的。P6現在真的可以推了，bug幾乎都修完。看你喜不喜歡原生系統吧，oneUI個人是不喜歡。S22U。你既然可以用Note10表示三星對你沒有障礙。兩隻都不會考慮。怎麼想都是s22u。你知道快到夏天了嗎？夏天沒人使用暖暖包的～。以長期使用來看根本難以正眼看待現在的安卓旗艦機。22U。pixel斷線問題根本沒修好吧。推pixel是想害人嗎。我從Pixel 4本來要換Pixel 6 Pro後來放棄改買S22U。2支都有 依你的需求22U會比較好。我是覺得一隻手機沒有值那麼多錢所以選了p6。s22u，筆的功能研究一下其實好用。很CARE玩遊戲發熱，只能IPHONE，這兩年的安卓旗艦已經到。落後三年的程度了。然後100倍拍到月球表面真的蠻威的。S22U 不要跟實驗品比拼。要嘴Pixel6的也不要誤導人。P5順跑沒毛病 要換會繼續選P。有的人修好，也有的沒修好。不純粹三軟體問題。沒修好，官腔。叫你等到更新就會修好。。一分錢一分貨。充電應該是各家最慢，二小時還不一定充飽。。其一，Google這次硬體大換新後bug爆表是事實，雖然經過。了漫長的五個月都百來個百來個bug在修，但目前已經終於。是稱得上是可穩定使用的狀態，前期就入手的人肯定是會不。爽，ˇ也導致他風評不好、價格也下跌，不過現在反而是適。合符合需求的人入手時機。https//i.imgur.com/BsX28n2.jpg。其二，會斷訊的不是bug，而是拿到不良品，依照Pixel社團。之前的統計是約兩成會有斷訊的情況，而因為斷訊問題去申。請RMA換機後的整新機的確沒有斷訊問題的包含我個人都可。以證實。繼續等 現在安卓旗艦核心太廢。何況又有遊戲用途。你可以分析其他的確各有優劣的需求選擇差異，但是那種因。為他是Pixel 6就什麼都爛、不用考慮的說法，反而是最沒。有參考價值的言論。回到PO的主需求，拍照、尤其是拍風景，這是Pixel 6的強。項，尤其是有優秀長焦的PRO。這兩個當然是 S22U 阿。遊戲需求是輕度，那表示本來Pixel 6在性能上相對較不突。出的一面應該可以做到勝任，只是缺點可能是會耗電一些。這時要選擇的就是看主需求的優點是否遠大於其他。p6pro gsm續行不到90 直接再見。piexl 6 pro 斷線問題沒有每個人都給rma 我看很多都是叫他。們等六月更新 頂多給官網折價券 還是你有包一定給rma換沒問。題的XD。續航也是要看是那方面，他的洞主要是在5G連線，4G的話其。實好很多，而且若是看影片的話，他的續航表現反而是前段。班。只能說希望P7會更好 那我就會買了。@MK47 是有看到有被請等六月更新的，但你的很多好像跟我。不管是在Pixel社團還是板上看到的都有落差，不是你自己。說很多就是很多，更多我所看到的反而是前面已經有爭取一。段時間的人(像我就是)陸續rma成功、拿到不會斷訊的整新。機，至於你又蹦一句什麼要人家打包票的邏輯，也是很沒有。意義的嘴砲，請問我們也就是經驗分享，給參考，又不是官。中午才有人推文說P6換機後還是斷訊，就這品質？。方人員，是要給什麼一定ram換沒問題的承諾?。更多的恐怕是板上一堆根本沒在用p6的，在""幫忙""罵p6。https//i.imgur.com/OaBHEj2.jpg。噓Ai學習大師又來了 翻車一次不夠還要推別人第二次。我會建議至少要跟Google客服再回報有此情況。這也是保障自己的權益。至於後續要怎麼處理，再繼續溝通。續航拍照遊戲都是S22U>P6 pro。至於那種只想著找機會攻擊人、貼標籤的，是不是有參考價。值，可以再多思考一下。廣告公司做手機的能力太差了，Pixel 6 強烈建議避開。。就算要比長焦肯定也是 S22 Ultra 遠優於 Pixel 6 pro。。@DemonElf 是不是很多不知道啦 但我看有人說不給RMA fb社團。、xda、raddit 你講有人rma成功 就跟你說不是每個人都可以。rma 斷訊問題也的確沒有六月更新一定能解決 官方只是叫人等。推別人入坑話不要只講一半。XX比雞腿。自從RMA成功後 AI大師又重出江湖、說話又開始大聲了 笑死。rma成功我絕對不是第一個啦，而是早在我之前就很多案例。，我反而是本來還在等更新看能不能軟體排除的，是看不管。是板上還是Pixel社團都已經有不少成功案例，才也自己去。換的，不然我本身在外島，轉收麻煩很多，可不像台灣本島。那麼方便。要說說話大聲，駡Pixel 6的一直都沒在小聲的吧，還是用P。ixel 6、喜歡Pixel 6的都沒資格說話，是在霸凌嗎？。沒說你唯一RMA成功 不要捏造別人的話 只是說可以看一下RMA沒。成功的 社團21小時前那篇就兩個人講要RMA 客服要他們等 也沒。人說你不能講話 不要裝受虐兒吧 我是指話不要只說一半。樓主主要是拍照當然就選P6P，其他問題不介意就沒差。我兩隻都有  我的話會先選s22ultra。效能  拍照  功能上都是s22 ultra 較優。P6P。兩支爛手機選一支XD。但一律建議Pixel 6 才能上來多討論。這也能吵起來，還以為主題是討論蘋果跟三星呢。預算到就22u呀，起碼是平均85～90以上的手機，拍照硬實。力還是三星啦。別浪費時間在不穩定的產品上 讓板上喜歡的人自己去就。好 錢包跟時間是自己的。買s22u。到時候p6p要上課 板上的也不會幫你處理。我是覺得啦 自己時間不值錢不代表別人也是。Pixel 7。斷線問題這個很簡單啊 有人換機就解決 有人更新就解。決 有人換第三方ROM就解決 有人沒問題然後更新完就。斷線 不管是哪種情況 這問題從來就不該發生在2021年。出來的手機上 懂嗎。手機買來還要換來換去，還不一定有得換，買來用還是買。來擔心的。S22U。有人花了一堆時間搞那隻手機，然後說這隻好棒棒，大家。快來一起，這擺明就是不能只有我一個人慘的概念。推s22U。所以現在買pixel6要抽抽樂？。買到有斷訊問題的接下來玩換換樂？。換換樂還要預刷信用卡嗎。2022了。買隻手機還要靠運氣抽到不會斷線。運氣不好買到會斷訊的。還要看客服給不給換貨。還有人敢推薦喔…。22。S22U的對手是Pixel 7 Pro。XD 這樣就被霸凌 我看你是沒被以前板主弄過吧。秒選S22U。s22u。P6P拍照錄影都非常好，P5的完全升級版.。這兩隻的價格怎麼會放在一起比...。因為他需要手機 都符合條件 又不是看預算 很難懂嗎。說實話s22ultra 我用到現在沒遇過什麼燙人噴火龍 ，我遊。戲+充電就是溫溫的 只是續航真的soso 要是可以靠OTA更新。讓續航更多1小時就這隻還不錯。P6P好用啊 怎麼不能推。推哪隻還要看誰臉色啊XD。拍照選pixe。如果有S22U的預算會選這隻吧，畢竟有S Pen可以玩。P6P。我現在用p5, 下一隻不會再用pixel。兩台都好機，但還是推S22U。選s22u。拍照pixel只贏在拍照體驗還有天文模式。要比長焦s22u的30倍還是屌打pixel。還有夜間pixel拍人跟拍鬼片一樣，偏綠到不行....。有預算考量,比較推P6P,可以接受2手的話,現在價格超殺。不推p6。https//i.imgur.com/YYAxK9J.jpg。https//i.imgur.com/foz7gAi.jpg。https//i.imgur.com/XYxoCM1.jpg。pixel夜間偏綠成這樣。好像農曆七月到了。紅奶跟綠奶，各有風味。。pixel能調雙曝光和色溫，但不能連拍。另外pixel6充電慢又。挑線、頭，不知道後續是否有改善。。pixel 6相機是強在“該價格帶”有相對不錯的表現 再上去。三四萬的手機根本不輸pixel。然後三不五時就有人在板上發pixel問題文 只是沒人理。沒錯，pixel不附充電頭，但用非原廠的某些頭充電極緩慢。pixel充電溫控也很嚴，30幾度速度就會慢下來了。系統。順暢度來講還是原生的好，不過P6這代問題比較多建議pa。ss。兩台都用過,推薦s22u雖然常常溫溫的但是至少不會斷訊。然後現在用13pro max。沒有預算問題當然是S22U 輸p6p的地方小輸 贏的卻贏不少。整體還是比較好一些。https//youtu.be/DkpL2GIq0Jc。看過千千拿三星拍攝的影片了嗎？。這邊好激動 我是不知道其他人啦 反正我的P6P從拿來到現。在沒有啥斷線的鬼問題 不過我4G 阿如果說實話是害人我。道歉。那天整天AI 的是不是吃到八卦版塔綠怪的口水阿。請問163樓妹子是哪位～。反正都是給三星賺 賺多賺少罷了。太大了吧。請問耗電的P6是不良品還是...?。p6很明顯就是要抽獎 抽到沒問題的機率微乎其微。我會選S22U，原生系統南用死了。p6沒人3月更新完遇到上滑失靈嗎..。喜歡BUG選p  喜歡當盤選三星。兩隻價差一萬多，我會推P6P，但這不該是同一量級的產品吧。撇開一堆bug問題 S22U也是各個層面贏P6P 即便是P6P最強。的拍照都輸S22U 這種狀況下不懂為何還要考慮P6P 如果是。品牌偏好我建議等P7吧 P6P發表至今已經注定是失敗作了。從前一陣子陸續也有G社致力開發P7的消息 整題感覺還是。可以期待一下 雖然我覺得當時P6P還有不少bug未解就開。始在廣告P7也很奇怪就是....。說S22U拍照贏P6的結論也太主觀，他有贏的只有長焦表現。不是手機比較貴拍照就比較強，多看些評測。10lite換22u主相機拍照會覺得lag  pixel會覺得變快。P6P太醜了 我選22U。S22U在大家都有的焦段表現就是一般。然後抓拍/速度上是弱項。s22沒有拍照全贏啊！部分有贏而已 別太主觀。我是不知道推Pixel 6的是在想啥。P6的充電線跟頭買小米的就超好用 不到300元...。紅明顯，目前p6p一堆遊戲會破圖沒修好。推P6P 果粉轉谷粉P1-P6 根本不想回蘋果。看上面的圖 完全不想買p6…。預算不是問題就直接選貴的了吧？如果u22輸一個比他便宜這麼。多的手機就真的慘了…。拿Samobile01的評測說S22U拍照碾壓P6P不會太扯，國外評。測是根本相反P6P比S22U好太多。https//bit.ly/3wUojXp。有些人真的會特地只看評S22U贏的文章看，所以才說要多看。Pixel6夜拍。https//i.imgur.com/qPW3M06.jpg。如果你愛拍會動的東西，那就別選S22。三星拍動的東西是弱項，會糊掉或殘影。P6的充電問題是你永遠沒辦法估計充電速度 平常放著。充沒問題 如果要出門想拉高電量就是問題了。原po在意使用感受的話就別選一堆bug的p6p。在意拍照的話推薦不同評測多看看，P6P絕對沒有全輸S22U。，喜歡三星的附加功能可以選三星。不過P6P在三月更新以。後基本上穩定很多了。。原PO基本上講到P6 bug多的都可以忽視，3月後已是不同光景。https//i.imgur.com/wbkSAaw.jpg S21U夜拍。P6P再厲害也拍不到這樣的畫面w。嗯嗯 大家都想拍月亮。223樓說的是真的嗎，s22本來想買來拍小孩，很容易糊掉嗎。P6P的Gcam有人臉清晰，拍小孩臉真的很清楚。S22那算是三星自己的問題 有克服的可能性 但是...他是三星。月亮就用p的啊...。輸了就找各種藉口 XDDDDDDD。可以跟月亮合照嗎？。都2022了還在執著月亮是...。https//i.imgur.com/DcoYzdT.jpg。焦段只有50mm的萬元手機，照相的當下就可以p出這樣的。月亮了。看下來，PTT手機板還是不錯，嘴歸嘴，還是會有人願意多。分享或談一些有用資訊，買東西本來就是看需求，不然花大。錢還買了不一定是合用的，那才是真正的冤大頭。像是有小孩的家庭要隨手拍，要捕捉會動的東西、尤其是小。孩動來動去又要拍出清楚的臉對焦，那已經有face unblur。新演算的Pixel 6就還是比到目前還沒有的三星旗艦都強。如果比的是拍月亮，那就像上面的是s22u大於p6p。自己可以看平常到底比較需要用來拍什麼。有些來路不明的評測看看就好 我自己拿p6p夜拍也沒偏綠。月亮用算法p的啦 笑死 華為跟三星喜歡搞這招。不推p6 現在還有指紋辨識圖案對不上指紋辨識的位置問題。之前還沒有 更新三月更新就出現了 真的很google。推...推文又大又清楚。指紋對不上的要不要跟那間銀行的開發商回報一下?。我自己平常在用的小七、全家、中信、line pay是都正常。兩台價格差了這麼多，實在沒什麼好比的。單講拍照S22U 的焦段從超廣13-200真的很猛。但看DXO的評測分數是P6P贏一些...。與其在這看網軍的留言，不如自己比較吧。推P6P，目前使用下來沒有斷訊問題，指紋辨識成功率極。高，拍照上也不錯，遇到過的bug只有電量-1%時螢幕卡住。的問題，但3月更新時解掉了。有點疑慮的是玩遊戲時電。量耗得比較快，但手機應該都是這樣。行動網路待機耗電。的比例微高，這個會跟收訊有關，續航中度使用撐一整天。沒問題，行動電源已經好久沒帶出門了。無線充電是真的。很慢，但一方面很保護電池倒又覺得不錯。整體來說-滿。意",2022/03/31
[問題] 三星S22 Ultra鏡頭貼,請問拿S22 Ultra各位大大，鏡頭真的有需要鏡頭貼嗎？可否給點建議參考呢？無論是有使用過或未使用過經驗建議。看了一些文章有的推薦有的又不推薦，貼了反而造成拍照效果不佳。,別用，浪費旗艦機鏡頭。問了就是貼。果然不是只有iphobe使用者會做貼鏡頭貼這種事 哈哈。我是裸機派的 建議你都不要貼。預防勝於治療 貼了比較安心。超級需要，貼了畫質更好，夜拍還會出現一些光斑來增加氛圍。貼啊 怕成像不好 要拍照的時候再撕下來 拍好再黏回去。就好 給你參考。看你使用習慣吧 夠粗暴就貼吧…。鏡頭貼真的很智障-.-。你以為鏡頭貼是單眼的保護鏡嗎。建議你用鏡頭蓋，要拍的時候拆下來。拍完再裝上去就好。想拍靈異照片的話當然要貼。S22鏡頭有像iPhone鏡頭是藍寶石？沒有你就認命用鏡頭。貼。問就是貼。花錢買安心，建議就直接貼吧。別貼 完全就是浪費 就算有點小刮痕有不影響成像。為何要貼= =。貼鏡頭貼有什麼意義......。S9+，快4年了背板被我摔爆，鏡頭還是一點痕跡都沒有。讚喔快貼 XD。個人是覺得不用，除非你的環境很多灰塵怕刮到。怕就貼啊。不過我是n20u那種一大片玻璃覆蓋在鏡頭上的 中獎機率有。夠高我才貼。不然維修一片要1000 錢包會乾掉。不必貼 鏡頭超耐刮。鏡頭耐刮不耐摔。S20+只裝鏡頭框。除非摔到機不然鏡頭根本不太會刮傷吧。貼 強烈建議 嘻嘻。常放桌上而且保護殼沒高於鏡頭才貼。不用，除非你在工地或沙石木頭工廠。不用貼。工作會貼整片的，出遊拔掉。樓上的不考慮那種有鏡頭蓋的保護殼嗎？。廠商耗費精力開發特殊反光線鏡頭玻璃，然後就被廉價鏡。頭保護貼給完敗了，神操作XD。月經文。你覺得就那麼小一片 可以防什麼。推文有人以為三星旗艦的鏡頭不是藍寶石^^。不用貼 之前一隻手機用四年鏡頭連個刮痕都沒有。to43樓 可是有人做過鏡頭鏡片硬度 幾隻手機相比之下s22 u。ltra 是最低的。工作有時候要貼機敏貼紙，也不求畫質就用整片的比較。方便，出遊會用有保護蓋的。不要貼。我貼了號稱有AR的鏡頭蓋 夜拍變差且3x 10x鏡頭路。燈會直接一大坨破壞畫面。怒請推薦黏貼的店家撕掉，然後。這鏡頭蓋殘膠超嚴重，清理了好幾天。。另外整片的我是貼在手機殼,2022/03/29
Re: [問題] S22 ultra 用UAG還是原廠殼,每次看到包這種殼的，就覺得浪費手機廠商把背板弄得美美的用意尤其買旗艦手機的，怕摔到，更需要這種完全看不到背板的全包式愛講環保的品牌，怎麼不出個背板素顏的版本，省去高污染的電鍍工項對環保的保護程度比拔充電器更有用吧假設便宜個1-2千，算補助消費者去買自己喜歡的全包殼，大家都開心啊※ 引述《Francise (褪去的塵埃)》之銘言：: 最近想買s22 ultra 保護殼: 在板上爬文一下: 發現UAG聲量不錯: 聽說非常耐摔: 缺點是厚重 外型不好看: 且沒有立架,是的~~~。我也想過。https//www.onion-net.com.tw/news_detail/189。防護力很強 但是手機更大了。問題是裸機滑的要死。所以拿最素的pixel。三樓那個...會沒人想買三星手機了吧XD 不只醜還臭。完全認同。現在才發現？ 不然官方幹嘛出殼呢ˊ,2022/03/27
[問題] S22 ultra 用UAG還是原廠殼,"最近想買s22 ultra 保護殼在板上爬文一下發現UAG聲量不錯聽說非常耐摔缺點是厚重 外型不好看且沒有立架而原廠有推出一款立架殼除了UAG有推出一款特仕板 要價近2k原廠與UAG 價位都在千元左右若論耐摔程度 應該是看軍規等級聽說現在要通過軍規標準很容易所以許多殼都會特別註明""超過軍規""UAG的軍規等級說明（如圖）在4英尺 也就是1.2公尺防摔測試通過https://i.imgur.com/bRMHjyl.jpg而原廠立架殼也是通過軍規在1.5公尺防摔測試通過（如圖）https://i.imgur.com/PcAs88P.jpg雖然UAG只有1.2公尺的防摔測試但看大家還是滿推UAG不曉得是不是有其他比較細節特點若以原廠殼跟UAG兩者之間做選擇各位比較推薦哪一款","業。這款真的把手機包的不像手機 ==。比起三星原廠，我更相信UAG的防摔效果。你摔手機的程度嚴重到需要UAG就買啊 不需要就挑喜歡的。醜 我買SPG。一樓88888。不要買原廠立架殼，那個立架異常脆弱。拿去買保險實在，弄個輕薄殼就好了。原廠的支架超好用 S20+買的時候就送原廠那個殼了。這種殼真的醜爆了。清水套就好了 不然看顏色挑的 又把它包住幹嘛。UAG就醜而已，但防摔沒話講。我選擇spigen==。我也選spigen uag有夠醜。明明超帥 醜在哪。正常手機滑掉清水套就防的住了，軍規防摔殼大概要被。車撞飛才有差，平常只是讓手機很重很熱。用Spigen透明的 就是要看顏色啊 這那麽醜。puregear 好用真心不騙。坦白說UAG真的醜,把手機搞得很""軍規"",但防摔沒話說。SP家的,可以去淘寶逛一逛,會發現台灣真的是盤子價。我用雜牌殼也很耐摔 挑好看的就好。都超級醜 但你爽就好。我S22U買UAG透明的 還不錯。STD-810G測試標準就是1.2公尺，至於那個1.5公尺還鋼板。是怎樣我就不知道了，讓知道的人解釋。當然是原廠行李箱殼，質感完全不同等級啊。真的醜。我最後買spigen透明的 還行。UAG比較有高級感，Spigen超廉價。UAG這種美學死亡的設計還這麼重有人會買喔。UAG不錯用啊。。唯一建議裸機...。美醜就很主觀吧 像我是覺得UAG醜 比較喜歡透明背板。13pm裸機 給你參考。SPG。spg三種殼我都買了。手機殼就買來防摔的啊，難道買來裝飾？。casetify防摔好。原廠殼你的手機容易過熱，UAG比較能信任。UAG真的醜。我覺得gear4 黑的蠻好看的。原廠實在，包這個都看不出手機長啥樣了。原廠行李殼用兩年手機完全沒事。UAG＝理工宅。UAG有一個透明的 蠻好看的。要不是裸機會滑 不然我一定裸機 (目前用原廠透明殼)。原廠就好了 比較好看 UAG殼那麼難看。他只是一隻手機 有防護就好了。UAG那個厚度…手機更容易熱吧?。醜爆，我買PITAKA。UAG不好看QQ。UAU透明的耐摔手感好  但是肉肉的 防滑也普普。如果要買原廠行李箱殼，記得注意支架的部分會在背蓋。上留下點痕跡，但可擦掉，以及支架不能在手機直立時。用，太軟撐不住。UAG是工程師兼職設計師嗎，超極廉價感，有夠醜。我用hoda,防摔殼真的太醜…但真的很防倒是不假。常摔手機買UAG阿，不過就要承受那個外觀跟重量。保手機保險，然後拿美美的殼或者裸機拿。但我拿uag頂級殼，哈。Spigen 手感很好。只有原廠立架跟spg是精孔其他都菜刀。我當初車禍手機飛出去裝uag 殼完全沒事。透明殼比較推spg還是ringke？。有夠醜有夠臭。都好 選自己喜歡的。保護再好 但真的太醜。我用UAG透明款，還不錯。回sky00415：我有買Ringke透明殼，保護力沒話說但犧牲一點。手感（有點割手。https//i.imgur.com/Pq40Uly.jpg。Fusion X手感較差，另一款Fusion比較素一點。我為了那個立架買原廠殼耶， 有那麼爛嗎  我還沒裝上去試。的說。用過UAG，連手機保險都去退掉了。我買casetify。SPG+1",2022/03/27
[問題] s22 ultra影片的格紋(有圖）,"各位好：昨天晚上觀看Netflix ,D+時影片背景比較暗或是晚上畫面時螢幕上有很整齊的格紋現象要很仔細看才看得到會注意到這個地方是因為畫面偏暗的場景有人物移動時我才注意到所以按下暫停來觀察可惜的是用別的手機拍不出來格紋畫面目前只有影片會這樣還沒有試YouTube 不知道想請問其他拿這隻手機也有在追劇的版友是否也有注意到這個現象謝謝更新稍早看tab s7+也有這個問題但是沒有22ultra明顯也許是螢幕面板本身物理問題？另外在光線充足的地方下這問題就看不到",是看哪一部影片呢，我看碳變正常。先試youtube看看。我是看最後的王國，其實不明顯 眼睛要很仔細才看得到且手。機是拍不出來的@@。youtube也有，只要是背景暗的畫面就會出現整齊網格狀紋路。背景亮的畫面目前看是沒有。黑色網紋？https//youtu.be/T0P4naUM5go。串流的黑色有壓縮過所以會這樣。https//youtu.be/zzwZoIqRupE。我看這個就正常沒問題。先謝謝7&8樓 晚點用那隻手機看看。我會拿兩隻手機一起看影片做比較。我拍出來那種網格狀的畫面了。https//i.imgur.com/bDmgoHp.jpg,2022/03/26
[問題] S22 Ultra 右上角電池圖示消失,如圖http://i.imgur.com/38IRS8Z.jpg右上角的狀態列應該要有一個電池但是不見了而是一個空格不知道是Android12的鍋還是One UI有人遇過嗎？或是提供建議解法1.百分比打開會變空格+0%2.重開機無效，關機靜置後開機亦同3.沒有裝NiceLook或或改變主題的套件4.裝NiceLook(QuickStar)去取消那個圖示可以把空格消除打開後一樣是空格5.無開啟省電，開啟亦同,我也沒那電池，不過我是刻意消掉的，用Quickstar。現在不用Nicelock，直接三星商城下載Goodlock就好。我是關掉電池團案，但電量百分比有留。重開機試過嗎?。開啟省電模式就會出現了。樓上人家第五點不是有寫。https//i.imgur.com/imKyyYo.jpg。沒看到第一點 拍謝。https//bit.ly/3tBSY9H。巴哈有人跟你一樣 可以參考一下,2022/03/26
[購機] 13 PRO MAX  vs S22 ULTRA,1.預算範圍/考慮機種：1. IPHONE 13 PRO MAX2. SAMSUNG S22 ULTRA2.使用需求： 看yotube、netfilx，瀏覽網頁，遊戲跑跑卡丁車、灌籃高手 ，工作上大量拍照需求（需快準不易失焦 )編輯圖片等， 解鎖快希望快(無論帶口罩與否)，偶爾用於導航或開熱點，藍芽耳機通話，連結電腦傳送圖片文件3.品牌喜好：蘋果三星都可以4.補充說明： 續航部分能好當然是比較好，但因工作可以充電到也無所謂，容量部分現在三星也不能插記憶卡了很無言謝謝大家建議,"感覺會戰。13 Pro Max。三星拍照因為疊圖一定會糊，拍會動的不適合。兩隻看起來都能滿足你的需求，選喜歡的外觀或品牌吧。拍照體驗13PM比較好，連拍快速不失焦，續航最強，你只要忍。三星的連結至windows,很方便傳送圖片文件到電腦。感覺需求都可以，看外觀買吧。受爛熱點和無法直接連電腦傳圖片文件(改用雲端就好)，講白。了你用不到S22U的筆和超猛長焦的話根本不用考慮，其他需要。兩支都能滿足。用了幾年會脫手賣掉的話，選13pm。至於你要的功能，2隻都做的到。22U還有螢幕尺寸比較大，哀鳳有瀏海。iOS要傳檔基本上需要電腦端有無線網路接收功能。雖然一張無線網卡沒多貴 但android可以直傳還是方便得多。s22u 可以邊看影片邊做其他事。S22U：筆、多工、S PAY悠遊卡。13 PM：錄影、二手價較好(通常)。基本上妳列出的其他需求縣在兩台都能滿足，就各自特色哪。邊更吸引你吧?。傳檔安卓方便。看你用啥電腦吧?如果電腦也是MAC，那根本沒傳檔問題。手機拍完，MAC電腦就直接雲端同步好了，連傳都不用。13pro max吧 包莖萬根本不值得花三萬多買。感覺你需求兩個都可以 但我會選哀鳳。戰起來。至於充電，我換13promax以後，上班時間也不用充電了。小孩子才做選擇，兩隻都買XD。看你要不要筆，有用到的時候真的方便。就晚上睡覺前插著充，100%出門，晚上回家都還有7X%。不用擔心沒電，想用就用，有時候在公司沒事。上班時間打個4-5個小時的手遊，電量也沒低於70%過。玩遊戲跟大量拍照都是需要大量運算，秒選13 Pro Max。S22U 兩年後回收價剩下？？。https//i.imgur.com/kq1fgNO.jpg。能接受ios一律蘋果，這麼多人沒問題的還有問題就你問題。去年上市第一天入手用到現在，電池狀況是這樣。這13promax的續航力，已經改變我手機的使用習慣了。手腕應該力氣也增強了。想太多~才兩百多公克的東西，是能有多重?。連半杯500CC飲料的重量都不到，會拿不動的要鍛鍊肌肉。你的需求除了蘋果也沒選擇了。s22u是能輕多少....差沒幾克。兩隻都半斤八兩，還不是都要裝殼，哈哈哈。有玩手遊、拍照對焦要快，這都三星劣勢，不用選了，。就蘋果。不過13pm的續航真的長到嚇人是真的。對耶，拍照要快i Phone比較適合。原本想買22U後來果斷13PM。黑麵大。。蘋果 別問了。想脫手賣掉13PM，不然兩隻你都可。三星不耐用售後服務又差。我剛換S22U還算好用，不過建議買iPhone。看完ZPH的評測 蘋果i13 pro max根本垃圾 輸給三星s21。ultra也輸給vivo x70 pro+。玩遊戲 選iphone 不要選作弊爆炸牌。大輸那種。兩台都可以 但我用13pro所以推13pm。2 不用想。用不到筆不要S22 Ultra。蘋果拍照沒安卓的好。原PO文張強調拍照要快，準，沒說要畫質。可能拍照用途是抓拍類的，有拍到比較重要的那種。遊戲重要就iPhone 拍照重要就S22。如果沒一個需求能被妥協就買兩隻。工作沒用到筆基本上就不會用了。你講的用途比較適合iPhone ，除了熱點有時沒有流量會斷。以外，現在檔案大部分都傳到line在下載，所以也沒什麼。不便，而且現在口罩解鎖幾乎100%解鎖，超快速又方便，。打遊戲還是iphone最順。而且工作上要拍大量的照片，看三星一張照片容量就知道多。嚇人了。14出了買13 反正都差不多 還便宜很多。什麼滑稽....你要拍多大的照片自己設定 跟三星啥關係。需要拍照又玩遊戲…只能是哀鳳了。13pm太重了 如果長時間使用比較推s22u。13pm太大隻也比較不好攜帶。13跟12跟11差不多買11 還便宜很多。而且s22u做工比較精細 比較有高階機的感覺。你的需求就三星吧 畢竟要連結電腦還是安卓方便。連接電腦不是看你什麼生態就什麼手機最方便了嗎。我S21U用戶但看你需求分析後覺得13PM適合你啦，我清楚自己。需要好用長焦+悠遊卡+WIN電腦傳檔+穩定熱點，所以沒選13PM。，不然這兩支價格也差不多。其實原po玩的遊戲好像cpu也沒什麼差吧XD。感覺關鍵是要評估工作環境有沒有非蘋果產品。不是什麼環境都能確保是全家餐。像是airdrop傳檔真的快，但也沒辦法airdrop到windows。Pixel 6 Pro。對焦快 就不用考慮三星了啊。工作需求當然第一。傳檔用雲端或sendanywhere。所以I13PM。S22U 會不會跳水跳很大，買了之後錢好像丟進水裡一樣。？。你的需求就是S22U。論續航論性能都是13 pro max完勝。兩隻都有入過。滑網頁，看影片選三星。挖孔螢幕就是贏過瀏海。加上這一代三星螢幕亮度又更高。熱點看你是分享給什麼設備。如果是蘋果家族的就沒什麼問題。反之就是可能偶爾會斷線。其他拍照對焦快，續航，蘋果勝。大量拍照我是推蘋果了 至少不會熱到降低螢幕亮度 連。構圖都困難。13 pro max續航真的很猛。我幫你認真統整 體感的話就是如果你有需要用筆的時候。就S22U 沒有就13pm 筆真的好用 但生態鏈關係還是退回。13p。S22 Ultra 值得入手。螢幕、熱點、導航，還有連結電腦都是 S22 完勝。戰起來。13pm續航真的猛，用起來很滿意。iPhone 拍照檔案比較小，真的差很多。除了筆跟長焦以外，想不出選s22u的理由。。13pm是去年出的已經是過時的產品，反之s22u是最新產品。，在這個時間點應該是選s22u。要快準不失焦目前還是13P最穩。15.4口罩解鎖開放之後，真的超快超好用。撞到選蘋果?。價格差不多的情況下，選iphone 13PM。S22U照相沒有贏。很多，但是續航輸一大截。上次去陽明山玩，遠拍13還輸我的s10+。13整個菱角模糊。兩隻我都用過 ip13pm-續航非常厲害 拍照不管近拍還是正。常距離拍攝都很快 唯有夜間拍很容易有鬼影 系統封閉沒辦。法自訂；s22u-曲面螢幕手感好 超聲波指紋辨識超快續航大。概ip13pm的三分之二 夜拍強 三星系統可以自訂的東西多。悠遊卡內建，如果你可以習慣唉鳳生態而且有在打電動的話。，我覺得ip13pm很好，但我喜歡可以自訂的自由度還有喜歡。曲面螢幕才選s22u。一定iPhone。無腦選IPHONE 絕不後悔。你終究要買IPHONE，為什麼不現在就買。S22u是又多輕，哈。IPHONE 從性能、人機、保值等大勝三星。。人中呂布，手機中IPHONE。以你的需求s22u熱點、電腦傳檔大勝 ，ip13pm拍照快。，其餘兩者差不多。拍照 蘋果>>>>>>>>>>>>>>>>>>三星。無腦選蘋果就對了。三星拍照就是卡卡卡卡卡卡卡。買哀鳳吧，不然到時候你又會嫌東嫌西，買了哀鳳你就會因為。面子拉不下來不敢靠北你自己的選擇。13。如果求保值性，小米12有出保值換新之後小米13出了。可以退12的50％價格拿去買13。iphone分享熱點很糟糕要留意。拍照效果還是三星好，蘋果順但夜拍還是不行。i13沒長焦，數位變焦算法爛，當然輸s10+。但要拍移動物體還是推蘋果，抓拍比較厲害。重量不是差沒10g。13pm。有這個預算當然iPhone。拍照各有擅場 拍影片iPhone完爆所有安卓。抓拍的話更是iPhone的長處 高寬容度非常符合你的需求。兩支都有，主力還是13 PM。iphone相機寬容度高？是不是誤會什麼了？。解鎖快那就是iphone的face id了，三星的指紋有時候手太乾。會不靈敏。遊戲-蘋果；拍照-畫質三星/快準蘋果；解鎖-三星（指。紋加臉部還是比單一口罩快）；熱點-三星；電腦檔案傳。輸-三星，雖然你的需求看來三星較多優勢，但沒有特別。重視相機跟筆的話也不是一定要買S22U。。有i13PM預算還是買蘋果吧花錢省心。s22u和i13PM重量又沒差多少。差十克一直說重 是不是對手沒其他優點可以說。拍照快準不失焦 三星目前的旗艦都做不到才對。拍大量工作照用三星會氣死。都買吧，那麼便宜。看到有人推無腦選iphone，我也來推。無    腦    選iphone。我只用蘋果其他都是____。13PM。13 promax續航強呀 晚上充完電待機一晚，上班搭捷運玩手。機滑接Airpods聽音樂，到公司待機到中午休息再偷滑一小時。，偶爾看個手機通知和訊息，下班還有75%。老實說兩邊的優點很難取捨啦，為了避免使用有疙瘩我是都。買(S21u/13 Pro Max)，兩個門號分開當公務/私人，需要互。傳檔案就用Sendanywhere，如果只能買一支又沒有ipad或ma。cbook其他產品，那我推S22u。兩台都旗艦啊。我覺得都可以。拍照部分蘋果還是落後不少。13pm續航屌打。你的需求兩隻都夠用了。S22拍照不能連拍就輸了。三星跳水大代表入手價低，果粉引以為傲的保值，代表入手價。高，在那邊喊保值的看了我也是笑笑。來這問就是S22U 隔壁板問就是i13pm。我筆電MacBook Pro，手機N10+升S22U，那隻筆跟One UI讓。我改變工作習慣，現在不在辦公室時公事都用手機完成。我也是考慮這兩隻 後來s10+跳13pm 很滿意。我拿S21U，拍照真的強到很變態。預算夠的話我會考慮再拿一隻13pm。高通處理器? 算了吧",2022/03/25
[問題] S22 Ultra保護貼的選擇,幫家人問個有爬文看到這次已經沒有出廠附保貼雖然官網有賣 不過看了一些心得指紋雖不會影響 但耐用度不佳想詢問是否有推薦的玻璃材質保貼?畢竟還是希望指紋不受影響的情況下 保護也能好些求推薦 謝謝,"目前是選擇hoda,指紋正常。耐用度不佳 就換新的一片啊。原廠指紋辨識是最快的。490元/2片，還能搭配line官方帳號的-300三星商城券，等。於190元/2片，比蝦皮還便宜。HODA AR，不過不耐刮。https//i.imgur.com/1Dhckjd.jpg。謝謝樓上資訊。之前加過官方帳號 現在找不到哪裡領券。綁定有消費過的smasung帳號才可領。請問big大折價券在那邊領呢？。那應該沒有了。原廠之前去智慧館問都沒有 不確定現在補貨沒 就去小豪貼了。目前解鎖都很正常。line三星官方帳號，我剛登入還有。在pchome買的領不到…。三星LINE官方帳號看不到優惠券+1 S22U保貼也缺貨了。原來-300是入會禮或生日禮券，以前拿過，所以沒有。金星是1000。買Note20u的官方塑膠貼？。蝦皮13蚾玨M防爆沒問題XD。好像亮面玻璃貼就可以了，便宜的也沒問題。原廠。上週本來也想去小豪包膜貼 但真的太多人 這周再撥空去。看看。hoda。推薦膜手數位這家，在桃園中壢，他們家有一個新產品。真的還不錯，已貼",2022/03/25
[討論] S22 ULTRA 可以壓到ISO 12(自動ISO值),剛剛在電信行順手測S22 ULTRA頗意外自動ISO值 可以降到ISO 12在白天陰天 街景帶有天空背景下拍攝專業模式 ISO 12(A) 快門 1/125(A) EV+0.7快門還能維持到 1/125隔壁機型 S22 只能到ISO 40-50想問各位大大其他家的手機實測有辦法壓到12 或低於12嗎這參數對於廣角拍攝真的有威力太久沒完手機相機了看到ISO 12整個嚇到,'這參數對於廣角拍攝真的有威力' 為什麼?。你知道原生iso是什麼嗎。我跟疑問跟一樓一樣。你知道原生ISO是什麼嗎？不是越低動態範圍就越高耶。廣角一般而言可以比較長時間曝光 (相比於正常還有望遠焦。段)。這麼低喔，小米現在不知道能不能低於100。不是，壓到iso 12是要拍dc電影喔，那麼黑。低iso長曝跟高iso疊圖降噪的取捨。雖然三星沒公布 但理論上s22和u不會是同一個cmos……當然。能夠接受的進光量不會一樣 不過手機拍照不是單只看一個參。數的。廣角望遠都是焦段 乾感光度屁事。同一樓疑問+1。dc電影XDD。這應該不是太久沒玩相機，是根本不懂相機吧 笑了。iso 12也不是原生的，iso值對於廣角大魄力沒幫助，有沒。有魄力是取景時決定。不是原生ISO12就下去。ISO 12  ≠  12 mm 啊。這是完全不懂吧 iso值跟超廣角魄力的關聯性是？。廣角就是主鏡頭啊……是廣角 超廣 第三。不過考慮原po 或許他說的是超廣。不是阿 就算是超廣。相片拍起來的畫面魄力感。也跟ISO值沒關係啊XD。而且ISO值12快門你要拉多長。…不夠長畫面會是一片黑欸XD。四樓可以這麼振振有詞  當真厲害。不是原生ISO就沒用,2022/03/24
[問題] S22 ULTRA找像MOD NX的殼,近來要換手機S22 ULTRA了但沒用過像MOD NX這種 側邊是那種材質 而背面是透明硬的只有剛好去年底我姊換I13時他用這個保護殼我才實際摸過材質覺得蠻不錯的 側邊是有點硬又帶柔軟性 然後背板透明LOGO也不會很明顯 可是他就沒出S22的目前找S22別牌子的是有看到類似的像HODA 材質寫TPU因自己沒用過這種材質 就不知道是不是跟MOD NX那種側邊一樣的想要求解 感謝,XUNDD 側面軟，後面壓克力，一個200左右。HODA也是類似，有店面去摸摸看。spigen ultra hybrid 黑邊款那種嗎？。三星原廠也有類似的看起來不錯。hoda xundo我都有 個人覺得價格差不多可是hoda手感好很。多(什麼晶玻璃的那個),2022/03/17
[問題] S22 Ultra 錄影抖動,       最近下了決心，入手了 S22 Ultra ，照相真的超讚，螢幕沒話說！       但是錄影時畫面都會有抖動，youtube找了一下剛好看到一樣的情形，如下https://youtu.be/vI9fwB85poc夜間錄影抖更多https://youtu.be/iex9iADKA5A畫面很可怕…完全不像是評測的那樣厲害想請問這是正常的嗎？還是只是我不會調參數？？ QQ,看了一些yt 都有這個問題耶...。如果不是它的問題就變成你要吃維骨力了。關掉防手震 或是 開啟超穩定攝影。剛剛試了一下我的影片防震 也是有類似狀況。所以是軟體的問題了……。剛拿到不久錄影測試 夜晚容易閃。夜間錄影低光的話電子防手振果凍效應是感光小的源故。，日間的話不應如此，應該是軟體的鍋.。這跟之前我用SJCAM的運動攝影機的防震效果有87%像。超級防手震 = 超級電子防手震，對光線要求非常苛刻。。各家廠牌幾乎都這樣，除非只啟用光學防手震才會減緩。各家EIS夜間都差不多這樣,2022/03/16
[心得] 開箱s22 Ultra 藍色 竟然不是全藍...,剛收到 打開還以為是不是寄錯寄成黑色的了 拿起來才發現只有後面是藍的...........馬上到官網去看清楚，才發現有些顏色還真的是只有後面有顏色…邊邊是黑的https://i.imgur.com/oxClevb.pnghttps://i.imgur.com/vtLRH4d.pnghttps://i.imgur.com/2Npp7ZV.pnghttps://i.imgur.com/NbbKnTe.pnghttps://i.imgur.com/orOOwwK.pnghttps://i.imgur.com/SDCqUNq.pnghttps://i.imgur.com/MRwcEoy.pnghttps://i.imgur.com/QBCynRf.pnghttps://i.imgur.com/S4i3zMa.pnghttps://i.imgur.com/TVLTch2.pnghttps://i.imgur.com/C6xGq7M.pnghttps://i.imgur.com/eaS6XCc.jpg...真的考慮要不要換了大家覺得這樣好看嗎?,覺得根本沒差  反正都會裝殼...。半年多前去買S21U店員問我也是隨便選  反正都好看。好不好看還要問別人？。難看 建議退掉。iPhone 還不是只有後面有顏色？。醜死了，快退貨吧。我是覺得還不錯 但我要選 會選綠色 這有點塑膠感。退掉。建議直接往地上摔。身旁朋友問我一律都推極光綠。好醜啊。白色最耐看，黑色最能隱藏鏡頭。大家覺得不好看ㄟ，要退了沒。醜。大家覺得不好看，那你要退嗎？不退問屁。看不懂...。真的醜 趕快去退吧......。嫌三星醜？ 真有勇氣。不好看耶 快去退貨吧。正面都是螢幕黑黑的不是廢話嗎。退掉退掉。你覺得自己好看就好。…都多久都這樣了 s8以後 iPhone X之後不都正面黑色  現。在不就背面邊框做文章而已。建議退。害我笑了XD。選綠色 我手上的綠色越看越順眼。你要藍色螢幕？。三星只有綠色沒有藍色。閹記憶卡不可取。而且你這是官網限定色 應該可以退吧？。不過不然你前面是還要哪裡有顏色？就整面都面板了，黑人問號。你覺得螢幕會是藍色？。這到底在說什麼...。邊邊是黑的 紅的跟綠的是旁邊也有顏色。看來去換綠色好了...。官方照很明顯邊框是黑的啊，你仔細看看xd 還有筆尾是黑。的也是在告訴你邊框顏色。稍微解釋一下：S22U一般色邊框是背殼色，筆尾是背殼色筆。身是黑色，而官網限定色邊框是黑色，筆尾黑色筆身背殼色。https//www.kocpc.com.tw/archives/430485。人在福中不知福啊。邊框是鋁合金的也不方便有顏色吧？上了顏色到時隨便磨到又。掉色不是更難看了嗎？。你都把官方提供的圖貼上來了 自己沒看清楚 好意思罵?。這不是白色嗎。笑死XD。藍白不分 ？？。色盲....？。不知所云。自從全螢幕化就都這樣吧？。而且台灣沒賣藍色。太隨便了吧。這藍色真的滿醜的。還好，我覺得這藍色還是很美。在說笑話嗎 還是你在期待有正面有藍色的螢幕。世界無奇不有 今天算是受教了。說實話有問題的不是手機。雖然這東西已經退流行。但中框那個黑色不會去包膜嗎。你要它變成什麼顏色都行。很不行，趕快退，真心不騙。東凱他開箱的時候也有提到這種特殊色的邊框是黑色其實不。好看。樓主希望正面也是藍色？。所以你想要什麼。樓主是要邊框啊，S22U紅黑綠的邊框與背板同色（白的邊框。是銀色），結果官網特殊色邊框都做成黑色。退掉。官網就清清楚楚了，還在那邊該該叫不是全藍= =。人一藍。好喔,2022/03/14
[討論] S22 Ultra與小米無線充電器,三星的無線充電分這麼多，看的霧煞煞XD無線充電(?w)無線閃充(10w)無線閃充2.0（15w）（有線也分為什麼超快速充電、超快速充電2.0）這次買了S22U也順便去京東買了兩款https://i.imgur.com/tnLd8nw.jpg1.小米55W無線充電器（有風扇）手機充的時候顯示“無線充電”，充的很慢，手機剩下12% 放上去寫需要四小時但是這款有風扇，手機充的時候沒發熱2.小米20w無線充電（無風扇）這款不知道是不是S22U太大隻或是充電座有瑕疵，放上去雖然顯示“無線閃充”，但是充十秒就沒辦法充了，有試過換 Pixel原廠插頭跟小米1A1C都一樣，也試過把保護殼脫掉也是一樣（有鄉民有這款可以充的嗎）/////////////*0313更新：剛剛拿家人的iphone來充，發現沒有充到一半斷掉的問題後，把我的S22U放上去也可以充了，真神奇///////////同場加映：3.  紫米 10000mAh Qi 無線 USB-C雙向快充 PD QC行動電源 WPB01雖然我以前的手機沒有無線充電XD但之前買行充的時候特地選有無線充電的這款可以啟動“無線閃充”,為什麼不直接買三星的。有啥好看不懂的 沒寫支援就是不支援啊 買一百瓦小米也。一樣啦笑死。集滿三個它牌充電器可以換一個原廠的嗎。支援三星快充的無線充電盤就是三星的無線充電盤。你不想買三星原廠的 要去買有支援PPS的無線充電。小米只支援自家的私有快充協議。去找有支援4A以上的PPS充電器即可觸發S22U的快充。好險我用小米手機，55w無線超爽。三星原廠充電盤的價格真的臭到不行ㄏㄏ。mophie Snap+ MagSafe 可以。蘋果 Magsafe，O-one Magsafe行動電源不能。只有原廠那個立式有支援15W無線充電。無線快充各廠幾乎都是自有協力，混用有7.5W就偷笑。不過小米50W是真的爽，完全改變充電習慣，回不去他牌了。三星原廠配件的真的盤，更盤的是官網買。Gigastone 4合1 Qi無線旅充行動電源 也可以。S21U配小米無線20W 正常充且顯示無線閃充。s21fe用小米20w，可正常充且顯示無線閃充，但要脫殼，殼。有貼犀利扣支架。因為無線充電這種東西 各家都有自己的特殊協議 所以不同。牌幾乎無法滿速 三星最快無線充電應該就EP N5200可以到15。W。不然看看新出的pixel Stand2 支援的協議滿多的。台灣小米65W那個可以。看錯 你是問無線。三星無線充只推EPN5200 只是室溫變熱後也充不快就是。我之前買華為的充三星有10w。可以去看中國的充電頭網，有專業的充電板評測。我是買ep-n3300 可立可平 只是只支援9w無線快充。蝦皮買含運840還可以接受。1290可以買，還含一組原廠25W充電器＋線。2那個我買了兩個，一個激磁音超吵，不知道是rc振蕩頻。率跟電感不同還是怎麼樣，也懶得拆開修。。我用之前note10+送的三星無線充可以觸發。無線快充，使用小米120w無線充只能龜速充。請問n5200在使用的時候會顯示無線閃充2.0嗎？。P4300(9w)也是顯示無線閃充,2022/03/09
[討論] 三星S22 Ultra Line群_S22u,您已被邀請加入「三星S22 Ultra」！請點選以下連結加入社群！https://bit.ly/365eY3Ehttps://i.imgur.com/4xtQPje.jpg可以交流使用心得，週邊商品交換，照片分享...等目前正在觀望是否要購買手機的用戶也可加入一起討論喔。,"痾。邀p大進去阿，有問題都沒問題，都是使用者問題。這哪有什麼，雲用戶一堆問題。我不要，除非有車上(咦？。燦坤有活動回饋2000(燦坤還原金)，加上悠遊付新戶可以。回饋2900,內湖三星兩年保。蝦皮看到一間TT油品256G單空機33100。觀望不是關望。我的手機要到月底才會送到...。月底到+1 蝦皮跟官網各開賣禮預購了一隻。商城多一年保可能留這隻。蝦皮的回饋扣下來不算實體贈品。大概也是差不多33K還在想要轉賣還是退掉。為什麼加不了...?。再試試。進了，謝謝。燦坤悠遊付的活動，拿了五百回饋金，還有燦坤3400,600。回饋券各一張",2022/03/09
[情報] 台版Samsung S22 Ultra有更新,台版Samsung S22 Ultra有更新這次更新檔案滿大的，有1211MBhttps://i.imgur.com/vzpgySR.jpg,美版還沒收到，哭哭。正在更新 讚讚。原始出廠版本真的不行 很像Beta。來試試看[email protected]@。30字。有夠卡 換機沒升級感 不知道是我整機轉移害到,2022/03/04
[討論] Galaxy S22 Ultra 雙版本 拍攝比對,  Galaxy S22 Ultra Exynos 2200 vs Snapdragon 8 Gen 1: CAMERA Comparison!  https://youtu.be/7MSLjpAlmYo  有趣的的對比 較可惜沒有全都放大看  白天、室內、夜晚 色調都有一些些的不同  獵戶座版本 主題感覺有點點提亮  在長焦方面 10倍看起來清晰度更好  而驍龍版的在 移動時錄影的穩定較好,2200顏色好多了 三星有下功夫。http//b23.tv/VLyNTYb。樓上貼的看起22u升級個寂寞啊...。主攝、超廣角稍弱，邊角畫質下降https//bit.ly/3IJfq5M,2022/03/04
[問題] S22 ultra 螢幕截圖按鍵 ?,昨天剛收到s22 ultra 之前是使用s7edge發現音量向下鍵+電源鍵同時按無法截圖請問按鍵截圖是按這兩個沒錯嗎？剛剛用了一鍵拍錄之後發現 切換模式（人像 相片 影片）還有打開關掉相機時會出現 很小聲的”噠“有人也會這樣嗎？這支手機電磁波實測值1.11 比原本S7edge的0.255增加不少另外，有點詭異的是:在facebook選擇要登入其他帳號時，跳出來輸入帳號密碼的欄位，已經有資料了！ 帳號是一長串1開頭的數字，當時第一時間看到沒多想就直接刪除再填上自己的另一個帳號和密碼 後來想想覺得奇怪 想回去看看原本的帳號密碼是否可以登入 但已經沒記憶了.....,"兩鍵一起按可以啊。輸入帳號密碼應該是三星自動填入吧 我也有。截圖鍵一直都是音量下加電源鍵，一起按。兩鍵一起""短按""可以截圖啊…。我從Sony跳來三星。一開始也是以為是跟Sony一樣。一起""長按""結果發現沒用…是要""短按""。可以試試看one hand operation +設定截圖快捷鍵，你。會發現一片天。安卓通用截圖也是長按1秒才會截圖。三星則是短按觸發…長按會變成電源鍵選項。如果你是慣用虛擬鍵的話。也能裝Goodlock的NavStar。在虛擬鍵增加截圖按鍵。https//i.imgur.com/sPCAkj8.jpg。我都手刀截圖，蠻麻煩。手刀比手勢快多了，長輩又好學又新奇覺得有趣。推one hand operation神器。手機直接升級成另一個境界。我也用手刀，不過最近要在蝦皮長截圖就會莫名卡住也不知道。是誰的問題...。也可以開側邊欄設快捷鍵。我試了一下可以，但要過很久圖才會出現。身為星粉就是要用one hand operation 各種快捷直接回。不去。我都敲兩下手機背部就截圖了 …。one hand operation +設定或者滑用滑的。手刀截圖。可以用內建的輔助快選，可以懸浮功能按鍵，裡面有截圖。真的沒有比one hand operation還快的方法了。三星手刀就好了啊。三星不是手刀掃過就好了？。用one hand operation就對了  三星強項。我是設往左下 右下滑就截圖..這樣左右手都輕鬆單手截圖。推ONE HAND 沒有之一。三星的我看直接敲後面不就可以了嗎  也可以設定。老星寶了 習慣手刀。好奇問一下22是不是有內建類似one hand的選項？。類似ip下方底部會有一個白線？。手刀不曉得是因為保護殼緣故還怎樣，我用的話很容易。失敗，要多滑幾次，公眾場合下很挑戰恥力，別人不知。道還以為你比手畫腳在起乩。一直以來都是手刀 不會丟臉啦。回38樓 ，白線那個是Samsung pay吧",2022/03/04
[問題] 請問S22 Ultra的保護貼有防窺的嗎？,之前在神腦預購的S22 Ultra昨天下午到貨，領完新機後去詢問了一下保護貼的店家，有店員是回覆曲面螢幕沒有出有防窺功能的保護貼，我原先以為是還沒有出，但店員很肯定的說，曲面螢幕是不可能出具防窺功能的保護貼。想請問一下店員說的是真的嗎？另外想請大家推薦台北貼保護貼的店家，感謝。,之後一定會出啊 只是指紋讀不到 嘻嘻。防窺指紋讀取不了==。指紋會失效喔你好好想想。我買的防窺在note10+可以秒解指紋，不過商家在淘寶。防窺也防你自己窺XD。我剛查了一下，若要能指紋辨識，有廠商是用辨識區域不具。防窺功能的方式。。可憐，自己用自己的手機還要放窺。到底誰要看別看人的手機啊…。樓主是女生嗎？若是男子就不用防了。防窺跟霧面都無法辨識 之前要買放棄。樓樓上是性別歧視嗎？？。廠商辛苦的加大螢幕的可視角度就是讓你們來貼防窺的。鄉民都沒有人際關係不必防窺，你問錯地方了。哇 沒想到捷運上看過去九成以上人都沒人際關係。有些人是住海邊嗎。看朋友用防偷窺的膜，去小七，條碼都沒辦法刷。防虧貼google一下不就知道了嗎@@。想問note10+淘寶哪一間 之前買過的都不ok。可能在外面看PTT，怕被旁人歧視吧。很好奇防窺都是哪種人在用。有什麼東西這麼見不得人嗎。借問有沒有推薦的保護貼不影響指紋辨識的 原廠膜都沒賣。我note10+ 用蝦皮買的貝占指紋解鎖沒問題。刷條碼也沒問題 也是防窺。樓上打臉其他人推文。在台北光華商場這邊問了幾間，目前防窺還沒進貨。有問指。紋感應效果，店家是說感應速度會有影響會慢一點，但不會。無法感應。。膜達人 有。我的IPAD本來也有貼防窺 後來都防到我自己 受不了就拆了。防窺最後都是在防自己。泥484想在捷運上看迷片。防窺真的是防自己。現在螢幕的高亮度、廣色域、廣視角。防窺膜貼上去直接死掉兩個XD。z90286打什麼臉，朋友就在面前刷失敗啊，她還拿愛瘋，你。是當每張防窺膜都那麼好用都成功喔？你裝過再來酸。淘寶自己訂吧。每次要幫客人刷會員載具，貼防窺的都有夠難刷。octsco我說你打臉推文指其他有推說貼防窺就無法用指紋這。件事情 。我不懂你在噓我什麼欸？ 幫你說話反被你酸 好啦。算我G婆。樓上到底在說啥…你有注意到那是兩個不同的人？。真的欸。我現在才注意到... 結果我自己也搞笑一次 抱歉我。只注意到我id被cue就以為是本人 結果是他人XD 謝提醒 那。我要跟oct道歉,2022/03/03
[情報] 企業雙螢 S22 Ultra $33065,三星企業雙螢，有符合的企業，可透過信箱收連結登入價格S22 ultra 256G  $33065S22+ 256G  $27115S22+ 128G  $25415S22  256G  $22865S22  128G $21165https://i.imgur.com/zaCHjkF.jpghttps://i.imgur.com/j7ldWal.jpghttps://i.imgur.com/euh73U2.jpg其他還有平板可購買,看你的圖，都補貨中？。跳水到今年9月，會不會比這個低？。有打折的剛好沒貨 欸黑。沒有512G…。只有一年保。.....好便宜。這不是最便宜的。有其他便宜的方案嗎 還是只能等跳水。哪些企業符合？。國泰員工符合,2022/03/02
[心得] S22 Ultra 皎月白 開箱＋包膜後保護殼,"今天睡醒去樓下就看到三星商城的包裹到了http://i.imgur.com/8EygU1g.jpg大概從2/28就顯示配送中了，手上的Zenfone 6終於可以退役啦當初本來要選X1 Mk3或Pixel 6 Pro考慮到自己是手殘懶得調，後者Bug太多最後選了S22 Ultra 512G，2/15當天預購成功就慢慢等了打開後連贈品都用氣泡紙包著http://i.imgur.com/Ffs6IFw.jpg全部贈品加手機本體拆開後是這樣http://i.imgur.com/JOaFtPc.jpg再來就是手機本體開箱,當然要全程錄影啦正反面都有一張塑膠膜蓋著，因為等等要先去貼保護貼跟包膜就先不拆了http://i.imgur.com/zh3qMeE.jpghttp://i.imgur.com/F2DL85d.jpg底部就是退卡針跟一條Type-C線http://i.imgur.com/vH7lVmR.jpghttp://i.imgur.com/ebVCzAw.jpgLucky Box打開就是矽膠保護殼背後的扣帶http://i.imgur.com/tgsmYGv.jpg耳機是黑色的，因為本身用XM4，所以這次耳機也不拆了，到時候再送人http://i.imgur.com/glvIfhL.jpg以上就是這次簡易開箱心得第一次買三星旗艦機，希望不會失望以往都是Sony愛好者，可惜這幾年出的手機對於我這種沒用單眼又習慣一鍵搞定的很不友好剛剛去包膜完了，曲面保護貼(指紋還算靈敏)外加全機霧面包膜，老闆送個鏡頭貼這樣搭上購買的兩款官方直立殼http://i.imgur.com/vlDiZjq.jpghttp://i.imgur.com/DtOv4Rq.jpghttp://i.imgur.com/8aKvG3f.jpghttp://i.imgur.com/m1DlEH8.jpg殼的內部大概是這樣http://i.imgur.com/wXzhvrB.jpg","看來應該有很多耳機可以釋出了 等殺紅。這次三星客服表示目前維修中心不提供s22原廠膜的服務。猶豫去那邊貼保護貼。鏡頭是不是髒了。連全部保護殼都是送的阿 真好。應該是鏡頭髒了 . 急著拍就沒注意了lol。pc家的也到了，耳機自用 但贈品不知道什麼時候來..。神腦還沒出貨QQ。為什麼momo顯示要3/9出貨...還在撿貨。環保。令人羡慕。現在還有人在包膜喔。我pc家的今天已出貨但還沒收到 不過線上回收的已經先來。收舊手機走了…。我也收到PC家的，只有先拿到路易莎禮券，不知道其他贈品啥。時來。建議預購的人趕快去準備UV膜，沒給保護貼真的很麻煩。pchome 也還沒到。UV膜自己貼，手殘沒用好也是很麻煩（。uv自己貼跟去門市貼差1000元，難抉擇。技術不好膠擠入聽筒，手機直接再見。洨月白。pc24D 還沒送到 有夠爛的公司。請問你的殼是哪裡買的可以站內我嗎 我想要藍色支架式保護。殼那款謝謝。中華電信門市已拿到S22+。贈品這麼早可以拿到嗎？以為要登錄。鏡頭也給他擦一下 髒髒的XD。線上商城不用登錄。燦坤要17點才能拿 Q。為啥贈品一起來。為啥能先拿到贈品啊。UV膠沒照光前都不會乾啊，真的流進聽筒擦乾再照就好，再。原來是商城好處...。者也可以貼貼紙擋住聽筒。三星商城本來就有說預購禮會隨手機一起寄出不用另外登。錄。https//i.imgur.com/y1fyiGu.jpg。剛剛也去智慧館領完了。了解，謝謝。。同樣是ZF6換S22U給個推 請問智慧館有得貼保護貼嗎？。或是臺北有沒有推薦的店家？。保險保一保包膜裸機用 一年可以修三次 一個月三百多。神腦生活的S22U中午收到了。我燦坤的還在備貨...有人也是嗎：(。燦坤客服回我了，他說今天會陸續出貨@@。借這串問一下 高通下一代（8Gen2）已經確定是GG嗎？。回樓上，目前都在謠言階段，尚未確定。我這邊已經到了，不過排在17點取。恭喜入手新機。耳機之後會不會很多人釋出?不過他們家耳機其實不錯。我是rog2要換s22ultra。不管8Gen2誰做，8Gen1真的很爛是事實，加上三星鎖GPU功耗。預購禮在商城買是隨貨一起給 後來的就都沒有 這算是唯一。的好處之一。，我真不知道這顆CPU與888和870有什麼差別。電話詢問三星說還沒有保護貼到貨。我很需要貼欸裸機一年就明顯好幾道凹進去的刮痕了QQ。pc好慢啊啊。沒附保護貼也沒貨賣 太省了吧。黑殼好想換白殼…。也是訂PC家的都還沒收到貨，。昨天就已經標示出貨中了！。智慧館或維修站可以貼嗎? S10原廠軟膜 我覺得很好用。請問神腦收到的大大，頁面有些出貨嗎？我的還是備貨中。…。S22U不知道可不可以用之前NOTE10＋跟20U的膜, 看起來差不多。我的pc還在理貨中....qq。比我好了，我的還在備貨，台北也那麼慢。我是神腦預約門市取貨，今天一直按重新整理XD 剛剛看已。經顯示出貨中，非常希望17：00下班時已經到門市XD！。請問神腦線上預購的，要填寫預購禮，請問預購編號要寫。什麼?謝謝。先用2週再包膜吧，萬一拿到機王……白貼的。有沒有推薦的保護膜 沒有膜沒有安全感。借問一下，請問購物金可以購買65W的充電器嗎？剛剛詢。問智慧館說沒有，可是官網的購物金寫說是可以購買的。已問過維修站不能用N20U的膜因為固定治具不一樣...。想問問s22u機身邊框是不是都各有貼一層膜？ 我看好像有但。不敢扣他。購物金還要等一周以上才會發下來 這陣子只能裸機放家裡了。……。神腦生活網 S22 ultra 還在備貨中。耳機送我QQ。透明軟殼有沒有推薦的牌子啊？。你的照片怎麼都有種好像速度很快的濾鏡XD。耳機盒子凹到了…。邊框有一層出廠膜。恭喜，所以續航力有比21好嗎?。Sony可以一鍵搞定啊。原廠的殼還不錯看欸。還不錯看。pchome還沒到+1, 明明昨天就顯示廠商出貨了，但沒給號碼。沒辦法查快遞狀況。http//123.51.203.106/asp/service/service_delivery.as。px。可到聯強輸入pc訂單編號查詢喔。http//123.51.203.106/asp/service/service_delivery.as。px。pc首波預購s22聯強查不到…。感謝，剛剛用聯強看只顯示配送中...不知道什麼時候會到。原廠殼燒到我了XD。展場的小姐跟我說有保護貼欸，出廠真的沒有嗎。PC的S22U聯強也查不到，心焦如焚(確信。有人神腦登錄成功嗎?一直無法QQ。我神腦也一直登錄失敗，感覺是神腦那邊有問題。想問手機殼支架可以直立看嗎？。建議不要貼鏡頭貼。可以直立看唷。聯強網站正常，是網址被被截斷了"".aspx""。查詢時商家名稱選全部，選PC反而查不到。承認比我美。。pc家買的s22聯強查不到欸…。而且我還是預購12點多就買好的…。新一代磚頭（重量。原廠的這個支架殼真心好用。用了半天 我覺得S22U不定時的頓挫感很強耶… S20+反。而沒這問題。終於用聯強查到pc家的訂單進度了，鬆了一口氣。把動畫調0.5x好像好一點。真的，s22u怎麼又會有Slag，我的n20u都不會…。我喜歡這個殼~",2022/03/02
[問題] S22 Ultra 外放喇叭好嗎？,"繞了一圈Youtube有看到一個測最大音量的但好像沒看到測試一下音質的影片有沒有手上有試用機的大大可以幫忙測試看看主要是因為我去展間用S22ultra放了幾個音樂（尋求店員同意且現場都無其他顧客）感覺沒有S20ULTRA的喇叭好高音不清晰，低音也比較不渾厚（都開dolby了）當然不排除是展機被玩壞了哈哈想聽聽看s22u跟您手上s21u, s20u, i13, i12的比較感謝，希望是我多慮了。","音質我覺得很看人，而且錄音設備也沒辦法完全呈現。不過展示機會不會還沒run開，所以有這樣的差距。比Note20 Ultra爽爽。很普通，跟我諾特9比提升幅度很低，甚至解析度還可能。S21U 好過iphone13 很多 都持有。跟P6比如何？。明天拿到s22u再看看。iphone的外放真的悲劇。三星從沒好過。phonearena的評論中有提到這次S22 Ultra的外放喇叭在人。聲的表現跟上一代差不多，可是聲音變得比較小一點。。因為其他競爭者(iphone跟pixel)的喇叭有進步，所以S22。Ultra“相對”之下就退步了，也因此跟競爭者想比之下也。比較糊，因為其他品牌都進步了。。https//reurl.cc/l9MKNY。https//i.imgur.com/76qskB2.jpg。另外個人去試用展示機是覺得S22 Ultra的外放確實配得上。旗艦手機的價格跟等級，算是很棒。。不過我身邊沒有iphone或是pixel比較，所以也沒辦法比較。出跟競爭者的差別多大。。但至少外放品質是對得起它的價格。。另外，既然有前幾樓提到Note 9，因為我也是Note 9用戶。，所以想提提我的主觀比較。。個人認為Note 9音質比較好但是音量比較小，不過S22 Ult。ra在人聲的細節上確實比我的Note 9好上很多，但是整體。音質我還是覺得Note 9好一點，不知道是我太習慣自己的。手機外放喇叭了嗎還是怎樣的哈哈哈。。s22u 低音滿沉 但高音輸n20u, n20u高音穿透力比較好。人聲來說還是note10比較甜。三星手機外放我覺得非常普通，跟哀鳳甚至小米拉不開什麼。差距。但是三星平板的外放真的是屌打他牌平板。也許不要。塞那支 S Pen 的話，可以有更大的空間塞好喇叭。。小米10以後的外放都很不錯啊，i12以前都很悲劇。，人聲尖銳，聲音乾扁，i13才有改善。等22U到了來跟我的S9+比看看。三星喇叭是akg調校 akg一直以來都是主打中高音女毒。女聲華語歌推薦用王詩安的 I don't know測試外放，超爽!!。!。這幾天用下來感覺普通，和Note10+的差別就比較大聲一點，。低音不多，高音有點出不來，但怎麼說，手機喇叭就是從很。爛裡面挑一個普通爛的吧，也沒辦法要求太多。。S8以前外放音質差，之後都不太會在這方面失誤。不知道開啟dolby atmos 會不會好一些。而且我覺得不能怪塞了spen關係，s22u本質就note吧 n20。u就沒這問題。三星旗艦的喇叭一向都很有水準。彗星像差跟失焦是不一樣的東西喔。小米10s?。三星的喇叭覺得還好 ，電競類型手機基本上喇叭都很猛 這。是很可惜的地方 自己取捨，我也很喜歡音量、音質好的..。手機喇叭就聽個響，去買一台 Tab，大螢幕追劇加四喇叭立。體聲，舒服太多了，利用各種設備的長處來協同更舒適。。我的8吋手機有左右雙出Harman/kardom。音質不悶也不尖銳 左右均衡音量夠大 叫M6 8.4。其實我覺得跟S pen放機身影響到音質的關係不大，我的No。te 9音質就很棒(個人主觀意見)。。我認為三星在外放喇叭上不算是最強，不過至少他們把har。man/kardon收購後的第二年，三星就把手機喇叭調效(S9系。列開始)交給AKG處理了。。所以至少三星的旗艦手機都還能有不錯的外放音質，也算。對得起他們開出來的價格啦。。tab外放真的無敵。S21U屌打i12Pro。to51F tab的喇叭就真的不錯。用它看過D+影集（支援5.1）超級環繞 以為真的有東西從我。耳朵旁邊經過...",2022/03/01
[討論] Find X5 Pro/P50 Pro/S22 Ultra夜拍測試,https://youtu.be/q647PB6JOyo還是熟悉的ben 可惜依然沒有原圖 只有YTSAMSUNG Galaxy S22 Ultrahttps://i.imgur.com/Hf62vyR.pnghttps://i.imgur.com/utps5qb.png (超廣角)https://i.imgur.com/ZQPeZui.png (3x變焦)HUAWEI P50 Prohttps://i.imgur.com/QKvOqzN.pnghttps://i.imgur.com/8XI1PBa.png (超廣角)https://i.imgur.com/TXHvFrV.png (3.5X變焦)OPPO Find X5 Prohttps://i.imgur.com/3QcUvOb.pnghttps://i.imgur.com/OaRqkiQ.png (超廣角)https://i.imgur.com/5pLhsUS.png (3X變焦)https://i.imgur.com/pCyESBk.png主鏡頭夜拍上P50 Pro的亮度調教最為激進 但白平衡跑了 太冷了Find X5 Pro有點讓人意外 整體亮度真的偏暗 但白平衡有提到是最準的這一組S22 Ultra在亮度跟白平衡有最佳的平衡表現https://i.imgur.com/Z4G4WpQ.png我認為P50 Pro的夜拍細節表現最好 但抹得有點糊S22U的108MP表現這樣有一點點落漆最糟糕的是Find X5 Pro 都是50MP還有超強NPU加持怎麼可以拍成這樣...https://i.imgur.com/GS4w4Zl.png較為背景的細節也是P50 Pro表現略勝一籌https://i.imgur.com/3oTVMRv.png超廣角無疑S22U表現最佳倒是P50 Pro大翻車很意外 因為目前P50 Pro的超廣角不支援夜拍模式 其餘裝置都支援https://i.imgur.com/9f33mvR.pnghttps://i.imgur.com/phSYrDQ.pngX5 Pro細節有超明顯的疊圖痕跡 糟糕到不行 整體顏色也有點奇怪但X5 Pro的超廣角畫素是最高的 所以可以看到如比較近一點的文字 細節表現最佳且其餘部分抹得很乾淨 第一組地磚紋路都不見了https://i.imgur.com/PcxxaPR.pnghttps://i.imgur.com/gKMQ5bG.pngX5 Pro原生只有2倍光學變焦 因此在3X變焦下畫質有點軟S22U顏色比較準確 P50 Pro比較亮比較冷不過放大來看可以看到P50 Pro的望遠細節有很大的優勢畢竟他的變焦鏡頭有64MP啊,x50p海溝個寂寞。不是發揮不到30%，可以丟海溝了，感覺vivo x70 pro的v1。晶片還比較驚艷。S22U很不錯  find x3也是這樣 上市前一頓吹  但實際拍。照就是中規中矩甚至在去年旗艦裡算倒數的。oppo疊圖瑕疵好像回到2019年演算攝影開始盛行的時候。會不會是手抖到影響？。他是XDA專欄作家啊，XDA沒有嗎？。https//bit.ly/3vqhVq0。每次Oppo發表新機，對岸拿媒體機的都狂捧,2022/03/01
[心得] S22 ULTRA 煙火實錄分享,因為有申請試用S22活動，剛好 高雄燈會有加碼煙火秀，就跑去試一下這次強調的夜晚錄影，試用後感覺是真的有進步。海音、河景、燈光及煙火都還蠻清楚的在感光元件沒有DualPixel的情況下，也沒出現拉風箱的情形，噪點控制雖然還是不及iPhone，不過在全黑+光源這麼複雜的情況下，整體還算滿意。https://youtu.be/sWOYLRdkC7k,很可以欸！。屌！！！！！等預購拿到QQ。很可以。很清楚誒，這樣夠好了。其實很不錯欸。很強耶。手持這樣不錯了。很不錯耶！夜拍都這樣了，日拍想必更優。。這樣很不錯了，噪點控制要跟上蘋果的水準，可能晶片算力。還要再加強否則很難達到。。好漂亮！。雖然噪點可見但是我買S22U的原因就是為了補蘋果夜拍耀。光，白天用蘋果晚上用三星，耀光真的太麻煩...。兩支都有是更好，互補短處。蘋果的問題在於耀光和長焦段。的缺失，三星則是對焦抓拍弱且連拍算圖卡頓。。我的S22+可以這樣拍嗎QQ。真讚。很可以耶!!。蠻乾淨的 不錯。煙火好漂亮。請問228連假這幾天高雄有放煙火嗎。強耶！！。HM3跟GN3底的差距已經拉近了不少，這種拼算法的夜間。錄影理論上大差不差，至於煙火只有提到天天有彩蛋，。單純24號那天的煙火秀是給高雄市民的禮物，不需要等。連假跟外縣市的人擠人。這是手持？ 畫面很穩。好強！。感覺進步不少。好美！。有料欸。應該不是純手持吧！有拿穩定器。漂亮。真的很漂亮。不錯耶。手持這樣很強。都不抖 還是有穩定器？。推分享，畫質比想像中好,2022/02/25
[新聞] 三星新旗艦 S22 Ultra 螢幕曝「詭異光條,──────────────────────────────────────1.原文連結：https://3c.ltn.com.tw/news/477862.原文標題：三星新旗艦 S22 Ultra 螢幕曝「詭異光條」災情！暫時應變解法用這招3.原文來源(媒體/作者)：2022/02/22 12:22 自由/劉惠琴4.原文內容：https://i.imgur.com/3PLDS45.png三星新一代旗艦Galaxy S22系列，全球首發將於本週五、2月25日起陸續上市，台灣則是在3月4日。不過，近日已有部份國外用戶搶先拿到首波預購出貨的S22系列新機後，發現在使用部份功能時，螢幕畫面竟會無故出現詭異的紫色光條，紛紛於三星歐洲官方討論區跟Reddit 論壇上Po文抱怨，受影響的機型尤以頂規旗艦的S22 Ultra為居多。據外媒9to5Gooogle報導，目前尚不清楚是螢幕顯示器端的硬體、或是軟體端的異常錯誤Bug，導致螢幕的局部區域會無故出現帶有畫素點陣的紫色光條。就目前部份用戶回報的案例看來，之所以會出現上述這樣的狀況，主要會是在使用S22 Ultra 手機觀看YouTube影片、跟玩遊戲時才會產生。此外，當螢幕解析度規格設定在最高QHD 1440p，並搭配自然色彩模式時，紫色光條的狀況也較易出現。截至目前為止，三星官方尚未對此作出回應，有網友回報建議暫時應變解法，可嘗試手機螢幕的解析度設為FHD，應可獲得一些改善。由於目前率先拿到首批S22系列出貨的機型，為針對歐洲市場推出搭載三星自家四奈米製程的Exynos 2200處理器版本。至於高通驍龍 8 Gen 1版本的機型，在未來近期內才會出貨，會不會有可能也會出現類似的詭異光條，尚待後續觀察。5.心得/評論：多年前HTC 也有紫光，但那應該不一樣上次三星摺疊機螢幕破算人損，直接不保固。這次不知道要怎麼處理？是三星螢幕良率的問題嗎？──────────────────────────────────────,"都到站了你才要開車。看戲。你早晚要買iphone的。HTC的紫光是拍照問題跟這個螢幕有問題根本是兩回事。笑死，YT問題啦，無法適應新手機。哈哈 再買啊。要拿螢幕問題也是拿綠幕/白光。這樣子買 S22 的人心理更平衡了，貴為 Ultra 還是只能先。降成 1080P，買小支的變划算了。。可憐 三爽真的不知道在幹嘛。據說E2200才有這問題 難怪包莖1放心回鍋GG 看準三星。也不敢把旗艦機全壓在自家獵戶座上面。*包莖1plus。高通已經到不得不回吧。之前一部分被三星捏著懶趴 不投三星 旗艦就不用高通。現在獵戶座弱勢成這樣 三星不用包莖只會更慘而已。除非三星願意把發哥SOC放在旗艦機囉。比起獵戶座弱勢  最根本問題是 A1X太強。強到安卓陣營招架不住。獵戶座已經弱勢的不是一兩代的事了。三星沒有籌碼了，高通跳船，他如果敢把旗艦系列都硬塞自。家落後支撐的耗電晶片，大家開心買小米跟藍綠廠，再不濟。還有索尼，誰要含淚吞獵戶座。。如果不會含淚吞獵戶座 那三星在歐洲還能那麼穩?。不在乎換系統的就直接買蘋果。。台灣會用高通 說是地區分配機會應該比較大。不是A1X太強 而是安卓根本沒正常迭代的SOC。中國用高通 台灣丟給中國維護自然用高通。安卓旗艦保底還要拉垮幾年。不然 繼續用獵戶座 三星在安卓一樣爽賣啦 安卓有誰能打。獵戶座原來這麼強XD。獵戶座確實有強過啦 S810-S820兩代都是獵戶座>高通。後來似乎就一路下坡了。三星跟蘋果市佔在歐洲已經黃金交叉了，更不要說三星都靠。中低階衝量。。https//bit.ly/3H74aP3。反正繼續幻想三星無可取代。你的數字 貼出來證明了 三星根本沒什麼變。被鯨吞掉的是others。除了2020Q4真的有明顯掉下去 其他都在20%左右。自己逐季對比。others從45%掉到剩31% 這10來%就是apple成長的量。那是個趨勢。other就華為那塊在裡面。蘋果：安卓還有哪個處理器能打的？一起上好了，我用A14讓。你一條手臂。。22-18-20-18 這啥趨勢。在拉更遠 21-21-21-18-20-20-22-16-22-18-20-18。除了16遠離20外 其他都算平穩而已。如果三星這叫掉 那小米/OV/others那更慘。還是只能推iphone。而且Q4本來就iphone最強勢的時候 年度新機發表。2020Q4 21-16 2021Q4 22-18 2021年差距還縮小嘞。這數字 我還真看不出來 三星在安卓要怎麼被取代。三星的市佔根本無法到無可取代。我只看到 三星數字根本沒被取代過。獵戶座好爛 所以被取代 這論點根本不存在。如果論點成立 那小米/OV/others不會過得更慘。事實上獵戶座也不是三星主力。所以還是繼續幻想三星用獵戶座繼續爽賣。如果論點成立 三爽不用外購soc啊。獵戶座爽賣(X) 獵戶座不影響銷售(O)。幻想用高通的賣更好(O)。三星一直都有用高通 又不是這幾年才用 台灣看世界?。把台灣歸納進中國&香港區一起維護 所以換成獵戶座。這說法還比較可信。更正 所以換成高通。且 S20換高通 有賣比較好嗎 沒有吧。不影響銷售(X) 主力都是高通（O）。連南韓都換成高通呢？。蘋果不給三星代工CPU後,獵戶座就一路向下了。驍龍和獵戶座還在比誰更爛，蘋果在高階旗艦市場越站越穩。，就更有底氣搶佔台積電先進製程，差距就越拉越大。。真可惜確實想看看s21系用e2100要怎麼維持市占。台灣市占。三星類似安卓的iPhone 規格未必最佳、噱頭未必最新。但體驗相對最好 所以很難被取代。樓下買首發。買了。買了。看s22即使螢幕出包都有這這熱度，上市後一定超車iPhone。13。三星應該脫離自己製造 把全部零件委外包括處理器。不然遲早被自己做的零件害死。三星怎不威脅蘋果，不給Soc就不幫做螢幕！。三星就差處理器 不然就超完美。原本note 10也想換S22U,但是是三星做的包莖萬就滅火了。印象中iPhone 12螢幕供應商不只三星一家，蘋果Ａ系列處理。器卻是蘋果獨家。三星顯示器幹嘛替消費電子部門的人出頭，人家三星顯示器。靠自己的技術賺錢，憑什麼要他們成為威脅的籌碼。。包莖卍這樣聽起來會不會變的比較厲害，像卍解一樣X。D。一堆人已經上車了，你才說。獵戶座只有ISP比高通強，AV1在E2100就支援的東西，高通還。要下一代才有，2017年的E8895就支援4K120錄影了，同期的S8。35只有4K30...。天璣1000就支援AV1 不要再說發哥ISP差了。曝光！三星員工“捏造半導體制造產量與良率” 偽造3、4與5。奈米節點遭調查。原址 https//m.hk.investing.com/news/stock-market-news。/article-216581。縮址 https//reurl.cc/mG7zZ7。還要相信三星半導體還是信三爽絆倒體？。一堆雲使用者，S22螢幕沒問題的來發個聲一下。爆炸與斷觸的體驗 的確是最好的。看起來都只有Q4被超車而已，其他時間都是三星＞蘋果。某些用發哥u的odm貼牌，全球銷量很不錯。三星已經找出問題了，說月底前有一個AMD GPU驅動的大更新。可以貼韓文影片支持論述",2022/02/23
[心得] S22 Ultra 學生預購方案,小弟坐標澳洲啦 今年真的要把S7 Edge退役啦發現有學生email的話打折好高啊，但不知道有沒有比台灣便宜?想訂S22 Ultra 512GB 藍色，可借1TB沒有藍色可以選，但應該512GB也夠用了吧?手上S7 Edge 32GB 滿滿的 但插的128GB SD Card 是還沒滿過加Samsung Care+ 原價$149 用優惠碼BONUSCARE免費 其實都不知道這有啥鬼用另外還有買$200送$200的活動，所以又加了Galaxy Buds Pro，折完只要$39如果到時不想要再賣掉還有賺總共$1758.4澳不知道跟台灣比較有沒有比較便宜?https://i.imgur.com/tMcMMj6.png,有 因為 澳幣好賺買起來更便宜。羨慕XD。澳洲的物價跟所得比起來沒有台灣那麼懸殊，當然買手機。買起來比較便宜。。台灣的物價跟所得的差距可是地獄級別的！。基本時資：台灣168元 澳洲20.33元 (台幣/澳幣)。s22 ultra售價台灣41900元，澳洲2149元。在台灣需要249.4小時的基本時薪。在澳洲需要105.7小時的基本時薪。上述以512G款式為例。羨慕有藍色。印度首都最低薪資6千台幣，不吃不喝7個月才能買到s22。u。另外印度鄉下領最低薪資要2年不吃不喝才能買到。但是最近澳洲房價漲了20幾% 還是哭哭。不過可以work from home跟正常上下班還滿爽的是真的。羨慕有藍色....,2022/02/16
[心得] s22 ultra燦坤預購,剛好有燦坤聯名卡，到門市走線上預購s22 ultra 512G $41900 12期0利率聯名卡回饋13％還元金＝5447元（只能在燦坤購物使用）加碼贈原廠25w快充頭有原廠第二年保固有2000配件購物金原廠登錄三好禮有抽獎活動抽s8u鍵盤套裝組雖然我覺得是不太可能抽到啦…等貨到門市取貨驗機https://i.imgur.com/GP5EA2l.jpg,"黃色屋子先不要。一樓為啥？。我s10也是燦坤預購買的，有問題直接去原廠智慧館就好，沒。差。請問登錄原廠三好禮一定拿得到嗎。用信用卡付款有機會抽1000  @@。紅色賣完了 = =。三好禮一定有啊，抽獎比較難哈哈。補充一下，要指定有原廠授權展示櫃的門市才有喔，不是每。家都有這個方案。黃屋先不要。有說兩年保固？。13%是限300名嗎?。他上面介紹寫原廠兩年保，應該....是原廠意思吧XD""。我的天 信箱也收到一樣內容= =。雖然我用s7和s10都沒事XD  希望><。看到了，原廠第二年延保。https//i.imgur.com/5MoOhvt.jpg。感謝回應。從他的線上預購頁面也有顯示有延保耶？！。為啥我預約了在訂單查詢都看不到東西?。他有商品快照，不知道拿這個算不算證據XD""。燦坤現在有貨。想問問有人知道在三星網頁預購的可以退嗎？一路看下來優惠一。直出來，中午預購的覺得不是很開心QQ。台灣可以預購S22系列的通路有16家，每個寫的東西都不一。樣，送的也不同....可憐啊XDD。重點要記錄購物車編號，店員說取貨完要登錄原廠禮會用到。另外想問一個問題, 燦坤也可以3/2取手機嗎?。樓上要看預購順位喔。喔喔  感謝!。https//imgur.com/a/PxDODnA。照他線上購物應該也有這些贈品吧？。感覺不錯耶，就燦坤裡的三星智慧館。有兩年保？那不錯。。所以是要線上購買還是要門市？。門市買也是透過線上預購 應該是一樣的。燦坤線上購物是透過內湖智慧館出貨，有原廠兩年保固。線上買呀，現場就是看實體及喜歡顏色。看DM頁面一定要用台新燦坤卡刷並且要限定名額才有延保？。但購買頁面又感覺只有登錄就有送這些了…。剛線上買了白色 好奇200配件金是要去哪換? 想要45W頭。更正 2000。三星商城的可以退…只是要打電話去客服中心退。燦坤內湖有三星智慧館所以有兩年延長原廠保固。燦坤就是少了45W和錢錢回饋，其他跟官網一樣。pchome則是少了延保。燦坤…。12期0利率怎麼夠，至少要24期。燦坤剛看都賣完了樣子0.0。分24期也還太久。13% 怎麼確定有沒拿到?。燦坤在最後頁面才告知賣完了……空歡喜一場。S大說沒了是燦坤線上嗎？。智慧館有的燦坤都有（線上無排隊禮券）還多13%回饋。智慧館的贈品+13%還元金+25w充電頭=燦坤贈品。目前看起來是燦坤的方案最划算。對，線上。燦坤一定要聯名卡才有回饋嗎？。ultra512剩白色... 到底是飢餓還是真的熱賣我搞不懂了。其它信用卡優惠不多，要記得登錄就是。沒這張啊，，。不知是否只有我們不知道，燦坤優惠活動是2擇一，這點是打。客服詢問才知道。2擇1是什麼意思？。我打到內湖，他說延保不用聯名卡，聯名卡是回饋多。我自己是用一般台新買QQ。一樓真可悲 都什麼年代了還在鬼屋。剛看還有黑色可以買",2022/02/15
[心得] S22 Ultra (12G/256G)PC家預購菜單,SAMSUNG Galaxy S22 Ultra (12G/256G)預購菜單分享除了2222其它都是要花掉的回饋菜單http://i.imgur.com/B9pDpqT.jpg登錄送2000http://i.imgur.com/la1q0Re.jpg登錄送500http://i.imgur.com/9hYRcqY.jpg官網http://i.imgur.com/zCvwaDt.jpg,羨慕有早鳥券。原來有早鳥券。分類可能被早起的鳥兒吃了。早年券好補。*鳥。舊機回收 早鳥 折起來就很香。早鳥券是啥。2222是用抽的啦 基本天選之人吧==。還有300的折價券。要綁pi卡還有舊機回收…。原來是抽的。提醒喔 PCHOME舊機回收 2/28壓哨處理。你現在填好 會兩天內收件 回收廠商 只能延長7天收件。我剛打去客服 建議我 2/28 壓哨送件再打客服延長7天。不然S22還沒拿到舊手機要先被回收。pc家現在一堆訂單不處理...。早鳥跟三星登記這兩個都有名額限制 要看運氣。有人知道三星店面會有實體機了嗎？。這是單純在炫折扣嗎XD。都有實體了 只是不見得有全色系。有夠麻煩。自己的pi幣回饋折抵也算，那我的pi幣折37900，總花費不就。才1000。已經被買光了。這次PC家挺不錯的聯名卡再回饋5356元。。羨慕抽到2222。看了頭很痛，寧可撿隔壁版的。回18樓，信義南山每一個顏色都有展示可以看了。把你錢轉移到別的地方強制花費 不太能這樣理解。少算PCHOME SHOPBACK1％ 389元現金回饋。那些是官方優惠？通路優惠？支付或信用卡優惠？若發生債。務不履行應向誰請求賠償？碎屏險是否要在期限內自行向保。險公司申請？。PChome shopback 排除三星商品喔。有人有之前手機回收折價的心得嗎？有支s8想要拿來補3000。買個東西像申請綠卡，是有這麼累?。你的優惠很好，這就是我不想買的原因！。用自己的P幣折抵也算優惠喔 這哪國的算法。pi幣也算？。他說自己總花費沒錯呀，只是非人人都能就是了，沒必要噓。人家只是分享他預購的單又沒說大家都能這樣折。https//youtu.be/1OLHMJwEiUo。泰國的是國際版嗎？只要30000nt而已。其他國家總是比台灣便宜 囧。舊機回收跟PI錢包折抵 還有2222不要寫就沒事情了。還是原PO有發明時光機讓大家聞香一下。當初2222折扣券的問卷把所有機型都勾想購買就抽到好幾。張。情報/原本S10舊機回收在PC拆成3100＋3000獎勵，三星官。網則是可以折7100(最高)，回收也是可以多多比較啊！。樓上 回收活動都會東扣西扣給一個很差的金額  pc至少。保底3000。等台積電製造的。P幣PI幣都不能換現哪裡省到？還不如*x3員購75折2年保。最優惠,2022/02/15
[討論] Danny的 三星S22 Ultra vs S21 Ultra拍攝, Galaxy S22 Ultra vs S21 Ultra Unboxing and Camera Test: Better or WORSE? https://youtu.be/F83n9MGaqA0  前面是個開箱，厄 沒有給充電頭 雖然他支援45W快充  然後介紹硬體規格 驍龍8Gen1版本(有提拿到E2200版本會做比對測試)  影片5:51 才開始比對拍攝  白天先 即使初步對比看，色彩看起來都一樣 但是放大，再放大  細節就展現出不同之處了 降噪更好以及銳化也調回  夜間一般拍攝也是可見般的改善，不過夜景模式下 S21U反而比較亮(看個人喜好)  作者認為 三星是跟隨蘋果的做法，較有夜間的感覺 這邊才有比對了超廣角  然後拍攝時間也快了一點 (3秒vs2秒)  錄影效果白天差不多，但是放大看也是細節更清楚了一點  夜間也是更清晰了些,如果只想看 S22系列的 可參考 Daniel的 S22U vs S22P拍攝。https//youtu.be/6nbnBVCtPxs。S22U的夜拍宽容度高很多。22+看起來還不錯，等價格公布。S22跟22+超廣有微距功能嗎?。全面提升，過亮過豔也有修正不錯.。22跟21系列比有進步就好了。該關注動態物體拍攝是否追上對手，s21u樣張拍淡水河船隻。和行人都有HDR殘影。應該拿s21ultra最早的版本來測。都可以規格越出越低了。用軟體更新來限制舊旗艦表現以便賣新旗艦也不是不可能。樓上 三星應該不至於這樣吧..。續航測試多久後會出來？。12樓想太多了吧，會這樣子搞的就華為而已。丹尼!!!偶要趕快來看!!!。不過說真的 手上S21升級ONE UI 4 拍照成像我覺得是退步。的。錄影中縮放的抖動還是沒改善= =。@1121  應該說22u稍微好些 但依然遠比不上哀鳳。S22日間拍照長焦細節好很多，低光S21雖然較亮但容易糊掉。，攝影日間兩者差不多，低光S22的細節豐富很多。錄影大概沒手機能超過iphone，但拍照的話要贏iphone的有。很多家。iPhone就是黑科技soc能錄影單張HDR，Pixel6這代官方。有說也行，實測錄影效果海放之前Pixel，但還是比iPho。ne差點，主要是顏色有點豔.。S22相比S21全面提升，忽略動態拍照的話，很OK了。對岸媒體人轉3C博主 說過主要是DV跟單眼就是科技線不同路。連iphone的長焦錄影都打贏三星10X?,2022/02/13
[討論] S22 ultra 0.6X-100X 樣張,https://www.mobile01.com/topicdetail.php?f=568&t=6538078#84152440這有點誇張啊，感覺100倍時AI介入描繪輪廓跟補色很強大，而且每個焦段的白平衡都很準買了這個真的可以關心對面大樓尿尿的地方了 http://i.imgur.com/FOg0CMH.jpg,"怕。為了這功能 我決定…。把窗簾掛好掛滿嗎？。當讓對面把窗簾掛號掛滿的人。水啦!!!!去公園散步就可以拍旁邊大樓了嘻嘻☺。https//i.imgur.com/qS9HXoz.jpg S21U之前只能拍這樣。樓上這三小。笑死 S22U好像能拿來做一些不可名狀的事欸。@rinppi [email protected]@其實是要強調s22u可以拍成這樣XD。不可以色色。以後不用帶大炮打小鳥了，只要帶一台S22U就好。不知道夜間表現怎麼樣… 我絕對沒有在想甚麼壞壞的事哦。笑死那是馬東石嗎。一上市就跳水https//i.imgur.com/f61O0CU.png。趕快買。我想也是馬東石XD。滑進摩鐵然後掃對街超商的QR CODE 穩的。哈哈哈凎 馬東石。有沒有續航測試了。a大那是哪個國家啊？。100倍還是不可用啊,只是看的到稱不上照片吧。所以100倍到底要用來幹嘛？。不會又是土耳其吧。美國喔。5樓笑死，不過說真的30倍就很有趣了，100倍手還是會抖。10幾倍拍飛機應該很好用，如果沒有演算瑕疵的話。便宜打鳥機可能至少要sx740hs，好一點就sx70hs。拍飛機快門速度不夠不行吧。哈哈哈哈哈哈笑死。可以拿來望遠呀。百倍變焦還自動幫人物描黑邊欸，這還叫拍照嗎？。可以拍到月球隕石坑嗎。哀鳳四萬塊拍出一堆鬼影ben怎沒見你出來吠過一聲？。白天大光圈快門速度不會不夠吧，而且這代長焦終於有手動。模式。長焦可以調快門速度啊。因為我是人，不是狗，跟你不一樣喔。。樓主好生氣喔。用吠這個字眼。已檢舉了。有機會冷靜60天喔。等版主回應。https//i.imgur.com/WBGCgxi.jpg。說人家用吠的，恐怕有違版規？。其實討論東西幹譙產品就好了，無需傷和氣.。檢舉就檢舉啊？！又如何？。忽略明顯的成像進步，只會吹毛求疵抓一些細枝末節的東西？。？。S21U 30X。http//i.imgur.com/fQyRpZ0.jpg。S22U 30X。http//i.imgur.com/YE8MQ98.jpg。不會如何啊。到時候手機上市了。大家在開心的討論s22。樓主只能在水桶冷靜。樓主開心就好呦。這次長焦端的色調看起來跟主攝一致了。。AI 會幫你描邊就不用 S Pen 了。。可能違反版規，還那麼大聲，那這樣大家都來違反版規你覺。可能違反版規，還那麼大聲，那這樣大家都來違反版規你覺。得好嗎？一團亂。100倍是漸變還是段落變焦呀？。P大的圖有點猛～！。阿裹粉只會為黑而黑，就可以？？。你也可以去檢舉啊。這是你的權利，。看版主怎麼認定。相反的，你說別人吠。其他人也有權去檢舉你。嘿我不是新警察也不是檢舉魔人，愛檢舉就檢舉，要水桶就水。桶我根本不在乎，我只是瞧不起整天捧哀鳳多棒棒卻貶低其抹。黑他廠長進步的傢伙而。已。隨便抓一個人就說他整天捧蘋果黑其他家...。要不要先看看板上的星粉？。幫他補字是什麼騷操作，笑死。。他太過於脆弱了，沒辦法接受一些比較質疑性的文字，這一。串根本沒有人在捧蘋果，連提到蘋果的人都沒有，太害怕被。果粉進攻導致產生一些想像。。我要犯法就犯法，要關我就關我，我根本不在乎的意思？。所以我可以隨便犯法的意思？。意思是我犯法沒有錯，因為我不怕被關。有一種捧是我覺得你在捧。看來這次拍照進步蠻多的。讚 這效果就是我期待的 看來可以入。理酸民就輸了。DXO：比前兩代再更低分。6樓xd。樓主理虧，要回ben大可以回得更好，用酸的就輸了。用嗆的就先輸了==。整串下來第一個講到蘋果的就是原po…。果粉相機不如人，到處雞蛋裡挑骨頭也不是很少見啦…。…。原Po反應太大了，酸葡萄笑笑就好。好激動喔",2022/02/11
[討論] Galaxy S22 Ultra：24小時的使用體驗,以下資料截取自The Tech Chap（英國的YouTuber），影片連結在最底下。1. 跑分結果（與去年上市的S21 U相比）今年的Exynos 2200 VS 去年的Exynos 2100測試a：https://i.imgur.com/LX1Z789.png大概進步了7%左右。測試b：https://i.imgur.com/xez7Ty8.pnghttps://i.imgur.com/vsaJOho.png進步大約23%（溫度上升6度，S21U上升近8度）測試c：https://i.imgur.com/m1ETGys.pnghttps://i.imgur.com/s7kkpye.png進步大約14%結論：速度較去年快，散熱也較佳2. 相機擂臺（對手：S21 U、iPhone 13 Pro Max）https://i.imgur.com/GF8VRNW.pnghttps://i.imgur.com/gJyeKBG.pnghttps://i.imgur.com/km1ENcK.pnghttps://i.imgur.com/ugrxUqa.pnghttps://i.imgur.com/CHArbfg.pnghttps://i.imgur.com/UESecf1.pnghttps://i.imgur.com/RCaMq8a.png3. 錄影截圖https://i.imgur.com/NyO4xpH.pnghttps://i.imgur.com/1Nqvgj9.pnghttps://i.imgur.com/uYou4NT.png移動中的地鐵https://i.imgur.com/FYLgFcj.pnghttps://i.imgur.com/bxu6zUS.png心得：以照片來說，S22比S21強了一些，而iPhone 13 Pro Max的照片偏黃到幾乎可以說是失真了吧，畫質方面也沒有比三星優秀到哪裡。耀光的情形，也是iPhone 13 Pro Max最嚴重。若光考慮攝影，三支手機裡，我會選S22 Ultra，它的顏色表現是最自然好看的。完整影片：https://youtu.be/D5tTOuiJYKU,"幫愛瘋QQ。來比跑分啊。IP偏黃到失真 三星最保真。他看起來應該是恥力全開才敢拿三星手機拍照。。s22u到底是用snapdragon還是exynos??。沒有跟8g1對比？。歐洲好像才有三星SOC?。好像沒那麼爛 看手機版還以為三星要倒惹。跟888比啊。看起來還行啊，三星相機本來就不輸蘋果。看那個穩定度很差，使用一定降頻降率。PTT看看就好 不要太相信 反指標不是假的。偏暖是iPhone特色。不錯啊，跟去年最爛的soc比。比愛瘋香。不講好話明年就不能搶先測惹。四輪測試穩定度72%，我只能說遊戲體驗應該不會太好？。這youtuber很不錯 一直都會看他的評測。這代13拍照真的黃 尤其夜景。被嘴的原因從來都不是相機的成像品質，用當年度旗艦的。價格買過氣的效能、被閹割的記憶體。好了，三星今年一定倒。好吧還行 價格最好夠低。三星拍照成像一直都不錯啊。還是會有人說iphone比較強。成像ok，拍照過程不ok，會微卡。續航呢～。所以動態拍照(車子,小孩)。的對焦速度有沒有改善?。三星拍動態不行其實跟對焦速度沒關係,那個問題是為了。堆圖快門太慢導致人物拖影或延遲。拍照怎麼不敢跟最強的P6比。iphone膚色蠟黃，p6膚色也很怪而且耀光也嚴重。三星算法拍攝動態物體常有疊圖瑕疵，重影或線條扭曲，就。看這代是否改善。覺得照片S21U看起來比較好看0.0。錄影好像進步不少 但照相如果疊圖一樣慢還是糞機 p5隨便。連拍都不會糊 背景算圖給他慢也沒差 因為成像就是你當下。要的。s21、s22各有勝負的感覺。S22外型不行。i13相機有那麼差？ 不同等級誒。冬天測試就這樣了，夏天快到了，溫度應該會…。看來跟2100一樣，各方面小輸高通同代旗艦。另外72%是20輪不是4輪。以樓主相機的心得，Apple 今年肯定要倒了！。看來三星之後就跟蘋果一樣了 每次發表會完大家各種。罵 上市後還是乖乖掏錢買。拍照進步很多，安心了。拍照有進步就好，大家到底要要求多少東西。唉鳳吹的跟什麼一樣。就這！？。看手機版三星跟google都倒了.。我覺得s21拍起來比較好看。看手機版是每牌手機都倒好嗎。你板不是銷量至上嗎。「要是安卓拍照比較好怎麼大家不買安卓」。盲測早一堆了 蓋住品牌三星是很有趣。今年蘋果一定倒。今年手機全部倒。就算是買相機都未必是「拍起來好看」就賣得好了。何況手機不是只有拍照一項功能。iPhone13可以調整profile，不愛暖色你可以換。蘋果真正問題是直出藍天就斷階、夜拍對比拉爆。三星S21U就拍移動中物品很差，拍照會延遲，其他都不錯。，放大也不會糊。要立可拍，三星會讓人失望。三支看一看先幫Pixel 6上香。三星拍照體驗完全被蘋果屌打 可憐啊。安卓機皇笑死人。E2200安兔兔96萬，高通版才88，獵戶座秒殺高通？。http//i.imgur.com/SJFMi4H.jpg。沒在玩遊戲 拍照好＋筆就贏了。iphone 13 pro max拍照滿一般的。相機喜歡三星 謝謝分享。本來想換 13 pro 的...",2022/02/11
[討論] S22 Ultra的3X/10X變焦鏡頭感光元件降級,"https://twitter.com/Golden_Reviewer/status/1491647366306230273推特的自媒體@Golden_Reviewer 發現了S22 Ultra的光學變焦鏡頭的感光元件訊息惹https://i.imgur.com/L6BpFY0.pnghttps://i.imgur.com/Q2Pg8kk.jpghttps://i.imgur.com/hOhJwGS.jpg在S21 Ultra上3X與10X光學變焦鏡頭皆採用三星自家S5K3J1的感光元件感光元件尺寸皆為1/3.24"" 畫素皆為10MP 單畫素的面積為1.22μm3X的焦距為9.0mm 而10X的則是30.6mmhttps://i.imgur.com/8DxVtIC.jpghttps://i.imgur.com/7aDSxDj.jpg在S22 Ultra上 根據該reviewer的說法 感光元件皆換成Sony的IMX754 規格上差了些感光元件尺寸從1/3.24""縮水到1/3.52"" 單畫素面積也從1.22μm縮水成1.12μm而焦距分別為7.9mm跟27.2mmS21U的變焦鏡頭感光元件比較大顆 而S22U上的變焦鏡頭感光元件全部都變小雖然規格差了點 但似乎有靠演算法把畫質打回來甚至追過S21Uhttps://twitter.com/UniverseIce/status/1491626698894307328這是S20U vs S21U vs S22U的30X變焦對比https://i.imgur.com/573bKHX.jpghttps://i.imgur.com/x0c6RqM.jpghttps://i.imgur.com/AuEkeV0.jpgS22U的整體細節清晰許多 成像也銳利很多只是這套演算法基本上也不會下放S21U惹","也不全是演算法吧，硬體除了規格外，。還要看訊號品質跟穩定度。簽名檔那蛋蛋袋口罩哪裡買。鏡頭鍍膜/玻璃?。鍍膜也有可能 之前那個Super Clear Lens也有機會加成。可是那應該跟解析力的關聯較小。這次只有主鏡頭跟超廣角有超清鏡頭跟鍍膜，官網有寫。http//i.imgur.com/L4TchQx.jpg。這個人也太晚發現了，去年十月就有爆料了，gsmarena也很早。就把長焦規格標上去。http//i.imgur.com/vtItRaB.jpg。反正最後成像如果有贏就好了。12MP 那解析贏正常啊。變焦鏡頭是10MP 超廣才是12MP哦。S22的成像品質好很多唉。成像好那麼多沒得酸.。長焦倍率跟感光大小就空間而言完全是互斥的存在，長。焦正常設計就是光圈小感光小來換倍率，才會有低光用。主鏡去裁的設計.。只希望對焦速度能快點……。怎麼不說原本三星cmos很爛，升級成sony的。這組照片很像遊戲的低中高畫質對比XD。這次耀光也改善不少。這成像水準很吸引人，硬體數據倒退也無妨了。pixel5以前的imx363，也不是靠演算法屌打。只不過pixel6換大底就烙賽了呵呵。厲害了。都2202年了  還充斥一堆規格控...天哪。這時間點當然不要看規格 只認品牌信仰。偷料然後一堆人吹啥成橡更好不要只看規格 好有即視感。當初PIXEL一路走來不也就這樣""別看硬體軟體大勝利""?。底稍小跟是不是偷料是兩回事，不同的Sensor性能就不同，鏡頭。也可能比舊款好，解析力用演算法是很難無中生有的。https//i.imgur.com/6Op0Gkf.jpg。其實我身邊的買PIXEL的人 很多都表示為了無限相簿才。買單 這次P6沒有無限相簿 就...就你們看到的缺點放大。被大家嫌了 不是P6鏡頭更多更好了?。反正我手上S21U 16/512的 剛好不用煩惱直接PASS S22。笑死 閹割又一個。喔 成像品質竟然有贏哦。索尼CMOS不香嗎 至少比三星香吧。以感光元件大小來看 這前後代確實算同等產品。所以降級是為了炫技嗎XD。結果論來看成像贏 也沒啥好嫌 還蠻明顯進步。堆料是為了成果，所以是降級到什??。成像至少是進步的XD。結果來說：成像比s21ultra進步。S21U坐等軟體下放Y。差 2MP。不是光軟體問題。說不定是同代的Sony感光元件硬生生比三星的感光元件。好上一截。換底有很多因素吧，這次三圍跟S21U差不多只寬了一點還多一。隻筆。到時候看拆機就知道了。S21U 30倍。http//i.imgur.com/itkL0p2.jpg。S22U 30倍。http//i.imgur.com/Z2reMUf.jpg。換成索尼的感光元件真的有進步了。現在大家都流行換感光嗎。結果用來用去 還是IMX對味XD。三星的感光元件就是數據漂亮但拍出來都不如索尼IMX",2022/02/11
[問題] spen可以通用嗎？S22 Ultra購買問題？,我目前有S21 Ultra，但是沒有買spen，想知道買Note 20 Ultra的spen能不能用在S21 Ultra上？我比較喜歡Note 20 Ultra的spen，我的手機殼沒有筆槽，如果要帶spen感覺很不方便？應該只能用膠帶黏在背後或是硬塞在手機殼旁邊又或是另外帶了？有問過客服，他們說可以通用但是有些功能會無法使用，問客服哪些功能無法使用，他們也沒說。還有，如果在美國三星官網買S22 Ultra寄回來台灣用會有什麼問題？Samsung pay可以綁台灣信用卡嗎？我沒用過悠遊卡，所以先問能不能綁信用卡消費就好。有考慮在美國三星官網買的原因是可以用paypal付款還有便宜很多，價格是1199美金。維修的部分台灣可以維修，在台灣沒有保固，在美國有samsung care+也不認？https://imgur.com/a/5AwEkQL不過我也不是很確定要買S22 Ultra，因為性能似乎沒有提升很多，自從S21 Ultra更新了one ui 4.0在單核跑分有到1124，在one ui 3.0的時候單核很少超過1100，多核3372；至於S22 Ultra的單核1209，多核3267。單核增加7.5%，多核大約減少3%，是滿懷疑用S22 Ultra玩原神能不能在最高畫質穩60幀。續航也不知道有沒有大幅增加好幾個小時。而且ram沒有16GB的選項，我自己用S21 Ultra，最多使用的時候已經用掉10GB多的ram。https://imgur.com/a/S3OK0ot至於顏色，我個人是都不喜歡，我只愛金色、粉色和玫瑰金，iphone 13 pro那種金色很好看。,書寫的功能可以用，但是需要配對後才能用的功能可能就不行。s pen在note、Tab S、z fold3及S21U都可書寫，但沒自。附插槽都無法使用藍芽遙控功能。原神就別抱期待了。推spigen的手機殼，有附筆槽，比原廠的輕薄很多。鐘文澤今天有上傳影片 20U的筆可以用在22U。普通書寫功能好像都共用，我公司有tab s6 s7 active3。active3 pro，筆可以互用，但是藍牙功能要配對才可以。用。三星pay可以綁 然後可以考慮買帶筆槽的殼或皮套 另外。考慮性價比s21u現在香多了 前提是買的到。三星有GOS負優化 要想辦法停用原神才會順 我S21U停用後。非常有感。只有原神這遊戲三星會負優化，設一個tasker就可以，打開原。神用lycan禁用gos，可以穩在55左右，其他遊戲FPS都沒什麼。問題。請問樓上大大們說的tasker要怎麼設定 我也覺得S21U。開原神不順。現在哪有可以原神穩60fps的 蘋果平板也不行。最接近的(要自己散熱)應該是realme。更何況8gen1在cpu方面(原神的瓶頸)根本跟888是幾乎持平的,2022/02/10
[新聞] 三星 Galaxy S22 Ultra 相機架構看似不,1.原文連結：https://upto.site/6de3552.原文標題：三星 Galaxy S22 Ultra 相機架構看似不變，其實有「這個」亮點！3.原文來源(媒體/作者)：T客邦/Axiang Chin4.原文內容：一直以來，「相機功能」就是三星 Galaxy S 系列最大的賣點之一，過去在 Galaxy S7系列推出時就以「手機界的單眼」作為宣傳重點，首度導入在高階單眼相機才看得到的「Dual Pixel」快速對焦技術。之後的 Galaxy S8 系列則加入「多重影像疊合技術」來提升高速動態拍攝模糊、低光源與數位變焦情境下的畫質表現。接著，Galaxy S9 系列首度加入「雙光圈」主鏡，可依不同拍攝場景做切換，後來的 Galaxy S10 系列甚至透過 AI人工智慧技術提供「場景智慧辨識」與「拍攝建議」功能，並在錄影部份支援 4K 60fps與 HDR+ 錄影、VIDS 電子防手震功能。https://imgur.com/Z9uGJpJ▲Galaxy S7 系列在相機功能上的進展可以用「大躍進」來形容，當時甚至以「手機界的單眼」自居。https://imgur.com/oXD98Zx▲Galaxy S9 首度在主鏡頭上加入雙光圈的配置。Galaxy S20 系列的頂級機種 Galaxy S20 Ultra 更是迎來全新的突破！主鏡頭高達1.08 億畫素感光元件，可以保留最極致的影像細節，搭配長焦望遠鏡頭更能提供無損混合變焦與驚人的 100x Space Zoom 超級變焦能力，豐富的焦段也徹底打破過去手機拍照的框架。此外，Galaxy S20 系列還首度導入 8K 超高解析度畫質錄影功能，一舉拉高了手機界影音錄製品質的標準。https://imgur.com/BvR7oR6▲Galaxy S20 Ultra 內建 1.08 億畫素主鏡，100x 數位變焦能力在推出之際更是震撼市場（圖片來源：SamsungMobilePress）。去年推出的 Galaxy S21 系列再度針對相機進行升級，頂規的 Galaxy S21 Ultra 除了原本的 1.08 億廣角主鏡頭與 1200 萬畫素超廣角鏡頭外，望遠端則同時提供 10x 與 3x兩種不同倍率的鏡頭，形成了四鏡頭架構，並透過 AI 技術提供「超高倍變焦 2.0」功能，大幅提升長焦段拍攝時可能發生手震或畫面不穩定的狀況。錄影功能方面，GalaxyS21 系列也加入「專業影片模式」，能為錄影時的收音、影像曝光與參數調校帶來更完整、更全面的調控介面，讓手機成為貨真價實的專業創作工具。https://imgur.com/et2Uf4D▲Galaxy S21 Ultra 採四鏡頭配置，是現階段 Galaxy S 系列旗艦中相機最強的組合。身為手機拍照功能的先驅品牌，三星即將推出的 Galaxy S22 系列在相機方面究竟會有哪些革新讓人非常好奇。而從先前已流出的 Galaxy S22 系列手機外觀諜照可以發現，今年主相機的組成似乎是延續 Galaxy S21 系列的設計，包括 Galaxy S22 與 Galaxy S22+都維持去年的三鏡頭設計，而頂規的 Galaxy S22 Ultra 雖說主鏡頭模組的設計完全不同，但看起來應該也是四鏡頭配置，也就是同樣由 1.08 億畫素主鏡頭、1200 萬畫素超廣角鏡頭與 3x 1000 萬畫素和 10x 1000 萬畫素的望遠鏡頭所組成。https://imgur.com/PDvZyzj▲Galaxy S22 系列的外流照透露相機的配置與 Galaxy S21 系列不會相差太多（圖片來源：The Verge）。雖說硬體的「配方」看似不變，但在細部規格與功能上，Galaxy S22 系列仍有可期待之處，像是外媒 GSMArena 就曝光了一張由推特帳號 Xeetechcare 分享的 Galaxy S22 系列重點規格。從內容可以看出，Galaxy S22 Ultra 的主鏡頭確實是支援相位對焦的1.08 億畫素規格，但特別標示出的「Super Clear Lens（超清晰鏡頭）」相當耐人尋味！雖然這項規格的特色說明被做了裁切，但不難看出，這是一項與鏡頭外部玻璃鍍膜層相關的技術，除了使用更耐刮的康寧大猩猩玻璃外，鏡片似乎也具備抗反射與耀光的能力，讓感光元件能更好的保留住清晰的畫質，這似乎與先前他牌手機和德國蔡司光學合作的T* 鏡頭鍍膜技術很類似。https://imgur.com/QQn2RUV▲外媒曝光的 Galaxy S22 Ultra 產品規格圖，意外揭露了主鏡頭「Super Clear Lens」的新功能（圖片來源：GSMArena）。Galaxy S22 系列的相機究竟會為消費者帶來哪些驚喜呢？一起期待 2/9 (台灣時間23:00) 的  Galaxy Unpacked 發表會吧！5.心得/評論：去年S21U的相機一路戰到年底還能跟iphone13一較高下S22U的相機會有什麼樣的表現呢？,一億畫素根本噱頭。s8之後動態越拍越糊。新的模擬都沒有潛望鏡？。S20U的百倍根本就不成熟。vivo。同意2樓 S20+要拍動態的東西。相片直接糊成一片…完全感覺不出對焦快在哪。S系列已經廢了 被哀鳳按在地上摩擦。其實就是fold的那個鏡片。s系列拍會動的 比傻瓜相機還不如。s系列拍動的，真的弱。當年s20u相機下面space zoom 100x歷歷在目。結果100x根本糊到不行根本不是堪用畫質硬上的。會動的 爛到不行。什麼時候才能改善錄影掉幀…。什麼時候才能改善變焦卡頓…。動態拍不好，XR開始拍貓很清楚。N8 N9 拍貓都糊。S22U最大的升級點是8g1把ZSL低延遲拍照提升到108MP了，主。鏡頭對焦應該 會快一點，888的ZSL才1X200MP/84MP，這次8g1。升級到200MP/108MP。http//i.imgur.com/qKBHsk4.jpg。note20u  拍小孩氣到發抖。s7之後對焦真的很慢。Sony表示，能看到我的車尾燈嗎。都自廢武功拿掉3.5mm跟SD卡支援了，那買親兒子就好,2022/02/05
[情報] S22 Ultra官方宣傳曝光 45W快充終降臨,https://twitter.com/dohyun854/status/1488356730731855874爆料大神@evleaks 曝光了S22 Ultra的部分官圖不過現在evleaks對三星很不爽 因為三星自己保密不做好 然後去跟Twitter提DMCA笑死 度量有夠小 而且非常此地無銀三百兩https://i.imgur.com/qlhjMeB.pnghttps://i.imgur.com/fQwtxyx.png且為了要DMCA下架 特地追蹤了evleaks XDDhttps://i.imgur.com/oufsx4F.pnghttps://i.imgur.com/dzuPLQo.png被下架的爆料因此這次才給另一個爆料者來發文吧回到原題https://i.imgur.com/I8Auo2n.jpghttps://i.imgur.com/XCJP81A.jpg下巴比想像中寬一點 沒有做到上下甚至四邊等寬偏可惜另外可發現支援8K Super HDR錄影https://i.imgur.com/89NPPaQ.jpg可以看到45W快充終究降臨三星雖然在一大票100Wup的快充來說 有點相形見絀就是惹https://i.imgur.com/ru8RVYZ.jpghttps://i.imgur.com/v8nHvvC.jpg鏡頭配置跟之前的暴料差不多主要是那個Super Clear Glass文宣宣稱可以減少反射跟眩光 且可以拍出更亮的照片https://i.imgur.com/TAbfWqo.jpg機身比S21 Ultra短一點 但也寬了一點厚度維持一樣的8.9mmhttps://i.imgur.com/XyhV2dY.jpg搭載Dynamic AMOLED 2X 且支援HDR 10+另外亮度峰值也提升到1750nits 更勝於S21 Ultra的1680nitshttps://i.imgur.com/DshcBoy.jpg包裝盒也更為簡潔 沒有充電器 也沒有耳機,"通常不是最旗艦比較慢上？這支竟然是Ultra先上？。居然沒附快充充電器。跟s21比完全沒有想換的點。s22u拍攝高品質照片是把主鏡跟另一個鏡頭合成，還不錯，。而且是在背景運算，不影響其他事，不然手要是抖常常拍不。好哈哈。S22u下巴只比N20u窄0.1mm，看起來差不多@@N20U下巴2.53mm。，S22U是2.4~2.3之間。先觀望價格吧。45w在平板上可以不到一小時充飽10000多mAh的電量，結果在。手機比較保守，不過這次好像重新設計充電規則，起碼快充0。~50%會更快，但涓流可能更長XD還是中國廠比較激進暴力。對不起原po直接在你這裡回一堆QQ如果有需要你就刪掉我這。堆，沒關係XD。結果45W沒附自家快充充電頭呵呵。算了 只能希望S22跟+也有下放45W了。尤其是S22那""目前還不確定""的3700mAh。希望s22續航會比s10e好很多XD。難說喔 最大問題是那個8G1吧XD。調教不好3700mAh大概直接烙賽去了。也對，搞不好8G1比exynos 9820還耗電又熱@@。高通現在的問題就在新機續航不見得更好Orz。沒附充電器但漲價  結果星粉覺得三星很佛。反正現在市面上幾百塊就能買到65w充電器。比起充電 三星4nm包莖萬耗電問題應該比較大。N10+再戰兩年 也有45W。三星的快充真的落後他廠太多。從N7炸過後充電就這樣了吧。我倒是比較期待S22U最低階規格。到底是不是賣那些板上做夢文的價格。如果是的話那真的很棒…然後還只附一條線。好奇價格+1 QQ。所以算退步，退回來NOTE10+的45W快充。期待 綠色好美 希望台灣會上。沒有啊 之前S20系列也只有S20U有45W啊。怕買note10+的45w給s22u用，跑不到[email protected]@畢竟三星為了s22u。又重新設計新的45w。可三星不是 PPS充電，根據過往經驗 保守充電也快沒多。少（？。也對QQ三星都用PPS(可程式化電源技術)。坐等起火。過保就白屏。樓上還在白屏啊…你要不要先發個文。問問S21系列使用者有沒有這個問題。S20是有這個通病…21沒有的話。你算不算在誤導板友還是造謠呢?。隨便啦這麼7pupu怎行。S23會推Super Ultimate HDR Plus。amd盤後==。Logo改掉說是Sony我也信。沒sd卡免談。s10+想換一直換不掉。這跟我的note20u差在哪==？。差在記憶卡。s21第一批才剛過保，接下來會怎樣不好說，樓上是在崩潰。什麼？。n10+ 45w幾乎跟25w一樣快，只看數字意義有限。感覺note 10+可以再戰一年。牙膏擠成這樣又是爛SoC 安卓陣營到底在廢什麼。note10+想換換不掉...。小米12pro用8g1，4600電池都比11U用888，5000電池續航好。http//i.imgur.com/pYeSXhB.jpg。S21U，有超廣角微距還有強制用長焦的expertraw都比N20U強。很多了，續航也好不少。4600&5000拿來跟3700相比呢。嗯 真的很棒 反正3月發售。就知道三星的8G1在3700電池下的續航了。相機是一定要進步的啊…不然買旗艦幹嘛???。45W快充，Note 10+表示：。如果東西進步漲價合理 那以後常規旗艦都破4萬5萬好了 反。正很合理。s21第一批應該不少還沒過保吧 一堆延長保固的。沒充電器已經是各大廠的默契所以不評論，但那條線可以。再短一點沒關係，到底要充三小。感覺可以再等，NOTE10+再戰幾年再換。線不是都是1米嗎？。1.8米[email protected]@。小米不是都在研發200W快充。歐洲平板價格與規格：https//bit.ly/34sz7Q2。除了相機明顯進步，找不到Note10+頂規的升級誘因...。沒充電器沒耳機，真是感謝偉大的蘋果。奇怪 這又怪到蘋果頭上了。三星預購金可以換充電器，後續贈品應該也有附。https//i.imgur.com/N71n5tm.jpg。原來都是蘋果的錯。沒有瀏海 技術上贏過蘋果了 佩服。我not10+原廠充電器跟後來送的45w充電器用到現在還好好。的 一堆要充電頭的到底要幹嘛 是能吃嗎？。你有不代表第一次買三星的人會有啊。而且我付了三萬塊買手機沒付充電器。好啊 叫三星不要玩自家快充協議。改用QC&PD方案啊。三星喜歡自打臉啊。配件變少價格變高還有人護航，信仰真香。對上Note10+好像沒啥大更新。不然想要什麼大更新？變形或是投影螢幕嗎XD新的硬體就是。大更新呀。三星什麼自家協議，一堆頭都能用，最便宜的小米30W都能用。，剛開始預購配件金就能換充電頭了，後來買的三合一充電板。又有送一個，蘋果還沒得送。三星商城也常常給1000折價券。哭哭喔 之前都買Sony的我原廠QC3.0。插上S20只有一般充電,連閃電快充都沒有。這不是就代表沒支援QC嗎?。所以我就說了啊 你看看之前沒買三星的。買新機然後用他牌舊頭充電連閃電快充都沒有。不附個快充頭給消費者還有人要幫護。真的很棒 謝謝你喔。只要有一家他牌的可以有閃電快充就不叫做自家了吧XD。沒附就沒附，不要只會抓其他牌出來護，好嗎？蘋果沒附。三星也沒附啊。有購物金然後呢？。對啊 有購物金然後呢。三星不是本來就可以pd??我note10用台達跟ipad pro附的頭一。樣有快充啊。應該這麼說…我自己都是拿。以前Sony附的QC3.0充手機。沒用過三星的索粉如我。以為S20+應該會同時兼容QC功能。結果發現Sony原廠頭根本無法。提供三星手機快速充電的功能。最後只好買新的PD充電頭。或者用原廠附的充電頭。才能有閃電快充&超快速充電。所以…對於那種。還在用2018年以前老手機。想換S22系列的用戶來說。買了一隻手機卻發現自己的舊快充頭。並不支援三星手機快充。造成用戶後續還得自行購買。這不是花了旗艦機價格的客人。應該得到的待遇吧??。三星就吃到蘋果口水還賣的蘋果貴  真的也是變成信仰了。那應該是你的sony充電頭瓦數不夠高吧 = =。三星旗艦機非ultra最多快25w而已 閃電快充15以上就會顯示。耶。瓦數夠高就算不開啟閃電快充時間也差10%左右 我充電也不會。說拿家人三星以前的8、9代付的15w頭說充電很慢 更何況現在。都懶的用原廠25w充電頭 用pd頭也不是照樣超快速充電。隨便…反正我只是想說重點在於。不附快充頭就是消費者明明。花了旗艦機的價格購新機。卻還得浪費時間金錢再去。添購符合手機快充規格的頭罷了。或許還會有人跟我說。那原先有舊PD頭的不用買啊。……啊我就是想表達像我這種。三四年才換一次主力機的。身邊就沒幾顆這種PD頭啊。顏色好看，但鏡頭這麼多顆有夠醜",2022/02/02
[情報] S22 Ultra RAM偷降級 變成8G起跳,https://twitter.com/sondesix/status/1478178312186826754/推特上又有人發現S22 Ultra的跑分了https://i.imgur.com/hd9XjOn.pnghttps://i.imgur.com/8070at5.jpghttps://i.imgur.com/T5aaWSB.jpgS908是S22 Ultra的型號單看跑分依然是可悲的分數https://i.imgur.com/P6waAph.png都用包莖1 單核差不多 但多核硬是少了別人一大截調教保守到多核只贏A13一點點 單核輸很大真的是可憐那而從跑分資料可以看到7.05G的RAM 代表這代是8G 起跳https://i.imgur.com/dk4VYfC.png暴料大神i冰宇宙也在下方確定為8G/12G/16G三種版本這跟上一代S21 Ultra的12G/16G相比 無疑是降級雖然是依然有12G/16G可以選 但就擔心S22U 8G起步價直接跟S21U 12G差不多那就無疑是降級 講難聽就是偷料https://browser.geekbench.com/v5/cpu/11873292https://i.imgur.com/DgQXSwj.png之前E2200版也是8G起跳慘那,"可憐 學htc。也有可能是提供低價版本啊。12/16都在 是在降甚麼級。指出8/12才叫降級。8GB RAM版本可以賣便宜一些。坐等4G 23Ultra。然後S22 FE又可以再摳死當。每年都差不多 發表前這個板各種酸各種嫌。又不是不賣12G 16G= =哪叫降。降頻牙膏倒吸。沒差啦...信徒是只要看到是***大神的...一定是盤下去的。傷星韭店就是標準的閹割王不意外。沒事啦 反正跳水王 到時候再撿就好。真的 我都覺得三爽怎麼變成這樣。這次絕對不手癢。廢話==當然要同樣起售價格賣8g。只不過最近還在討論到底要不要進8g的。今年準備換iphone。頂規版五萬有找。在台灣沒什麼選擇的市場 傷星韭店隨便賣。說真的也只能吞吧。這樣只能索尼了嗎 或者上哀鳳 可是埃鳳能用GOOGLE DRIVE/。相簿以及好康的也沒了QQ。以前不錯的保固現在好像也風評不如以往。三星旗艦就是要發表半年後再入手。等一年後入手=停產惹嗎QQ。半年後再買啦 kc仔。我這次絕對不會再手癢。覺得等他跳水再來撿就好三爽不值得首發了。這樣還好吧 我比較擔心那顆cpu。五萬...s21u16/512才43900。不然怎叫8 Gen 1 ?  8G阿。之前無腦亂堆嘗到苦果了吧,成本太高不得不縮。如果首發價格跟S21U一樣 的確就是降級吧。不太可能偷料，對吧？畢竟有在製造lpddr。XZ仔我應該也會等吧 等個半年甚至更久 (不過可能直接下市。三小 三星現在連Ultra等級都要偷記憶體？。2022了還大開倒車 這到底什麼操作？。頂規機基本就要12/16/18這種8/12/16，好意思？。拿手機開win10 vm要變日常了嗎。三星又來了。現在是不是該撿便宜的S21U了。多核也太爛了吧。又偷降級 安卓之王呢 暸連喔。當初幹嘛S20要給到12G。當初N10+就有12G了吧??…樓上。......。看來S22FE可能從4GB起跳的那天已不遠矣。有人規定不能賣8G?。S20是全系列12G起，N10+有嗎?。不是說高規有12G低規8G，是全部都是12G耶。就是因為S20全系列12G，結果S21倒退回去大家才覺得搞啥XD。上面打太快，我是要打NOTE10系列。我就是要表達三星幹嘛要把S20全系列拉到12G大家以此為標準。記憶體是什麼昂貴的黑科技嗎 兩年前的S20就全系列12G了，。2022還在8G是怎樣？。代表三星調校有成吧～同樣事情只需要更少的記憶體。那以後旗艦機推4GB記憶體好了，畢竟記憶體管理變厲害了。美國Bestbuy有賣8GB版本的S21U。這分數 比起兩年多前的iPhone11系列還慘。RAM不行 處理器又弱 還好當初買S20 CP值真的高。如果有降價就沒啥好嫌的。價格出來再噴啦…但台灣三星都是超級同捆包一起賣…價格很難。確認。從輸一年變兩年...。原來我的note 9只有6GB 那我可以買8G的。可憐，連頂規也砍~自毀長城。安卓真得可憐 沒一家能戰了嗎。看來看去只剩Sony。目前在旗艦機上還沒偷料閹割硬體規格。但是就是軟體方面大大的輸其他品牌。Sony感覺就只差把拍照跟UI搞好。就沒什麼能說嘴的了。他又不會把拍照跟UI搞好，策略很明顯啊。UI能簡則簡把研發成本降到最低，拍照硬體我自己做。料堆好堆滿也好打廣告。ISP是什麼可以吃嗎?研發省起來。有筆嗎。不可以在3*板講壞話。「8G起跳」如果ultra也給8G才過份。不知道一些人在氣什麼。原文不是就說Ultra給8G起跳了= =。呵呵。入門價如果有便宜一點，是可以接受。效能耗電輸了記憶體沒差吧。8GB 起跳原本的容量版本還在，那就是新增低容量版本啊。降級什麼 = =。又…又閹…又閹規格。所以買低容量版本。我為什麼不買S22,S22+?。還是你只是要Ultra的相機。…其他規格被切都沒差??。這要看最終售價吧 8g版對得起售價就沒什麼問題。反正又不是沒有12g 16g版能買。雖然我也不懂RAM是有多貴 要摳成這樣。就算是為了相機有何不可？每個人的需求又不一樣。Ultra 還有更大的螢幕更大的電量還有 S Pen。更何況高容量版本又沒有被砍",2022/01/04
[新聞] 驍龍8機皇！三星Galaxy S22 Ultra展望：,1.原文連結：連結過長者請使用短網址。https://news.mydrivers.com/1/807/807031.htm2.原文標題：標題須完整寫出(否則依板規刪除並水桶)。驍龍8機皇！三星Galaxy S22 Ultra展望：有白色款 極具辨識度3.原文來源(媒體/作者)：例:蘋果日報/王大明(若無署名作者則不須)天極網 / 毛毛4.原文內容：請刊登完整全文(否則依板規刪除並水桶)。近日，荷蘭科技媒體LetsGoDigital曝光了來自於平面設計師Parvez Khan設計的三星Galaxy S22與Galaxy S22 Ultra最新渲染圖，除了經典的白色和黑色之外，還會推出綠色、紅色以及紫色三種顏色。另外，前幾天泄露了幾張真機圖片，三星Galaxy S22與Galaxy S22 Ultra依舊採用非常有特點的相機模組，有著比較高的辨識度。而曝光的保護膜則顯示，它們將會採用曲面螢幕設計，所以在整體設計上與前代產品並不會有明顯區別，更多的是硬體配置上的一些升級。作為“超大杯”的Galaxy S22 Ultra在畫風上與另外兩款有著非常大的差別，在整體的外觀設計上，滿滿的都是Note 20系列的影子。作為與三星S系列同行的旗艦，Note系列可謂是一代人的回憶，每代都有著其獨特的賣點，對於眾多老Note系列用戶來說，這將是一款極具吸引力的產品。關於配置方面，此前有爆料三星Galaxy S22系列將根據地區不同，分為Exynos 2200和驍龍8 Gen1版本。其中Exynos 2200將AMD的RDNA2 GPU IP集成到自家晶片上，填補三星在GPU上的不足。它們將擁有120Hz更新率的螢幕、108MP主鏡頭、立體聲喇叭、無線充電、防水等功能，配備一個5000mAh大容量電池，支持45W快速充電，預計三星將在2022年初推出Galaxy S22系列手機，發布時間可能在2月5.心得/評論：內容須超過繁體中文30字(不含標點符號)。https://i.imgur.com/JFx8RTO.pnghttps://i.imgur.com/PeBXz6r.jpeghttps://i.imgur.com/DsidovA.jpeg好看....白色讚 綠色特別 紅色還有兩款!喜翻暗紅 黑色也很有質感不知道A5系列會不會有機會承接類似的背面設計...,CPU 相機 AI 技術力呢...用顏色轉移技術焦點。用包莖就甭玩了。紫色 S22U ! 我準備好把 s21+ 換掉惹。Exynos 2200醜媳婦終於要見公婆了？。綠色滿好看的。希望16G/512G有白色，預購43900XD。看到note又復活真D感動。那鏡頭...真像天九牌。想看田雞9000、8g1、e2200大對決。https//i.imgur.com/xENSBnv.jpg。8機皇倒過來念是......。呵呵~~~。星星神教最新的護教神器了吧...要護的東西滿多的就是了.。誰用誰傻B垃圾處理器。畢竟現在除了產品問題外還要守護牠們的糞製程。到時候跳針應該是跳好跳滿那種了。很棒阿 走索尼那種單色質感路線 不搞什麼光碟色了  這設。計師也渲染的很有質感。45W快充不錯，發熱免擔心啦，三星都直接降頻的。我覺得S21那個色塊不錯看說，幹嘛拿掉...。第一張最左邊那台的顏色漂亮。希望黑色維持霧面設計。綠色很好看呢。獵戶座2200也好意思端上來。s21ultra很好用，三星旗艦真的不輸蘋果，samsung pay。好用到炸，非常期待新機。紫紅綠白黑，共5色。推 ！三星每年升級幅度都很大！每年換機都很有感。可惜沒金色。s20u升到s21u，大概等於ipx升級到ip13pm的感覺。外型不錯。有Xperia XZ系列的味道 且有筆感覺不錯耶。能用天機9000嗎？。我等天機。紅明顯 把記憶卡擴充還來…。還不錯看，白色的讓我想到velvet。8gen1 pass。21好看多了。索尼化？。鏡頭不忍直視。這次顏色還不錯看。鏡頭造型很俐落不錯，但是會不會容易刮痕。鏡頭設計密集恐懼症發作。鏡頭...。能不能有平面的旗艦機阿。有 Z Ultra 複刻機的感覺。猶豫到時改選白經典白或黑 真糾結…。記得三星都會搞顏色限定地區 等台灣上市再決定吧。我的S8可以退休了。還不錯但鏡頭敗筆。但這個是不是很sony。三星設計Sony化很久了吧？。紫色好美喲。我大sony走在前端。洞好多看起來好醜。鏡頭配置醜八怪。不喜歡這種Note設計。而且怎麼又退回這麼曲的螢幕了。包莖萬。背面密集恐懼症…。綠色不錯！！。比小米12那種很像模組機的好看多了。不錯看，但鏡頭那邊還是喜歡舊的那種補丁感。三星索尼化... 那以前罵Sony造型四四方方很醜的聲音哪去了?。能有筆，但就是不給耳機孔。三星外表Sony化 沒人酸了？ 給個耳機孔吧。到底是Note系列先四四方方 還是Xperia先的。沒SD卡槽跟3.5mm還敢叫機皇喔。再過幾年是不是整個背面都是鏡頭了。撇開麻將鏡頭 還蠻好看的。有點密集恐懼症發作。綠色還可以。綠色、紫色都好看。背面鏡頭設計真醜，是要逼死密集恐懼患者嗎？S21系列好。看太多了…,2022/01/03
[新聞] 三星新旗艦 Galaxy S22 Ultra 外型曝光！,"1.原文連結：連結過長者請使用短網址。https://3c.ltn.com.tw/news/472222.原文標題：標題須完整寫出(否則依板規刪除並水桶)。三星新旗艦 Galaxy S22 Ultra 外型曝光！幾乎是「Note 21 Ultra」改名重生3.原文來源(媒體/作者)：例:蘋果日報/王大明(若無署名作者則不須)自由 / 黃敬淳4.原文內容：請刊登完整全文(否則依板規刪除並水桶)。知名爆料人 Evan Blass（@evleaks ）稍早曝光了三星新一代旗艦機 Galaxy S22 Ultra的外觀。與先前傳出的消息一致，這款新機的外型與 Galaxy S21 系列有不小的差距，整體反而相當神似 Note 系列，除了造型更方正，也有卡槽來容納 S Pen 手寫筆，如果成真，幾乎可說是 Note 系列改用 Galaxy S 為名。但這也意味，未來用戶可能不會再見到新一代的 Galaxy Note 系列。該系列的主要特色，包括外型設計、大螢幕、S Pen 等，將融入既有的三星旗艦機，包括 Galaxy S 系列和 Galaxy Z Fold 系列摺疊機。至於規格上，Galaxy S22 Ultra 則預計會依地區不同，選搭自家 Exynos 2200 或是高通的 Snapdragon 8 Gen 1 處理器，並會有 120Hz 的自適應螢幕，搭配 1.08 億畫素主相機，立體聲喇叭，45W 快充，以及 5,000mAh 大電量。Galaxy S22 的系列上市時間，則預計會在 2022 年 2 月，屆時預估除了 S22 Ultra，還會平價一些的 Galaxy S22 及 S22+。此外，亦有消息稱三星可能在 2022 年 1 月的 CES 展上，公布新的平價高階機 Galaxy S21 FE。5.心得/評論：內容須超過繁體中文30字(不含標點符號)。S22還蠻好看的 個人覺得目前預計一月底發表應該還能吸引一堆前note用戶吧可是8gen1跟獵戶座到底要選哪個呢...還是台灣照樣不能選?",何時才會有天璣9k的手機～～～～。可以出S22e嗎 需要小支手機呀~~~。醜死了，五眼怪，還沒台階超容易壞。我覺得好看，乾淨俐落。有筆就買！。三星如果高階用天璣9k，你叫韓國人的面子往哪放？恥辱啊。！。先等聯發科站穩高階晶片市場再討論吧。不知道SD卡會不會加回來?。s20的快充還回來了 sd應該是有夢最美。我覺得SD不會再回來，要消費者買貴的。記憶卡閹割了吧 閹割王三爽。2萬元以上大家都買蘋果了。安卓實在沒什麼搞頭。只會買最小隻的旗艦。ㄣ 天璣9000再叫我。不要拖鞋大的手機就買。SD卡就別想了…S20系列已經。是硬體規格(撇開3.5耳機孔)給足的最後榮光了。S21FE連RAM都割到剩6GB了。來看看到時S22FE會不會剩下4GB。夜景模式細節有改進就考慮買一隻。希望發表後21系列還能再賣幾個月。n20u準備換了。這是幾筒？。快發。拍照還會lag嗎。高通這次行不行啊。背面都快變成少林方丈了。民主更新比共產慢的廠牌。是s22好看還是s22ultra好看？@@。N10+再戰五年。今天去換了S20+的電池，等安卓12更新再戰一年。看人家用13pro的續航，我已經快要忍不住了。還好瀏海跟沒指紋這些點還把我攔住沒跳去iOS。還有type C跟耳機孔跟屏下指紋，不然早跳13。沒天璣9000失敗。只要蘋果大爺肯type c我馬上轉。好了啦…就算蘋果全給了你也不會轉好嗎。最後你還要喊蘋果給android才肯轉。阿 我上一隻就6s 現在用note 10+為啥不會轉==？。還是比較喜歡這種方式外型。方正外型。有些人就覺得只能死忠一家，不知道別人可以跳來跳去的。做得好就用啊，對我來說現在就是高通搞砸了。不可能再出沒市場的超小手機，記憶卡槽應該也不可能還回。去，畢竟很多廠牌也都跟進蘋果砍光光了，充電頭應該也還。是不給。。為啥不能夠跳去iPhone， 開個Type C接孔我就跳了==。不用特別出S22e吧？S22不是傳出螢幕和電池都比S21還小嗎？。算有照顧到小手機族群吧！要的話就S22，再弄S22e會太多。。很像Sony XZ1。我從s5用到s10  拍照一路LAG  三星的軟體TEAM真的都廢物。一直按快門 整個UI反應速度被zf3屌打 更不用說pixel。每次更新我都要先看拍照 結果oneui 3那次整個爆掉。三星就是垃圾。頂規到底何時才要把曲面給取消。曲面有好處(螢幕機身占比) 不是每個人都贊成取消。先不管會不會影響使用 至少顏質就大大加分。反倒是SD插槽 支援並不會影響設計 取消根本是邪惡。3.5mm也是可不影響防水(參見SONY) 但還是抄蘋果 失敗。@netburst 你沒用過LG…LG更悲劇。若要提升一直按快門的速度 可考慮切成專業模式。其實拍照lag這件事情，應該s7事不會發生才對XD。s7是目前用過拍照神快的手機...(目前s10+。Lg g2後來有改善 g1則是很快 s7目前是最佳表現。但跟別人家比還是慢一大截 華為p20就很快 畫質也好。切專業模式一般人就不會考慮了 只會說安卓這麼慢喔 好爛,2021/12/31
Re: [情報] S22官圖曝光 古銅金於S22 Ultra回歸,https://twitter.com/letsgodigitalnl/status/1473578903331655681?s=21https://i.imgur.com/R8mYJaG.jpg結果LetsGoDigital居然先拿到了完整官圖了之前說S22 Ultra會改名S22 Note是錯的 確定是ultraSpen筆身為黑色 筆的頂部會因應機身顏色不同從整張圖來看確實顏色比較沒有古銅色的感覺了而是深紅色的感覺整張圖來看顏色看起來就有點普通了 不知道實體如何—https://i.imgur.com/lOvuyqI.jpg,你不是說要2022還有人信letsgodigital？。官圖？但是官網沒看到耶！。不是官方發表也叫官圖哈哈。繼續等S26。繼續等426。外型比預期好看。自己說該網站不能信，結果現在該網站說官圖就信了。看起來像 LG Velvet 借屍還魂。。是不是就等發表啊，反正你們互不相讓不如對賭一下。外型看起來漂亮，期待～。推推，沒關係啦，至少確定會出內建S Pen的s22 ultra，是。不是真的官圖不重要XD。我要看到血流成河。note QQ。不認為官方渲染圖會把logo倒著放。筆要放哪？。回R大 note5的時候有把logo倒著放過不過是正面就是。了 https//i.imgur.com/zoINdJJ.jpg。都已經要2022居然還有人會相信LetsGoDigital。找一堆人做假到不行的Concept。結果用包莖萬。http//i.imgur.com/3b7CQY9.jpg,2021/12/22
[情報] S22官圖曝光 古銅金於S22 Ultra回歸,https://twitter.com/BenGeskin/status/1473295510219988993相信大家對Note 20的古銅金不陌生https://i.imgur.com/zzNHSaG.png大家也應該都記得這顏色是SONY XPERIA Z3先推出的https://i.imgur.com/9TMfM76.png這顏色挺低調沉穩 真的挺好看的最新曝光的三星S22系列官圖中 發現了些端倪https://i.imgur.com/9PWlYdh.png可以看到S22 Ultra的顏色是近期爆料中從未預期到的古銅色不過跟以往的古銅色不太一樣 多了點玫瑰金的感覺有點像是沉穩板的玫瑰金好不好看見仁見智 我覺得還行 這顏色*更新https://i.imgur.com/nPk2Jw3.png爆料大神稱這顏色不是古銅色 而是深紅色雖然我看不出來另外https://i.imgur.com/9R8DhxW.png三星終於在S系列小支款偷掉的玻璃機身改回來了顯然地能讓之後的S22 FE跟S22相差更大眼光望向一樣塑膠機身的S21跟S21 FE:,"明年大家都要買發哥的中國機 三星準備要下去了。這個顏色好像讓沒設計過的鏡組變沒那麼難看了==。希望s22和s22+繼續維持背部那種不同材料的拼接設計，。整塊玻璃感覺有那麼點無聊。https//i.imgur.com/LBZJzlh.jpeg。有些地區可能有繽紛的顏色。。鏡頭那邊沒貼一塊在那邊好看多了。鏡頭像原本拼貼的話配色就困擾。該不會沒深紅跟深綠吧@@。所以S22要繼續閹割S20的12G記憶體喔...。怎麼還是8g...。那個紅色蠻好看的呢。10樓 還有SD卡槽啊。s22 u 背面鏡頭模組真的就長這樣嗎 有點醜。玻璃背蓋沒比較好，沾指紋，又很容易碎裂。拔掉鏡頭飾板也是不好看。快點發布吧 ！！好期待。發現各種行銷手法依然無法說服大眾塑膠沒有比較廉價，只。好痛改前非嗎？。s21螢幕夠小s22還更小，銷量更差了。這已經完全是Note的外觀了吧。我覺得那個顏色滿醜的。z3的黑 藍 好看。塑膠比較輕又耐摔，改塑膠不是偷 XD。玻璃做磨砂質感也不會沾指紋，然後耐摔這件事，通常都是。正面螢幕先摔爛。。我的S10+就已經8G了，現在還是8G到底是三小。S10e已經快要陣亡了，S22還不出。覺得手上S20+ 12G ram真佛。塑膠不廉價嗎。紅銅（？）單看背面還不錯，正面應該沒什麼大變動。可以不要再8g了嗎。好奇問，8G不夠用嗎。0mg wwww。中階有SD Card,高階砍掉是三小?。中階A53開始砍耳機孔了…。我看A54大概SD卡槽就會不見了。砍SD卡槽賣你貴一點的大容量ROM版本啊。比較喜歡N9霧金銅（又買了一支的我）。沒SD卡槽 直接跳過這代 Period.",2021/12/22
[情報] S22 Ultra現身GeekBench連韓版都用8Gen1?,GeekBench 4跟5上都有出現了三星新一代S22 Ultra的跑分了https://browser.geekbench.com/v4/cpu/16434250https://i.imgur.com/O3btR9o.pngGeekBench 4上的資料可以看出這隻手機型號為Samsung SM-S908NN結尾的型號通常是指韓版 看來連韓版自家都稱不下去改用高通惹記憶體部分是奇怪的10G 蠻特別的https://browser.geekbench.com/v5/cpu/11516053https://i.imgur.com/OKHmQg7.pngGeekBench 5上也有S22 Ultra的資料 不過型號是SM-S908U 也就是國際版的後綴在單核上獲得1219分 多核獲得3154分https://i.imgur.com/EKBTd2L.png根據極克灣的資料庫 S22 Ultra這分數單核有1%的優勢 但多核卻輸了15.6%左右不知道是不是因為仍然是工程機的關係 或是散熱沒做好差了15.6%是很大的差愈欸XD3154是連865都打不過的等級應該是因為工程機的關係啦還是是因為測試員單手測 (X,韓國人的旗艦機。沒有用兩隻手測試啦。冰宇宙：cpu被新架構拖累，gpu被8g1慘電。明年用包莖萬的都電子垃圾啊。感謝 冬天正好缺暖暖包。這跑分是花生什麼事，牙膏倒吸？。準備買新機了。S21用戶表示。有點慘。855續戰10年!!!。安卓繼續自爆。沒救了 又熱又耗電效能又差。比888還低。牙膏倒吸XD。南韓冬天很冷，建議用三星獵戶座。http//i.imgur.com/TiEGNad.jpg。笑能過剩，865戰到2030。865+再戰10年。沒救了。= =可惡 這樣不知道買哪支惹 20FE現在價格比較爛也不想賭。看來手上S20+準備戰到2024去了。... https//m.weibo.cn/detail/4713634951596294。你各位 還堅持安卓幹嘛 去蘋果囉。我還真的投奔A15惹。明年要是刀碩和日韓大廠不用D9000推出正旗艦/輕旗艦，。需要換機的人只能賭S20 FE人品跟跳槽iPhone了…。笑死865繼續戰三年。算惹真的壞了換A系列先擋著用(不想用中共機)。說好的AMD YES呢？。感覺很爛。A15現在真的是便宜又大碗。獵戶座現在被pixel拿去改裝用上了啦。極客灣有更新成績了 有小超過888一點點點。......難道真的要逼人回去用iphone嗎。失望 連三代挖孔螢幕...。又假新聞，是888好嗎～～。S20+螢幕請撐住 求求你了。865，870戰三年！,2021/12/12
[情報] Samsung S22 Ultra X Leitz 傳聞,來源：https://www.weibo.com/u/2424567755三星採用新製程生產0.48um的cmos傳感器。拜耳输出12Mp和16Mp的两个sensor。1/1.333寸 300Mp 1/1.156寸 400MpS22u X leitz200Mp+50Mp+50Mp，8K+4K/120p錄影，20EV動態範圍超越 VENICE 2的動態范圍，分辨率，色彩科學。心得：看來三星要開始認真奪回拍照錄影一哥的位置，現在就要擔心高通8gen1是否能夠在4k/120fps時壓住cpu溫度。不然再好的感光，一熱就中暑也沒用。,三星過往有相機跟鏡頭技術，被超車也說不過去。1英吋感光元件再來叫我。拍照一直都是一哥不是嗎，錄影沒贏而已。照相一哥快被vivo搶走了。華為以前也是蠻強的。拍照早就被華為超車了，Vivo也虎視眈眈。現在三星照相就是第一，要奪毛線。這只是八老師隨便毒奶的你們也當真.......？。咖哩派本身為了營銷拼命縮就是一把雙面刃，完全在。挑戰衍射物理學，他那樣做會導致光圈要越開越大去。避免衍射，然後景深跟著下去陪葬。功耗才是最大問題https//i.imgur.com/G8ndJcu.jpg。八老師東西真的要挑著看，M4被他奶死了但是ZZ9被奶。活了，那些文攪在一起如果不是看得懂的你會看的很。混亂。S21U的拍照不是從年初扛到都要年底了還是在一線嗎x。D。一線跟一哥 意思有差。20EV也太猛。蠻好奇一哥到底由誰評斷。DXO (X)。比較想知道可以插記憶卡嗎？。目前趨勢應該都取消外接Micro-SDXC（TF）記憶卡了！。這次傷星韭店給這個又要閹割什麼。怕阿。疊圖沒改善拍會動還不是繼續糊。n20u  拍小孩體驗很差。蛤？意思是S22 Ultra要上2億畫素？。三星又不會這麼激進@@。P&P盲測排名https//reurl.cc/RbmZzx。前五名排名分別是蘋果 索尼 LG 華碩 三星。dxo排名找不到s21u....喔，要按load more才有。三星過往有相機跟鏡頭技術？是那台nx1？。s21u的拍照真的是今年最穩。三星的相機一直都不錯，但比較希望再加強抓拍能力。s21u 拍照是穩，但只要不開省電冬天當暖暖包剛好。如果是DXO 那華為小米早就輪番當一哥好久了，連高。通的那台都可以比好幾台手機拍照好..。DxO還有人在看喔 XDDDD。dxo又沒說服力。真的，純粹好奇一哥誰說了算xD。當然還是別看比較好。dxo連蘋果都能輸小米了，還有參考價值嗎==。S21U拍照還不是一哥，快告訴我可以買哪一隻超越他。dxo XDDDD。S21U拍照一直都是一哥啊，只輸在攝影，攝影大概很難。有手機能超越iphone。但反過來說，iphone的拍照就不怎麼樣。還vivo勒....笑XDDDDDDDDDDDDDDDDDDDDD。每次三星文前幾樓都有人帶風向。我只關心電池電量,2021/11/16
[新聞] 三星S22 Ultra傳攜手Olympus 可能啟用兩,1.原文連結：https://www.sogi.com.tw/articles/samsung_galaxy_s22_ultra/62565422.原文標題：三星S22 Ultra傳攜手Olympus 可能啟用兩億畫素鏡頭3.原文來源(媒體/作者)：手機王/布小白4.原文內容：三星旗艦手機 SAMSUNG Galaxy S21 Ultra 擁有四鏡頭主相機，其中廣角鏡頭選擇 1.08 億畫素的 ISOCELL Bright HM3 感光元件；最新消息顯示，下一代 Galaxy S22（另傳為 Galaxy S30）系列將再升級相機體驗。韓國網站 Pulse News Korea 宣稱取得 SAMSUNG Galaxy S22 系列資訊，表示新機將於 2022 年 1 月推出，其中 Galaxy S22 Ultra 主相機將升級成五鏡頭配置。來源指出，SAMSUNG Galaxy S22 Ultra 主相機廣角鏡頭從前代的 1.08 億畫素，升級成 2 億畫素，且新機主相機模組將與日本相機大廠 Olympus 攜手合作；另外，Galaxy S22 Ultra 預期延續前代技術，支援 S Pen 手寫筆操作。但之前科技部落客 i 冰宇宙卻表示，SAMSUNG Galaxy S22 Ultra 不會啟用 2 億畫素鏡頭，而是將現有第三代 1.08 億畫素感光元件做升級。網路另流傳一張宣稱是 SAMSUNG Galaxy S30+ 與 Galaxy S30 Ultra 的保護殼模具，顯示正面設計延續前代，Galaxy S30+ 採用平面「挖孔」規格，Galaxy S30 Ultra 擁有雙曲面「挖孔」螢幕。5.心得/評論：華為+萊卡夏普+萊卡一加+哈蘇Nokia+蔡司Sony+Sony看起來相機/鏡頭廠跟手機廠合作越來越常見現在連老大哥Samsung也要跟olympus合作但合作後是否就真的有佳作....目前只知過去Nokia Lumia時期的相機成效確實不差，而先前華為評價也不錯。至於Canon跟Nikon，沒有手機廠考慮合作嗎？,"醜死。到底是誰拿手機，會一直去看背面啊？。那個背後鏡頭到底是怎樣- -。到底要挖孔到什麼時候啊。背面鏡頭怎麼了嗎 說一下現在哪支手機背面鏡頭能好。看的。這種特規鏡頭...會不會不好叫到料？。iphon 3眼怪：醜死/三星大眼怪：誰會一直看背面。Sony啊 其它的不說 背面和鏡頭說真的還蠻好看。還不錯看耶 會想買。不是，真的很醜欸。小米的超大突起都還比較好看。2030還沒到欸，又想改s30？。olympus不是被相機市場淘汰了？ 好歹找Nikon吧。比$21好看很多。21好看很多。先跟我說 NOTE系列明年會不會有好不Q)Q。不是說型號會跟西元年份嗎。阿蘋果都在淺望式鏡頭了 三爽還在追畫素。旗艦長焦蘋果輸三爽幾條街樓上知道??。還有人笑蘋果的鏡頭擺放嗎== 嗯？是星粉？ 好吧。三星的潛望不是已經做到兩次反射，蘋果的呢。三星手機設計感真的是0分。結果大家照相還是推蘋果的。手機畫素一直提高根本笑話，照樣被單眼打趴。手機背蓋有鏡頭蓋的時代要來臨？。樓上 你就千萬不要買手機 知道嗎  手機本來就不是要。用來取代單眼的。我是說 24樓。為什麼每年都有人把幻想文當真。好醜。講的好像手機真的長這樣。我只知道s21u手指好容易碰到鏡頭..。本來不能取代單眼沒錯阿，手機某狂粉就一直比我也。是笑笑的，差距那樣還是一直比，比的像高畫素就比。較強一樣。s21u推薦有鏡頭保護蓋的殼。某牌滿好用的 某皮上面有便宜的賣家。認同hakuoro，覺得O家有點停滯不前，目前都在吃老。本，跟三星合作的話可能會互砸招牌，不是很看好…。個人喜好好S21U的鏡頭外觀，這個22U的概念......。三爽合作過喔，看看信乃達現在還有沒有呼吸。好強，會不會上市兩個月就缺料。可以先換台積電晶片嗎。不要再拿畫素騙了 重點還不是感光元件換到什麼程度。畫素程式改一下要多少有多少。反正大部分人買手機就是買規格 數字大可以產生信仰。到底誰無聊會去看背面~。總覺得在走以前數位相機一昧追求高畫素的老路＝＝。可以賣更好的路管他老不老。Olympus不是快倒了？。她抓到浮木了。。http//i.imgur.com/LpVhiYZ.jpg。這個北美很帥欸。結果有做相機的那家最爛。olympus 消費市場這塊已經賣掉了,當然拿品牌掛名好。歹撈點,nikon,canon,還是有前三應該是還能撐,個人的。意見還算好看,今年包括  s21系列這種像外掛模組般的。鏡頭很有特色。你們可以把手機做好嗎？強調相機是不是有點奇怪？。說真的蘋果是設計還是最好看 那時候一直笑三眼怪。結果後來安卓廠推一些更醜的。我覺得VIVO那個還比較好看…蘋果的就是有設計美學。而已，耐看但也說不上好看。又是一大突破。先把把SD還我。三星可不可以再出一支s10e大小的旗艦機啊不要這麼大。又醜。不是很久以前都說三爽S7 S8是富士調的  幹嘛不找。富士。以外型來看索尼真的屌打其他家啦 但功能軟體性喔。唉。https//i.imgur.com/bzYEBY9.jpg。只要不是這樣都能接受。蠻多只看標題評論的人耶 就不是準確消息也能高潮。https//i.imgur.com/qjmyI55.jpg。https//i.imgur.com/ijGhqLp.jpg。https//i.imgur.com/5RC8nPv.jpg。https//i.imgur.com/Nc2Jucj.jpg。海軍藍、墨綠都好漂亮~。所以筆可以收在哪？？。三星從S10換人後美感就死去了。中國機給三星的壓力蠻大的,現在狂堆料。繼續用母湯的爛ISP就算找神仙來也沒救。手機相機吃掉的是隨身機市場...。NOTE手機的SPEN真的太細了! 平板那種粗筆桿手感更好。真心覺得不好看...。推文照片的背面好可怕。到底有多少人不知道 比起olympus這個市占第四 nikon。才是快要倒掉的市占第五名阿…火速下墜到日本廠都關。光了。前三名早就沒N家了",2021/07/17
