id,icon_id,brand_id,product_class_id,name,specification,create_date,modified_date
1,1,1,3,iPhone SE 3,../spec_data/apple/iPhone SE 3.csv,20220809,20220809
2,2,1,3,iPhone 13 mini,../spec_data/apple/iPhone 13 mini.csv,20220809,20220809
3,3,1,3,iPhone 13,../spec_data/apple/iPhone 13.csv,20220809,20220809
4,4,1,3,iPhone 13 Pro,../spec_data/apple/iPhone 13 Pro.csv,20220809,20220809
5,5,1,3,iPhone 13 Pro Max,../spec_data/apple/iPhone 13 Pro Max.csv,20220809,20220809
6,6,1,3,iPhone 12 mini,../spec_data/apple/iPhone 12 mini.csv,20220809,20220809
7,7,1,3,iPhone 12 Pro Max,../spec_data/apple/iPhone 12 Pro Max.csv,20220809,20220809
8,8,1,3,iPhone 12,../spec_data/apple/iPhone 12.csv,20220809,20220809
9,9,1,3,iPhone 12 Pro,../spec_data/apple/iPhone 12 Pro.csv,20220809,20220809
10,10,1,3,iPhone SE 2,../spec_data/apple/iPhone SE 2.csv,20220809,20220809
11,11,1,3,Apple iPhone 11,../spec_data/apple/Apple iPhone 11.csv,20220809,20220809
12,12,1,3,Apple iPhone 11 Pro,../spec_data/apple/Apple iPhone 11 Pro.csv,20220809,20220809
13,13,1,3,Apple iPhone 11 Pro Max,../spec_data/apple/Apple iPhone 11 Pro Max.csv,20220809,20220809
14,14,1,3,Apple iPhone XS,../spec_data/apple/Apple iPhone XS.csv,20220809,20220809
15,15,1,3,Apple iPhone XS Max,../spec_data/apple/Apple iPhone XS Max.csv,20220809,20220809
16,16,1,3,Apple iPhone XR,../spec_data/apple/Apple iPhone XR.csv,20220809,20220809
17,17,1,3,Apple iPhone X,../spec_data/apple/Apple iPhone X.csv,20220809,20220809
18,18,1,3,Apple iPhone 8,../spec_data/apple/Apple iPhone 8.csv,20220809,20220809
19,19,1,3,Apple iPhone 8 Plus,../spec_data/apple/Apple iPhone 8 Plus.csv,20220809,20220809
20,20,1,3,Apple iPhone 7,../spec_data/apple/Apple iPhone 7.csv,20220809,20220809
21,21,1,3,Apple iPhone 7 Plus,../spec_data/apple/Apple iPhone 7 Plus.csv,20220809,20220809
22,22,1,3,Apple iPhone SE,../spec_data/apple/Apple iPhone SE.csv,20220809,20220809
23,23,1,3,iPhone 6S,../spec_data/apple/iPhone 6S.csv,20220809,20220809
24,24,1,3,Apple iPhone 6S Plus,../spec_data/apple/Apple iPhone 6S Plus.csv,20220809,20220809
25,25,1,3,Apple iPhone 6,../spec_data/apple/Apple iPhone 6.csv,20220809,20220809
26,26,1,3,Apple iPhone 6 Plus,../spec_data/apple/Apple iPhone 6 Plus.csv,20220809,20220809
27,27,1,3,Apple iPhone 5S,../spec_data/apple/Apple iPhone 5S.csv,20220809,20220809
28,28,1,3,Apple iPhone 5C,../spec_data/apple/Apple iPhone 5C.csv,20220809,20220809
29,29,1,3,Apple iPhone 5,../spec_data/apple/Apple iPhone 5.csv,20220809,20220809
30,30,1,3,Apple iPhone 4S,../spec_data/apple/Apple iPhone 4S.csv,20220809,20220809
31,31,1,3,Apple iPhone 4,../spec_data/apple/Apple iPhone 4.csv,20220809,20220809
32,32,1,3,Apple iPhone 3GS,../spec_data/apple/Apple iPhone 3GS.csv,20220809,20220809
33,33,1,3,Apple iPhone 3G,../spec_data/apple/Apple iPhone 3G.csv,20220809,20220809
34,34,1,3,Apple iPhone 2G,../spec_data/apple/Apple iPhone 2G.csv,20220809,20220809
35,35,2,3,Asus ROG Phone 6 Pro,../spec_data/asus/Asus ROG Phone 6 Pro.csv,20220809,20220809
36,36,2,3,Asus ROG Phone 6,../spec_data/asus/Asus ROG Phone 6.csv,20220809,20220809
37,37,2,3,Asus ROG Phone 5S,../spec_data/asus/Asus ROG Phone 5S.csv,20220809,20220809
38,38,2,3,Asus ROG Phone 5S Pro,../spec_data/asus/Asus ROG Phone 5S Pro.csv,20220809,20220809
39,39,2,3,Asus ZenFone 8 Flip,../spec_data/asus/Asus ZenFone 8 Flip.csv,20220809,20220809
40,40,2,3,Asus ZenFone 8,../spec_data/asus/Asus ZenFone 8.csv,20220809,20220809
41,41,2,3,Asus ROG Phone 5,../spec_data/asus/Asus ROG Phone 5.csv,20220809,20220809
42,42,2,3,Asus ZenFone 7,../spec_data/asus/Asus ZenFone 7.csv,20220809,20220809
43,43,2,3,Asus ZenFone 7 Pro,../spec_data/asus/Asus ZenFone 7 Pro.csv,20220809,20220809
44,44,2,3,Asus ROG Phone 3,../spec_data/asus/Asus ROG Phone 3.csv,20220809,20220809
45,45,2,3,Asus ROG Phone II,../spec_data/asus/Asus ROG Phone II.csv,20220809,20220809
46,46,2,3,Asus ZenFone 6,../spec_data/asus/Asus ZenFone 6.csv,20220809,20220809
47,47,2,3,Asus ZenFone Max Pro M2,../spec_data/asus/Asus ZenFone Max Pro M2.csv,20220809,20220809
48,48,2,3,Asus ZenFone 5Z,../spec_data/asus/Asus ZenFone 5Z.csv,20220809,20220809
49,49,2,3,Asus ROG Phone,../spec_data/asus/Asus ROG Phone.csv,20220809,20220809
50,50,2,3,Asus ZenFone 5 Lite,../spec_data/asus/Asus ZenFone 5 Lite.csv,20220809,20220809
51,51,2,3,Asus ZenFone 5 (2018),../spec_data/asus/Asus ZenFone 5 (2018).csv,20220809,20220809
52,52,2,3,Asus ZenFone Max Plus,../spec_data/asus/Asus ZenFone Max Plus.csv,20220809,20220809
53,53,2,3,Asus ZenFone 4 Selfie Pro,../spec_data/asus/Asus ZenFone 4 Selfie Pro.csv,20220809,20220809
54,54,2,3,Asus ZenFone 4 Selfie,../spec_data/asus/Asus ZenFone 4 Selfie.csv,20220809,20220809
55,55,2,3,Asus ZenFone 4,../spec_data/asus/Asus ZenFone 4.csv,20220809,20220809
56,56,2,3,Asus ZenFone 4 Max Pro,../spec_data/asus/Asus ZenFone 4 Max Pro.csv,20220809,20220809
57,57,2,3,Asus ZenFone 4 Pro,../spec_data/asus/Asus ZenFone 4 Pro.csv,20220809,20220809
58,58,2,3,Asus Zenfone 4 Max,../spec_data/asus/Asus Zenfone 4 Max.csv,20220809,20220809
59,59,2,3,Asus ZenFone AR,../spec_data/asus/Asus ZenFone AR.csv,20220809,20220809
60,60,2,3,Asus ZenFone Live,../spec_data/asus/Asus ZenFone Live.csv,20220809,20220809
61,61,2,3,Asus ZenFone 3 Zoom,../spec_data/asus/Asus ZenFone 3 Zoom.csv,20220809,20220809
62,62,2,3,Asus ZenFone 3 Max 5.5,../spec_data/asus/Asus ZenFone 3 Max 5.5.csv,20220809,20220809
63,63,2,3,Asus ZenFone 3 Max 5.2,../spec_data/asus/Asus ZenFone 3 Max 5.2.csv,20220809,20220809
64,64,2,3,Asus ZenFone 3 Deluxe,../spec_data/asus/Asus ZenFone 3 Deluxe.csv,20220809,20220809
65,65,2,3,Asus ZenFone 3,../spec_data/asus/Asus ZenFone 3.csv,20220809,20220809
66,66,2,3,Asus ZenFone 3 Ultra,../spec_data/asus/Asus ZenFone 3 Ultra.csv,20220809,20220809
67,67,2,3,Asus Zenfone Max,../spec_data/asus/Asus Zenfone Max.csv,20220809,20220809
68,68,2,3,Asus Zenfone Go (ZB551KL)‏,../spec_data/asus/Asus Zenfone Go (ZB551KL)‏.csv,20220809,20220809
69,69,2,3,Asus Zenfone Max 高配版,../spec_data/asus/Asus Zenfone Max 高配版.csv,20220809,20220809
70,70,2,3,Asus Zenfone Zoom,../spec_data/asus/Asus Zenfone Zoom.csv,20220809,20220809
71,71,2,3,Asus Zenfone 2,../spec_data/asus/Asus Zenfone 2.csv,20220809,20220809
72,72,2,3,Asus Zenfone Selfie,../spec_data/asus/Asus Zenfone Selfie.csv,20220809,20220809
73,73,2,3,Asus Zenfone 2 Laser ZE500KL,../spec_data/asus/Asus Zenfone 2 Laser ZE500KL.csv,20220809,20220809
74,74,2,3,Asus Zenfone 2 Laser ZE550KL,../spec_data/asus/Asus Zenfone 2 Laser ZE550KL.csv,20220809,20220809
75,75,2,3,Asus Zenfone 2 Deluxe,../spec_data/asus/Asus Zenfone 2 Deluxe.csv,20220809,20220809
76,76,2,3,Asus Zenfone 2  ZE550ML,../spec_data/asus/Asus Zenfone 2  ZE550ML.csv,20220809,20220809
77,77,2,3,Asus Zenfone 5 LTE,../spec_data/asus/Asus Zenfone 5 LTE.csv,20220809,20220809
78,78,2,3,Asus Padfone S,../spec_data/asus/Asus Padfone S.csv,20220809,20220809
79,79,2,3,Asus Zenfone 5 升級版,../spec_data/asus/Asus Zenfone 5 升級版.csv,20220809,20220809
80,80,2,3,Asus Zenfone 6 (2014),../spec_data/asus/Asus Zenfone 6 (2014).csv,20220809,20220809
81,81,2,3,Asus Zenfone 5 (2014),../spec_data/asus/Asus Zenfone 5 (2014).csv,20220809,20220809
82,82,2,3,Asus Padfone mini,../spec_data/asus/Asus Padfone mini.csv,20220809,20220809
83,83,2,3,Asus Fonepad Note 6,../spec_data/asus/Asus Fonepad Note 6.csv,20220809,20220809
84,84,2,3,Asus The New Padfone Infinity,../spec_data/asus/Asus The New Padfone Infinity.csv,20220809,20220809
85,85,2,3,Asus Padfone infinity,../spec_data/asus/Asus Padfone infinity.csv,20220809,20220809
86,86,2,3,Asus Transformer Pad TF300TG,../spec_data/asus/Asus Transformer Pad TF300TG.csv,20220809,20220809
87,87,2,3,Asus Padfone 2,../spec_data/asus/Asus Padfone 2.csv,20220809,20220809
88,88,2,3,ASUS A50,../spec_data/asus/ASUS A50.csv,20220809,20220809
89,89,2,3,ASUS Garmin M10,../spec_data/asus/ASUS Garmin M10.csv,20220809,20220809
90,90,2,3,ASUS Garmin M20,../spec_data/asus/ASUS Garmin M20.csv,20220809,20220809
91,91,2,3,ASUS P552w,../spec_data/asus/ASUS P552w.csv,20220809,20220809
92,92,2,3,ASUS P320,../spec_data/asus/ASUS P320.csv,20220809,20220809
93,93,2,3,ASUS P550,../spec_data/asus/ASUS P550.csv,20220809,20220809
94,94,2,3,ASUS P750,../spec_data/asus/ASUS P750.csv,20220809,20220809
95,95,2,3,ASUS P527,../spec_data/asus/ASUS P527.csv,20220809,20220809
96,96,2,3,ASUS M530w,../spec_data/asus/ASUS M530w.csv,20220809,20220809
97,97,2,3,ASUS P526,../spec_data/asus/ASUS P526.csv,20220809,20220809
98,98,2,3,ASUS P535,../spec_data/asus/ASUS P535.csv,20220809,20220809
99,99,2,3,ASUS P525,../spec_data/asus/ASUS P525.csv,20220809,20220809
100,100,2,3,ASUS P835,../spec_data/asus/ASUS P835.csv,20220809,20220809
101,101,2,3,ASUS J206,../spec_data/asus/ASUS J206.csv,20220809,20220809
102,102,2,3,ASUS Garmin G60,../spec_data/asus/ASUS Garmin G60.csv,20220809,20220809
103,103,2,3,ASUS V75,../spec_data/asus/ASUS V75.csv,20220809,20220809
104,104,2,3,ASUS E600,../spec_data/asus/ASUS E600.csv,20220809,20220809
105,105,2,3,ASUS V80,../spec_data/asus/ASUS V80.csv,20220809,20220809
106,106,2,3,ASUS J210,../spec_data/asus/ASUS J210.csv,20220809,20220809
107,107,2,3,ASUS M930,../spec_data/asus/ASUS M930.csv,20220809,20220809
108,108,2,3,ASUS Padfone,../spec_data/asus/ASUS Padfone.csv,20220809,20220809
109,109,2,3,ASUS P565,../spec_data/asus/ASUS P565.csv,20220809,20220809
110,110,2,3,ASUS A10,../spec_data/asus/ASUS A10.csv,20220809,20220809
111,111,2,3,ASUS P735,../spec_data/asus/ASUS P735.csv,20220809,20220809
112,112,2,3,ASUS M307,../spec_data/asus/ASUS M307.csv,20220809,20220809
113,113,3,3,Google Pixel 6 Pro,../spec_data/google/Google Pixel 6 Pro.csv,20220809,20220809
114,114,3,3,Google Pixel 6,../spec_data/google/Google Pixel 6.csv,20220809,20220809
115,115,3,3,Google Pixel 4a 5G,../spec_data/google/Google Pixel 4a 5G.csv,20220809,20220809
116,116,3,3,Google Pixel 5,../spec_data/google/Google Pixel 5.csv,20220809,20220809
117,117,3,3,Google Pixel 4a,../spec_data/google/Google Pixel 4a.csv,20220809,20220809
118,118,3,3,Google Pixel 4,../spec_data/google/Google Pixel 4.csv,20220809,20220809
119,119,3,3,Google Pixel 4 XL,../spec_data/google/Google Pixel 4 XL.csv,20220809,20220809
120,120,3,3,Google Pixel 3,../spec_data/google/Google Pixel 3.csv,20220809,20220809
121,121,3,3,Google Pixel 3 XL,../spec_data/google/Google Pixel 3 XL.csv,20220809,20220809
122,122,3,3,Google Pixel 3a,../spec_data/google/Google Pixel 3a.csv,20220809,20220809
123,123,3,3,Google Pixel 2,../spec_data/google/Google Pixel 2.csv,20220809,20220809
124,124,3,3,Google Pixel 2 XL,../spec_data/google/Google Pixel 2 XL.csv,20220809,20220809
125,125,3,3,Google Pixel,../spec_data/google/Google Pixel.csv,20220809,20220809
126,126,3,3,Google Pixel XL,../spec_data/google/Google Pixel XL.csv,20220809,20220809
127,127,4,3,Honor X8,../spec_data/honor/Honor X8.csv,20220809,20220809
128,128,4,3,Honor X7,../spec_data/honor/Honor X7.csv,20220809,20220809
129,129,4,3,Honor 50 Lite,../spec_data/honor/Honor 50 Lite.csv,20220809,20220809
130,130,4,3,Honor 8s,../spec_data/honor/Honor 8s.csv,20220809,20220809
131,131,4,3,Honor View 20,../spec_data/honor/Honor View 20.csv,20220809,20220809
132,132,4,3,Honor 10,../spec_data/honor/Honor 10.csv,20220809,20220809
133,133,5,3,HTC U20 5G,../spec_data/htc/HTC U20 5G.csv,20220809,20220809
134,134,5,3,HTC Desire 20 Pro,../spec_data/htc/HTC Desire 20 Pro.csv,20220809,20220809
135,135,5,3,HTC U19e,../spec_data/htc/HTC U19e.csv,20220809,20220809
136,136,5,3,HTC U12 life,../spec_data/htc/HTC U12 life.csv,20220809,20220809
137,137,5,3,HTC U12+,../spec_data/htc/HTC U12+.csv,20220809,20220809
138,138,5,3,HTC EXODUS 1,../spec_data/htc/HTC EXODUS 1.csv,20220809,20220809
139,139,5,3,HTC U11 Eyes,../spec_data/htc/HTC U11 Eyes.csv,20220809,20220809
140,140,5,3,HTC U11+,../spec_data/htc/HTC U11+.csv,20220809,20220809
141,141,5,3,HTC U11,../spec_data/htc/HTC U11.csv,20220809,20220809
142,142,5,3,HTC U Ultra,../spec_data/htc/HTC U Ultra.csv,20220809,20220809
143,143,5,3,HTC U Play,../spec_data/htc/HTC U Play.csv,20220809,20220809
144,144,5,3,HTC Desire 10 Pro,../spec_data/htc/HTC Desire 10 Pro.csv,20220809,20220809
145,145,5,3,HTC Desire 10 Style,../spec_data/htc/HTC Desire 10 Style.csv,20220809,20220809
146,146,5,3,HTC One A9S,../spec_data/htc/HTC One A9S.csv,20220809,20220809
147,147,5,3,HTC Desire 630,../spec_data/htc/HTC Desire 630.csv,20220809,20220809
148,148,5,3,HTC Desire 825,../spec_data/htc/HTC Desire 825.csv,20220809,20220809
149,149,5,3,HTC 10,../spec_data/htc/HTC 10.csv,20220809,20220809
150,150,5,3,HTC Desire 530,../spec_data/htc/HTC Desire 530.csv,20220809,20220809
151,151,5,3,HTC One X9,../spec_data/htc/HTC One X9.csv,20220809,20220809
152,152,5,3,HTC Desire 728 Dual SIM,../spec_data/htc/HTC Desire 728 Dual SIM.csv,20220809,20220809
153,153,5,3,HTC One A9,../spec_data/htc/HTC One A9.csv,20220809,20220809
154,154,5,3,HTC One M9+ (相機升級版),../spec_data/htc/HTC One M9+ (相機升級版).csv,20220809,20220809
155,155,5,3,HTC One E9,../spec_data/htc/HTC One E9.csv,20220809,20220809
156,156,5,3,HTC One M9s,../spec_data/htc/HTC One M9s.csv,20220809,20220809
157,157,5,3,HTC One ME Dual SIM,../spec_data/htc/HTC One ME Dual SIM.csv,20220809,20220809
158,158,5,3,HTC One M9+,../spec_data/htc/HTC One M9+.csv,20220809,20220809
159,159,5,3,HTC One M9,../spec_data/htc/HTC One M9.csv,20220809,20220809
160,160,5,3,HTC One E9+,../spec_data/htc/HTC One E9+.csv,20220809,20220809
161,161,5,3,HTC Desire 626,../spec_data/htc/HTC Desire 626.csv,20220809,20220809
162,162,5,3,HTC Desire 820s Dual SIM,../spec_data/htc/HTC Desire 820s Dual SIM.csv,20220809,20220809
163,163,5,3,HTC Desire 620 Dual Sim,../spec_data/htc/HTC Desire 620 Dual Sim.csv,20220809,20220809
164,164,5,3,HTC Desire 816G,../spec_data/htc/HTC Desire 816G.csv,20220809,20220809
165,165,5,3,HTC Desire 820 Dual SIM,../spec_data/htc/HTC Desire 820 Dual SIM.csv,20220809,20220809
166,166,5,3,HTC Desire Eye,../spec_data/htc/HTC Desire Eye.csv,20220809,20220809
167,167,5,3,HTC Desire 826 Dual SIM,../spec_data/htc/HTC Desire 826 Dual SIM.csv,20220809,20220809
168,168,5,3,HTC One E8,../spec_data/htc/HTC One E8.csv,20220809,20220809
169,169,5,3,HTC Desire 510,../spec_data/htc/HTC Desire 510.csv,20220809,20220809
170,170,5,3,HTC J Butterfly HTL23,../spec_data/htc/HTC J Butterfly HTL23.csv,20220809,20220809
171,171,5,3,HTC Desire 616,../spec_data/htc/HTC Desire 616.csv,20220809,20220809
172,172,5,3,HTC Desire 816 4G,../spec_data/htc/HTC Desire 816 4G.csv,20220809,20220809
173,173,5,3,HTC Desire 816 dual SIM,../spec_data/htc/HTC Desire 816 dual SIM.csv,20220809,20220809
174,174,5,3,HTC One M8,../spec_data/htc/HTC One M8.csv,20220809,20220809
175,175,5,3,HTC Desire 610,../spec_data/htc/HTC Desire 610.csv,20220809,20220809
176,176,5,3,HTC Desire 310,../spec_data/htc/HTC Desire 310.csv,20220809,20220809
177,177,5,3,HTC One Max,../spec_data/htc/HTC One Max.csv,20220809,20220809
178,178,5,3,HTC Butterfly s,../spec_data/htc/HTC Butterfly s.csv,20220809,20220809
179,179,5,3,HTC One mini,../spec_data/htc/HTC One mini.csv,20220809,20220809
180,180,5,3,HTC Desire 200,../spec_data/htc/HTC Desire 200.csv,20220809,20220809
181,181,5,3,HTC Desire 600 dual Sim,../spec_data/htc/HTC Desire 600 dual Sim.csv,20220809,20220809
182,182,5,3,HTC Desire 500,../spec_data/htc/HTC Desire 500.csv,20220809,20220809
183,183,5,3,HTC Desire 700 Dual Sim,../spec_data/htc/HTC Desire 700 Dual Sim.csv,20220809,20220809
184,184,5,3,HTC Desire L,../spec_data/htc/HTC Desire L.csv,20220809,20220809
185,185,5,3,HTC Desire Q,../spec_data/htc/HTC Desire Q.csv,20220809,20220809
186,186,5,3,HTC First,../spec_data/htc/HTC First.csv,20220809,20220809
187,187,5,3,HTC One,../spec_data/htc/HTC One.csv,20220809,20220809
188,188,5,3,HTC One SV,../spec_data/htc/HTC One SV.csv,20220809,20220809
189,189,5,3,HTC Butterfly,../spec_data/htc/HTC Butterfly.csv,20220809,20220809
190,190,5,3,HTC Desire X,../spec_data/htc/HTC Desire X.csv,20220809,20220809
191,191,5,3,HTC One X+,../spec_data/htc/HTC One X+.csv,20220809,20220809
192,192,5,3,HTC One XL+,../spec_data/htc/HTC One XL+.csv,20220809,20220809
193,193,5,3,HTC 8X,../spec_data/htc/HTC 8X.csv,20220809,20220809
194,194,5,3,HTC Windows Phone 8S,../spec_data/htc/HTC Windows Phone 8S.csv,20220809,20220809
195,195,5,3,HTC J,../spec_data/htc/HTC J.csv,20220809,20220809
196,196,5,3,HTC Desire V,../spec_data/htc/HTC Desire V.csv,20220809,20220809
197,197,5,3,HTC Desire C,../spec_data/htc/HTC Desire C.csv,20220809,20220809
198,198,5,3,HTC One X,../spec_data/htc/HTC One X.csv,20220809,20220809
199,199,5,3,HTC One V,../spec_data/htc/HTC One V.csv,20220809,20220809
200,200,5,3,HTC One S,../spec_data/htc/HTC One S.csv,20220809,20220809
201,201,5,3,HTC One XL,../spec_data/htc/HTC One XL.csv,20220809,20220809
202,202,5,3,HTC Velocity 4G,../spec_data/htc/HTC Velocity 4G.csv,20220809,20220809
203,203,5,3,HTC Titan II,../spec_data/htc/HTC Titan II.csv,20220809,20220809
204,204,5,3,HTC Titan,../spec_data/htc/HTC Titan.csv,20220809,20220809
205,205,5,3,HTC Explorer,../spec_data/htc/HTC Explorer.csv,20220809,20220809
206,206,5,3,HTC Sensation XL,../spec_data/htc/HTC Sensation XL.csv,20220809,20220809
207,207,5,3,HTC Rhyme,../spec_data/htc/HTC Rhyme.csv,20220809,20220809
208,208,5,3,HTC ChaCha,../spec_data/htc/HTC ChaCha.csv,20220809,20220809
209,209,5,3,HTC EVO 3D,../spec_data/htc/HTC EVO 3D.csv,20220809,20220809
210,210,5,3,HTC Salsa,../spec_data/htc/HTC Salsa.csv,20220809,20220809
211,211,5,3,HTC Sensation,../spec_data/htc/HTC Sensation.csv,20220809,20220809
212,212,5,3,HTC Wildfire S,../spec_data/htc/HTC Wildfire S.csv,20220809,20220809
213,213,5,3,HTC Desire S,../spec_data/htc/HTC Desire S.csv,20220809,20220809
214,214,5,3,HTC Incredible S,../spec_data/htc/HTC Incredible S.csv,20220809,20220809
215,215,5,3,HTC Desire HD,../spec_data/htc/HTC Desire HD.csv,20220809,20220809
216,216,5,3,HTC Desire Z,../spec_data/htc/HTC Desire Z.csv,20220809,20220809
217,217,5,3,HTC HD7,../spec_data/htc/HTC HD7.csv,20220809,20220809
218,218,5,3,HTC 7 Mozart,../spec_data/htc/HTC 7 Mozart.csv,20220809,20220809
219,219,5,3,HTC Aria,../spec_data/htc/HTC Aria.csv,20220809,20220809
220,220,5,3,HTC Wildfire,../spec_data/htc/HTC Wildfire.csv,20220809,20220809
221,221,5,3,HTC Desire,../spec_data/htc/HTC Desire.csv,20220809,20220809
222,222,5,3,HTC Smart,../spec_data/htc/HTC Smart.csv,20220809,20220809
223,223,5,3,HTC Legend,../spec_data/htc/HTC Legend.csv,20220809,20220809
224,224,5,3,HTC HD mini,../spec_data/htc/HTC HD mini.csv,20220809,20220809
225,225,5,3,HTC Google Nexus One,../spec_data/htc/HTC Google Nexus One.csv,20220809,20220809
226,226,5,3,HTC HD2,../spec_data/htc/HTC HD2.csv,20220809,20220809
227,227,5,3,HTC Tattoo,../spec_data/htc/HTC Tattoo.csv,20220809,20220809
228,228,5,3,HTC Touch2,../spec_data/htc/HTC Touch2.csv,20220809,20220809
229,229,5,3,HTC Hero,../spec_data/htc/HTC Hero.csv,20220809,20220809
230,230,5,3,HTC Touch Pro2,../spec_data/htc/HTC Touch Pro2.csv,20220809,20220809
231,231,5,3,HTC Magic,../spec_data/htc/HTC Magic.csv,20220809,20220809
232,232,5,3,HTC Touch Cruise 09,../spec_data/htc/HTC Touch Cruise 09.csv,20220809,20220809
233,233,5,3,HTC Touch 3G,../spec_data/htc/HTC Touch 3G.csv,20220809,20220809
234,234,5,3,HTC Touch HD,../spec_data/htc/HTC Touch HD.csv,20220809,20220809
235,235,5,3,HTC Touch Viva,../spec_data/htc/HTC Touch Viva.csv,20220809,20220809
236,236,5,3,HTC Touch Pro,../spec_data/htc/HTC Touch Pro.csv,20220809,20220809
237,237,5,3,HTC Touch Diamond,../spec_data/htc/HTC Touch Diamond.csv,20220809,20220809
238,238,5,3,HTC P3470,../spec_data/htc/HTC P3470.csv,20220809,20220809
239,239,5,3,HTC Shift,../spec_data/htc/HTC Shift.csv,20220809,20220809
240,240,5,3,HTC S730,../spec_data/htc/HTC S730.csv,20220809,20220809
241,241,5,3,HTC Touch Cruise,../spec_data/htc/HTC Touch Cruise.csv,20220809,20220809
242,242,5,3,HTC TyTN II,../spec_data/htc/HTC TyTN II.csv,20220809,20220809
243,243,5,3,HTC Touch Dual,../spec_data/htc/HTC Touch Dual.csv,20220809,20220809
244,244,5,3,HTC Snap,../spec_data/htc/HTC Snap.csv,20220809,20220809
245,245,5,3,HTC 7 Pro,../spec_data/htc/HTC 7 Pro.csv,20220809,20220809
246,246,5,3,HTC Trophy,../spec_data/htc/HTC Trophy.csv,20220809,20220809
247,247,5,3,HTC 7 Surround,../spec_data/htc/HTC 7 Surround.csv,20220809,20220809
248,248,5,3,HTC Gratia,../spec_data/htc/HTC Gratia.csv,20220809,20220809
249,249,5,3,HTC Inspire 4G,../spec_data/htc/HTC Inspire 4G.csv,20220809,20220809
250,250,5,3,HTC Freestyle,../spec_data/htc/HTC Freestyle.csv,20220809,20220809
251,251,5,3,HTC U1000,../spec_data/htc/HTC U1000.csv,20220809,20220809
252,252,5,3,HTC S740,../spec_data/htc/HTC S740.csv,20220809,20220809
253,253,5,3,HTC Dream G1,../spec_data/htc/HTC Dream G1.csv,20220809,20220809
254,254,5,3,HTC Radar,../spec_data/htc/HTC Radar.csv,20220809,20220809
255,255,5,3,HTC Sensation XE with Beats Audio,../spec_data/htc/HTC Sensation XE with Beats Audio.csv,20220809,20220809
256,256,5,3,HTC One mini 2,../spec_data/htc/HTC One mini 2.csv,20220809,20220809
257,257,5,3,HTC Touch,../spec_data/htc/HTC Touch.csv,20220809,20220809
258,258,5,3,HTC MAX 4G,../spec_data/htc/HTC MAX 4G.csv,20220809,20220809
259,259,5,3,HTC Rezound,../spec_data/htc/HTC Rezound.csv,20220809,20220809
260,260,5,3,HTC Butterfly 2,../spec_data/htc/HTC Butterfly 2.csv,20220809,20220809
261,261,5,3,HTC P3600i,../spec_data/htc/HTC P3600i.csv,20220809,20220809
262,262,5,3,HTC Touch Diamond2,../spec_data/htc/HTC Touch Diamond2.csv,20220809,20220809
263,263,6,3,Huawei nova 9 SE,../spec_data/huawei/Huawei nova 9 SE.csv,20220809,20220809
264,264,6,3,Huawei P50 Pro,../spec_data/huawei/Huawei P50 Pro.csv,20220809,20220809
265,265,6,3,Huawei P50 Pocket,../spec_data/huawei/Huawei P50 Pocket.csv,20220809,20220809
266,266,6,3,Huawei nova 9,../spec_data/huawei/Huawei nova 9.csv,20220809,20220809
267,267,6,3,Huawei Mate 40 Pro,../spec_data/huawei/Huawei Mate 40 Pro.csv,20220809,20220809
268,268,6,3,Huawei Nova 7 SE,../spec_data/huawei/Huawei Nova 7 SE.csv,20220809,20220809
269,269,6,3,Huawei Nova 7,../spec_data/huawei/Huawei Nova 7.csv,20220809,20220809
270,270,6,3,Huawei Y6P,../spec_data/huawei/Huawei Y6P.csv,20220809,20220809
271,271,6,3,Huawei P40 Pro+,../spec_data/huawei/Huawei P40 Pro+.csv,20220809,20220809
272,272,6,3,Huawei P40,../spec_data/huawei/Huawei P40.csv,20220809,20220809
273,273,6,3,Huawei P40 Pro,../spec_data/huawei/Huawei P40 Pro.csv,20220809,20220809
274,274,6,3,Huawei Mate Xs,../spec_data/huawei/Huawei Mate Xs.csv,20220809,20220809
275,275,6,3,Huawei nova 7i,../spec_data/huawei/Huawei nova 7i.csv,20220809,20220809
276,276,6,3,Huawei P30 lite new edition,../spec_data/huawei/Huawei P30 lite new edition.csv,20220809,20220809
277,277,6,3,Huawei Y9s,../spec_data/huawei/Huawei Y9s.csv,20220809,20220809
278,278,6,3,Huawei Mate 30 RS,../spec_data/huawei/Huawei Mate 30 RS.csv,20220809,20220809
279,279,6,3,Huawei Nova 5T,../spec_data/huawei/Huawei Nova 5T.csv,20220809,20220809
280,280,6,3,Huawei Mate 30 Pro,../spec_data/huawei/Huawei Mate 30 Pro.csv,20220809,20220809
281,281,6,3,Huawei Mate 30,../spec_data/huawei/Huawei Mate 30.csv,20220809,20220809
282,282,6,3,Huawei Y9 Prime 2019,../spec_data/huawei/Huawei Y9 Prime 2019.csv,20220809,20220809
283,283,6,3,Huawei P30 Pro,../spec_data/huawei/Huawei P30 Pro.csv,20220809,20220809
284,284,6,3,Huawei P30,../spec_data/huawei/Huawei P30.csv,20220809,20220809
285,285,6,3,Huawei P30 lite,../spec_data/huawei/Huawei P30 lite.csv,20220809,20220809
286,286,6,3,Huawei Nova 4,../spec_data/huawei/Huawei Nova 4.csv,20220809,20220809
287,287,6,3,Huawei Y9 2019,../spec_data/huawei/Huawei Y9 2019.csv,20220809,20220809
288,288,6,3,Huawei Mate 20 Pro,../spec_data/huawei/Huawei Mate 20 Pro.csv,20220809,20220809
289,289,6,3,Huawei Mate 20,../spec_data/huawei/Huawei Mate 20.csv,20220809,20220809
290,290,6,3,Huawei Mate 20X,../spec_data/huawei/Huawei Mate 20X.csv,20220809,20220809
291,291,6,3,Huawei Nova 3,../spec_data/huawei/Huawei Nova 3.csv,20220809,20220809
292,292,6,3,Huawei Nova 3i,../spec_data/huawei/Huawei Nova 3i.csv,20220809,20220809
293,293,6,3,Huawei Y6 Prime 2018,../spec_data/huawei/Huawei Y6 Prime 2018.csv,20220809,20220809
294,294,6,3,Huawei Y7 Prime 2018,../spec_data/huawei/Huawei Y7 Prime 2018.csv,20220809,20220809
295,295,6,3,Huawei P20 Pro,../spec_data/huawei/Huawei P20 Pro.csv,20220809,20220809
296,296,6,3,Huawei P20,../spec_data/huawei/Huawei P20.csv,20220809,20220809
297,297,6,3,Huawei P20 Lite,../spec_data/huawei/Huawei P20 Lite.csv,20220809,20220809
298,298,6,3,Huawei Mate 10 Pro,../spec_data/huawei/Huawei Mate 10 Pro.csv,20220809,20220809
299,299,6,3,Porsche Design Huawei Mate 10,../spec_data/huawei/Porsche Design Huawei Mate 10.csv,20220809,20220809
300,300,6,3,Huawei Mate 10,../spec_data/huawei/Huawei Mate 10.csv,20220809,20220809
301,301,6,3,Huawei nova 2i,../spec_data/huawei/Huawei nova 2i.csv,20220809,20220809
302,302,6,3,Huawei Nova 2 Plus,../spec_data/huawei/Huawei Nova 2 Plus.csv,20220809,20220809
303,303,6,3,Huawei Y7 Prime,../spec_data/huawei/Huawei Y7 Prime.csv,20220809,20220809
304,304,6,3,Huawei P10 Lite,../spec_data/huawei/Huawei P10 Lite.csv,20220809,20220809
305,305,6,3,Huawei P10,../spec_data/huawei/Huawei P10.csv,20220809,20220809
306,306,6,3,Huawei P10 Plus,../spec_data/huawei/Huawei P10 Plus.csv,20220809,20220809
307,307,6,3,Huawei Mate 9 Pro,../spec_data/huawei/Huawei Mate 9 Pro.csv,20220809,20220809
308,308,6,3,Huawei Honor Magic,../spec_data/huawei/Huawei Honor Magic.csv,20220809,20220809
309,309,6,3,Huawei Honor 6X,../spec_data/huawei/Huawei Honor 6X.csv,20220809,20220809
310,310,6,3,Huawei Nova,../spec_data/huawei/Huawei Nova.csv,20220809,20220809
311,311,6,3,Huawei Nova Plus,../spec_data/huawei/Huawei Nova Plus.csv,20220809,20220809
312,312,6,3,Huawei Mate 9,../spec_data/huawei/Huawei Mate 9.csv,20220809,20220809
313,313,6,3,HUAWEI P9 Plus,../spec_data/huawei/HUAWEI P9 Plus.csv,20220809,20220809
314,314,6,3,HUAWEI P9 Lite,../spec_data/huawei/HUAWEI P9 Lite.csv,20220809,20220809
315,315,6,3,HUAWEI P9,../spec_data/huawei/HUAWEI P9.csv,20220809,20220809
316,316,6,3,HUAWEI Y6 Pro,../spec_data/huawei/HUAWEI Y6 Pro.csv,20220809,20220809
317,317,6,3,HUAWEI Mate 8,../spec_data/huawei/HUAWEI Mate 8.csv,20220809,20220809
318,318,6,3,Nexus 6P,../spec_data/huawei/Nexus 6P.csv,20220809,20220809
319,319,6,3,HUAWEI G7 Plus,../spec_data/huawei/HUAWEI G7 Plus.csv,20220809,20220809
320,320,6,3,HUAWEI Mate S,../spec_data/huawei/HUAWEI Mate S.csv,20220809,20220809
321,321,6,3,HUAWEI P8,../spec_data/huawei/HUAWEI P8.csv,20220809,20220809
322,322,6,3,HUAWEI Honor 6 Plus,../spec_data/huawei/HUAWEI Honor 6 Plus.csv,20220809,20220809
323,323,6,3,HUAWEI Ascend G620S,../spec_data/huawei/HUAWEI Ascend G620S.csv,20220809,20220809
324,324,6,3,HUAWEI Ascend G7,../spec_data/huawei/HUAWEI Ascend G7.csv,20220809,20220809
325,325,6,3,HUAWEI Ascend Mate 7,../spec_data/huawei/HUAWEI Ascend Mate 7.csv,20220809,20220809
326,326,6,3,HUAWEI Honor 6,../spec_data/huawei/HUAWEI Honor 6.csv,20220809,20220809
327,327,6,3,HUAWEI Ascend P7,../spec_data/huawei/HUAWEI Ascend P7.csv,20220809,20220809
328,328,6,3,Huawei Ascend G750,../spec_data/huawei/Huawei Ascend G750.csv,20220809,20220809
329,329,6,3,HUAWEIAscend G6,../spec_data/huawei/HUAWEIAscend G6.csv,20220809,20220809
330,330,6,3,HUAWEI Honor 3C,../spec_data/huawei/HUAWEI Honor 3C.csv,20220809,20220809
331,331,6,3,HUAWEI Ascend Mate 2 4G,../spec_data/huawei/HUAWEI Ascend Mate 2 4G.csv,20220809,20220809
332,332,6,3,HUAWEI G525,../spec_data/huawei/HUAWEI G525.csv,20220809,20220809
333,333,6,3,Huawei Ascend P1 LTE,../spec_data/huawei/Huawei Ascend P1 LTE.csv,20220809,20220809
334,334,6,3,Huawei Honor 2,../spec_data/huawei/Huawei Honor 2.csv,20220809,20220809
335,335,6,3,Huawei Ascend D2,../spec_data/huawei/Huawei Ascend D2.csv,20220809,20220809
336,336,6,3,Huawei Ascend Mate,../spec_data/huawei/Huawei Ascend Mate.csv,20220809,20220809
337,337,6,3,HUAWEI Ascend P2,../spec_data/huawei/HUAWEI Ascend P2.csv,20220809,20220809
338,338,6,3,HUAWEI Ascend P6,../spec_data/huawei/HUAWEI Ascend P6.csv,20220809,20220809
339,339,6,3,Huawei Ascend P1,../spec_data/huawei/Huawei Ascend P1.csv,20220809,20220809
340,340,6,3,Huawei Ascend G300,../spec_data/huawei/Huawei Ascend G300.csv,20220809,20220809
341,341,6,3,Huawei Ascend Y200,../spec_data/huawei/Huawei Ascend Y200.csv,20220809,20220809
342,342,6,3,Huawai Honor,../spec_data/huawei/Huawai Honor.csv,20220809,20220809
343,343,6,3,Huawei Ascend D1 quad,../spec_data/huawei/Huawei Ascend D1 quad.csv,20220809,20220809
344,344,6,3,Huawei Ascend D quad XL,../spec_data/huawei/Huawei Ascend D quad XL.csv,20220809,20220809
345,345,6,3,Huawei Ascend D1,../spec_data/huawei/Huawei Ascend D1.csv,20220809,20220809
346,346,6,3,Huawei Honor,../spec_data/huawei/Huawei Honor.csv,20220809,20220809
347,347,6,3,Huawei Boulder U8350,../spec_data/huawei/Huawei Boulder U8350.csv,20220809,20220809
348,348,6,3,Huawei SONIC U8650,../spec_data/huawei/Huawei SONIC U8650.csv,20220809,20220809
349,349,6,3,Huawei IDEOS X3,../spec_data/huawei/Huawei IDEOS X3.csv,20220809,20220809
350,350,6,3,Huawei GAGA U8180,../spec_data/huawei/Huawei GAGA U8180.csv,20220809,20220809
351,351,6,3,Huawei P50,../spec_data/huawei/Huawei P50.csv,20220809,20220809
352,352,6,3,Huawei IDEOS X5,../spec_data/huawei/Huawei IDEOS X5.csv,20220809,20220809
353,353,6,3,Huawei IDEOS U8150,../spec_data/huawei/Huawei IDEOS U8150.csv,20220809,20220809
354,354,6,3,Huawei U Plus Android,../spec_data/huawei/Huawei U Plus Android.csv,20220809,20220809
355,355,6,3,Huawei U mini Android,../spec_data/huawei/Huawei U mini Android.csv,20220809,20220809
356,356,6,3,Huawei U Android,../spec_data/huawei/Huawei U Android.csv,20220809,20220809
357,357,6,3,Huawei IDEOS X6,../spec_data/huawei/Huawei IDEOS X6.csv,20220809,20220809
358,358,6,3,Huawei Mate X,../spec_data/huawei/Huawei Mate X.csv,20220809,20220809
359,359,7,3,Microsoft Surface Duo,../spec_data/microsoft/Microsoft Surface Duo.csv,20220809,20220809
360,360,7,3,Lumia 650 Dual SIM,../spec_data/microsoft/Lumia 650 Dual SIM.csv,20220809,20220809
361,361,7,3,Lumia 550,../spec_data/microsoft/Lumia 550.csv,20220809,20220809
362,362,7,3,Lumia 950,../spec_data/microsoft/Lumia 950.csv,20220809,20220809
363,363,7,3,Lumia 950 XL,../spec_data/microsoft/Lumia 950 XL.csv,20220809,20220809
364,364,7,3,Microsoft Lumia 640,../spec_data/microsoft/Microsoft Lumia 640.csv,20220809,20220809
365,365,7,3,Microsoft Lumia 640XL,../spec_data/microsoft/Microsoft Lumia 640XL.csv,20220809,20220809
366,366,7,3,Microsoft Lumia 535,../spec_data/microsoft/Microsoft Lumia 535.csv,20220809,20220809
367,367,7,3,Microsoft Lumia 535 Dual SIM,../spec_data/microsoft/Microsoft Lumia 535 Dual SIM.csv,20220809,20220809
368,368,7,3,Microsoft Kin One,../spec_data/microsoft/Microsoft Kin One.csv,20220809,20220809
369,369,7,3,Microsoft Kin Two,../spec_data/microsoft/Microsoft Kin Two.csv,20220809,20220809
370,370,8,3,Motorola Edge 20 Pro,../spec_data/motorola/Motorola Edge 20 Pro.csv,20220809,20220809
371,371,8,3,Motorola Moto E4 Plus,../spec_data/motorola/Motorola Moto E4 Plus.csv,20220809,20220809
372,372,8,3,Motorola Moto Z2 Play,../spec_data/motorola/Motorola Moto Z2 Play.csv,20220809,20220809
373,373,8,3,Motorola Moto C Plus,../spec_data/motorola/Motorola Moto C Plus.csv,20220809,20220809
374,374,8,3,Motorola Moto M,../spec_data/motorola/Motorola Moto M.csv,20220809,20220809
375,375,8,3,Lenovo K6 Note,../spec_data/motorola/Lenovo K6 Note.csv,20220809,20220809
376,376,8,3,Motorola Moto Z,../spec_data/motorola/Motorola Moto Z.csv,20220809,20220809
377,377,8,3,Motorola Moto g4 Plus,../spec_data/motorola/Motorola Moto g4 Plus.csv,20220809,20220809
378,378,8,3,Motorola Moto g5 Plus,../spec_data/motorola/Motorola Moto g5 Plus.csv,20220809,20220809
379,379,8,3,Motorola Moto G Turbo,../spec_data/motorola/Motorola Moto G Turbo.csv,20220809,20220809
380,380,8,3,Motorola Moto X 二代,../spec_data/motorola/Motorola Moto X 二代.csv,20220809,20220809
381,381,8,3,Nexus 6,../spec_data/motorola/Nexus 6.csv,20220809,20220809
382,382,8,3,Motorola Moto G2,../spec_data/motorola/Motorola Moto G2.csv,20220809,20220809
383,383,8,3,Motorola Moto G LTE,../spec_data/motorola/Motorola Moto G LTE.csv,20220809,20220809
384,384,8,3,Motorola Moto X,../spec_data/motorola/Motorola Moto X.csv,20220809,20220809
385,385,8,3,Motorola Moto G,../spec_data/motorola/Motorola Moto G.csv,20220809,20220809
386,386,8,3,Motorola DEFY XT535,../spec_data/motorola/Motorola DEFY XT535.csv,20220809,20220809
387,387,8,3,Motorola RAZR Maxx,../spec_data/motorola/Motorola RAZR Maxx.csv,20220809,20220809
388,388,8,3,Motorola Atrix 2,../spec_data/motorola/Motorola Atrix 2.csv,20220809,20220809
389,389,8,3,Motorola XT532,../spec_data/motorola/Motorola XT532.csv,20220809,20220809
390,390,8,3,Motorola XT615,../spec_data/motorola/Motorola XT615.csv,20220809,20220809
391,391,8,3,Motorola Pro+,../spec_data/motorola/Motorola Pro+.csv,20220809,20220809
392,392,8,3,Motorola DEFY+,../spec_data/motorola/Motorola DEFY+.csv,20220809,20220809
393,393,8,3,Motorola XT319,../spec_data/motorola/Motorola XT319.csv,20220809,20220809
394,394,8,3,Motorola XT316,../spec_data/motorola/Motorola XT316.csv,20220809,20220809
395,395,8,3,Motorola EX232,../spec_data/motorola/Motorola EX232.csv,20220809,20220809
396,396,8,3,Motorola EX223,../spec_data/motorola/Motorola EX223.csv,20220809,20220809
397,397,8,3,Motorola ATRIX,../spec_data/motorola/Motorola ATRIX.csv,20220809,20220809
398,398,8,3,Motorola EX211,../spec_data/motorola/Motorola EX211.csv,20220809,20220809
399,399,8,3,Motorola 明 A1680,../spec_data/motorola/Motorola 明 A1680.csv,20220809,20220809
400,400,8,3,Motorola MILESTONE 2,../spec_data/motorola/Motorola MILESTONE 2.csv,20220809,20220809
401,401,8,3,Motorola DEFY MB525,../spec_data/motorola/Motorola DEFY MB525.csv,20220809,20220809
402,402,8,3,Motorola EX115,../spec_data/motorola/Motorola EX115.csv,20220809,20220809
403,403,8,3,Motorola FlipOut MB511,../spec_data/motorola/Motorola FlipOut MB511.csv,20220809,20220809
404,404,8,3,Motorola Quench XT5,../spec_data/motorola/Motorola Quench XT5.csv,20220809,20220809
405,405,8,3,Motorola EX128,../spec_data/motorola/Motorola EX128.csv,20220809,20220809
406,406,8,3,Motorola MILESTONE XT720,../spec_data/motorola/Motorola MILESTONE XT720.csv,20220809,20220809
407,407,8,3,Motorola Quench XT3,../spec_data/motorola/Motorola Quench XT3.csv,20220809,20220809
408,408,8,3,Motorola QUENCH,../spec_data/motorola/Motorola QUENCH.csv,20220809,20220809
409,409,8,3,Motorola EX300,../spec_data/motorola/Motorola EX300.csv,20220809,20220809
410,410,8,3,Motorola BACKFLIP ME600,../spec_data/motorola/Motorola BACKFLIP ME600.csv,20220809,20220809
411,411,8,3,Motorola MILESTONE XT701,../spec_data/motorola/Motorola MILESTONE XT701.csv,20220809,20220809
412,412,8,3,Motorola MILESTONE,../spec_data/motorola/Motorola MILESTONE.csv,20220809,20220809
413,413,8,3,Motorola MOTOSURF A3100 黑金升級版,../spec_data/motorola/Motorola MOTOSURF A3100 黑金升級版.csv,20220809,20220809
414,414,8,3,Motorola 明 A1210,../spec_data/motorola/Motorola 明 A1210.csv,20220809,20220809
415,415,8,3,Motorola ZN300,../spec_data/motorola/Motorola ZN300.csv,20220809,20220809
416,416,8,3,Motorola VE66,../spec_data/motorola/Motorola VE66.csv,20220809,20220809
417,417,8,3,Motorola MOTOSURF A3100,../spec_data/motorola/Motorola MOTOSURF A3100.csv,20220809,20220809
418,418,8,3,Motorola EM35,../spec_data/motorola/Motorola EM35.csv,20220809,20220809
419,419,8,3,Motorola AURA,../spec_data/motorola/Motorola AURA.csv,20220809,20220809
420,420,8,3,Motorola EM330,../spec_data/motorola/Motorola EM330.csv,20220809,20220809
421,421,8,3,Motorola W156,../spec_data/motorola/Motorola W156.csv,20220809,20220809
422,422,8,3,Motorola VE538,../spec_data/motorola/Motorola VE538.csv,20220809,20220809
423,423,8,3,Motorola EM325,../spec_data/motorola/Motorola EM325.csv,20220809,20220809
424,424,8,3,Motorola W396,../spec_data/motorola/Motorola W396.csv,20220809,20220809
425,425,8,3,Motorola EM30,../spec_data/motorola/Motorola EM30.csv,20220809,20220809
426,426,8,3,Motorola ZN200,../spec_data/motorola/Motorola ZN200.csv,20220809,20220809
427,427,8,3,Motorola A810,../spec_data/motorola/Motorola A810.csv,20220809,20220809
428,428,8,3,Motorola 明 A1600,../spec_data/motorola/Motorola 明 A1600.csv,20220809,20220809
429,429,8,3,Motorola W388,../spec_data/motorola/Motorola W388.csv,20220809,20220809
430,430,8,3,Motorola RAZR² V9 FERRARI,../spec_data/motorola/Motorola RAZR² V9 FERRARI.csv,20220809,20220809
431,431,8,3,Motorola ZINE ZN5,../spec_data/motorola/Motorola ZINE ZN5.csv,20220809,20220809
432,432,8,3,Motorola ROKR E8,../spec_data/motorola/Motorola ROKR E8.csv,20220809,20220809
433,433,8,3,Motorola W270,../spec_data/motorola/Motorola W270.csv,20220809,20220809
434,434,8,3,Motorola Z8 FERRARI,../spec_data/motorola/Motorola Z8 FERRARI.csv,20220809,20220809
435,435,8,3,Motorola U9,../spec_data/motorola/Motorola U9.csv,20220809,20220809
436,436,8,3,Motorola Q9h,../spec_data/motorola/Motorola Q9h.csv,20220809,20220809
437,437,8,3,Motorola Z8,../spec_data/motorola/Motorola Z8.csv,20220809,20220809
438,438,8,3,Motorola RAZR² V9,../spec_data/motorola/Motorola RAZR² V9.csv,20220809,20220809
439,439,8,3,Motorola W218,../spec_data/motorola/Motorola W218.csv,20220809,20220809
440,440,8,3,Motorola RAZR maxx V3,../spec_data/motorola/Motorola RAZR maxx V3.csv,20220809,20220809
441,441,8,3,Motorola WX265,../spec_data/motorola/Motorola WX265.csv,20220809,20220809
442,442,8,3,Motorola WX295,../spec_data/motorola/Motorola WX295.csv,20220809,20220809
443,443,8,3,Motorola ES400,../spec_data/motorola/Motorola ES400.csv,20220809,20220809
444,444,8,3,Motorola CHARM,../spec_data/motorola/Motorola CHARM.csv,20220809,20220809
445,445,8,3,Motorola RIZR Z10,../spec_data/motorola/Motorola RIZR Z10.csv,20220809,20220809
446,446,8,3,Motorola W7 Active Edition,../spec_data/motorola/Motorola W7 Active Edition.csv,20220809,20220809
447,447,8,3,Motorola RAZR² V8 (2GB),../spec_data/motorola/Motorola RAZR² V8 (2GB).csv,20220809,20220809
448,448,8,3,Motorola RAZR² V8 (金版),../spec_data/motorola/Motorola RAZR² V8 (金版).csv,20220809,20220809
449,449,8,3,Motorola M1000,../spec_data/motorola/Motorola M1000.csv,20220809,20220809
450,450,8,3,Motorola W208,../spec_data/motorola/Motorola W208.csv,20220809,20220809
451,451,8,3,Motorola W230,../spec_data/motorola/Motorola W230.csv,20220809,20220809
452,452,8,3,Motorola PEBL U6 (COLOR),../spec_data/motorola/Motorola PEBL U6 (COLOR).csv,20220809,20220809
453,453,8,3,Motorola KRZR K1,../spec_data/motorola/Motorola KRZR K1.csv,20220809,20220809
454,454,8,3,Motorola RAZR maxx V6,../spec_data/motorola/Motorola RAZR maxx V6.csv,20220809,20220809
455,455,8,3,Motorola RIZR Z3,../spec_data/motorola/Motorola RIZR Z3.csv,20220809,20220809
456,456,8,3,Motorola Cliq 2,../spec_data/motorola/Motorola Cliq 2.csv,20220809,20220809
457,457,8,3,Motorola W220,../spec_data/motorola/Motorola W220.csv,20220809,20220809
458,458,8,3,Motorola ROKR ZN50,../spec_data/motorola/Motorola ROKR ZN50.csv,20220809,20220809
459,459,8,3,Motorola CLIQ (DEXT),../spec_data/motorola/Motorola CLIQ (DEXT).csv,20220809,20220809
460,460,8,3,Motorola PRO,../spec_data/motorola/Motorola PRO.csv,20220809,20220809
461,461,8,3,Motorola ROKR E6,../spec_data/motorola/Motorola ROKR E6.csv,20220809,20220809
462,462,8,3,Motorola W375,../spec_data/motorola/Motorola W375.csv,20220809,20220809
463,463,8,3,Motorola L6i,../spec_data/motorola/Motorola L6i.csv,20220809,20220809
464,464,8,3,Motorola WILDER EX130,../spec_data/motorola/Motorola WILDER EX130.csv,20220809,20220809
465,465,8,3,Motorola VE75,../spec_data/motorola/Motorola VE75.csv,20220809,20220809
466,466,8,3,Motorola EM25,../spec_data/motorola/Motorola EM25.csv,20220809,20220809
467,467,8,3,Motorola ROKR Z6,../spec_data/motorola/Motorola ROKR Z6.csv,20220809,20220809
468,468,8,3,Motorola maxx K3,../spec_data/motorola/Motorola maxx K3.csv,20220809,20220809
469,469,8,3,Motorola SLVR L72,../spec_data/motorola/Motorola SLVR L72.csv,20220809,20220809
470,470,8,3,Motorola Q11,../spec_data/motorola/Motorola Q11.csv,20220809,20220809
471,471,8,3,Motorola W510,../spec_data/motorola/Motorola W510.csv,20220809,20220809
472,472,8,3,Motorola maxx V1100,../spec_data/motorola/Motorola maxx V1100.csv,20220809,20220809
473,473,8,3,Motorola Milestone 3,../spec_data/motorola/Motorola Milestone 3.csv,20220809,20220809
474,474,8,3,Motorola Motocubo A45,../spec_data/motorola/Motorola Motocubo A45.csv,20220809,20220809
475,475,8,3,Motorola RAZR² V8,../spec_data/motorola/Motorola RAZR² V8.csv,20220809,20220809
476,476,8,3,Motorola RAZR,../spec_data/motorola/Motorola RAZR.csv,20220809,20220809
477,477,8,3,Motorla Razr 2019,../spec_data/motorola/Motorla Razr 2019.csv,20220809,20220809
478,478,8,3,Motorola E1070,../spec_data/motorola/Motorola E1070.csv,20220809,20220809
479,479,9,3,Nokia G21,../spec_data/nokia/Nokia G21.csv,20220809,20220809
480,480,9,3,Nokia G50,../spec_data/nokia/Nokia G50.csv,20220809,20220809
481,481,9,3,Nokia XR20,../spec_data/nokia/Nokia XR20.csv,20220809,20220809
482,482,9,3,Nokia G20,../spec_data/nokia/Nokia G20.csv,20220809,20220809
483,483,9,3,Nokia X10,../spec_data/nokia/Nokia X10.csv,20220809,20220809
484,484,9,3,Nokia X20,../spec_data/nokia/Nokia X20.csv,20220809,20220809
485,485,9,3,Nokia 1.4,../spec_data/nokia/Nokia 1.4.csv,20220809,20220809
486,486,9,3,Nokia 5.4,../spec_data/nokia/Nokia 5.4.csv,20220809,20220809
487,487,9,3,Nokia 3.4,../spec_data/nokia/Nokia 3.4.csv,20220809,20220809
488,488,9,3,Nokia 2.4,../spec_data/nokia/Nokia 2.4.csv,20220809,20220809
489,489,9,3,Nokia 8.3 5G,../spec_data/nokia/Nokia 8.3 5G.csv,20220809,20220809
490,490,9,3,Nokia 5.3,../spec_data/nokia/Nokia 5.3.csv,20220809,20220809
491,491,9,3,Nokia C2,../spec_data/nokia/Nokia C2.csv,20220809,20220809
492,492,9,3,Nokia 800 Tough,../spec_data/nokia/Nokia 800 Tough.csv,20220809,20220809
493,493,9,3,Nokia 7.2,../spec_data/nokia/Nokia 7.2.csv,20220809,20220809
494,494,9,3,Nokia 2720 Flip,../spec_data/nokia/Nokia 2720 Flip.csv,20220809,20220809
495,495,9,3,Nokia 3.2,../spec_data/nokia/Nokia 3.2.csv,20220809,20220809
496,496,9,3,Nokia 4.2,../spec_data/nokia/Nokia 4.2.csv,20220809,20220809
497,497,9,3,Nokia 9 PureView,../spec_data/nokia/Nokia 9 PureView.csv,20220809,20220809
498,498,9,3,Nokia 8.1,../spec_data/nokia/Nokia 8.1.csv,20220809,20220809
499,499,9,3,Nokia 3.1 Plus,../spec_data/nokia/Nokia 3.1 Plus.csv,20220809,20220809
500,500,9,3,Nokia 7.1,../spec_data/nokia/Nokia 7.1.csv,20220809,20220809
501,501,9,3,Nokia 6.1 Plus,../spec_data/nokia/Nokia 6.1 Plus.csv,20220809,20220809
502,502,9,3,Nokia 5.1 Plus,../spec_data/nokia/Nokia 5.1 Plus.csv,20220809,20220809
503,503,9,3,Nokia 8110 4G,../spec_data/nokia/Nokia 8110 4G.csv,20220809,20220809
504,504,9,3,Nokia 1,../spec_data/nokia/Nokia 1.csv,20220809,20220809
505,505,9,3,Nokia 7 Plus,../spec_data/nokia/Nokia 7 Plus.csv,20220809,20220809
506,506,9,3,NOKIA 8 Sirocco,../spec_data/nokia/NOKIA 8 Sirocco.csv,20220809,20220809
507,507,9,3,Nokia 6 2018,../spec_data/nokia/Nokia 6 2018.csv,20220809,20220809
508,508,9,3,Nokia 5,../spec_data/nokia/Nokia 5.csv,20220809,20220809
509,509,9,3,Nokia 3310 (2017) 3G,../spec_data/nokia/Nokia 3310 (2017) 3G.csv,20220809,20220809
510,510,9,3,Nokia 7,../spec_data/nokia/Nokia 7.csv,20220809,20220809
511,511,9,3,Nokia 8,../spec_data/nokia/Nokia 8.csv,20220809,20220809
512,512,9,3,Nokia 3310 (2017),../spec_data/nokia/Nokia 3310 (2017).csv,20220809,20220809
513,513,9,3,Nokia 6,../spec_data/nokia/Nokia 6.csv,20220809,20220809
514,514,9,3,Nokia Lumia 830,../spec_data/nokia/Nokia Lumia 830.csv,20220809,20220809
515,515,9,3,Nokia Lumia 735,../spec_data/nokia/Nokia Lumia 735.csv,20220809,20220809
516,516,9,3,Nokia Lumia 730,../spec_data/nokia/Nokia Lumia 730.csv,20220809,20220809
517,517,9,3,Nokia Lumia 530,../spec_data/nokia/Nokia Lumia 530.csv,20220809,20220809
518,518,9,3,Nokia Lumia 636,../spec_data/nokia/Nokia Lumia 636.csv,20220809,20220809
519,519,9,3,Microsoft Lumia 930,../spec_data/nokia/Microsoft Lumia 930.csv,20220809,20220809
520,520,9,3,Nokia X2,../spec_data/nokia/Nokia X2.csv,20220809,20220809
521,521,9,3,Nokia XL,../spec_data/nokia/Nokia XL.csv,20220809,20220809
522,522,9,3,Nokia Lumia 630,../spec_data/nokia/Nokia Lumia 630.csv,20220809,20220809
523,523,9,3,Nokia Asha 503,../spec_data/nokia/Nokia Asha 503.csv,20220809,20220809
524,524,9,3,Nokia X,../spec_data/nokia/Nokia X.csv,20220809,20220809
525,525,9,3,Nokia X+,../spec_data/nokia/Nokia X+.csv,20220809,20220809
526,526,9,3,Nokia LUMIA 1520,../spec_data/nokia/Nokia LUMIA 1520.csv,20220809,20220809
527,527,9,3,Nokia LUMIA 1320,../spec_data/nokia/Nokia LUMIA 1320.csv,20220809,20220809
528,528,9,3,Nokia 515,../spec_data/nokia/Nokia 515.csv,20220809,20220809
529,529,9,3,Nokia 208,../spec_data/nokia/Nokia 208.csv,20220809,20220809
530,530,9,3,Nokia 106,../spec_data/nokia/Nokia 106.csv,20220809,20220809
531,531,9,3,Nokia 107,../spec_data/nokia/Nokia 107.csv,20220809,20220809
532,532,9,3,Nokia LUMIA 1020,../spec_data/nokia/Nokia LUMIA 1020.csv,20220809,20220809
533,533,9,3,Nokia LUMIA 925,../spec_data/nokia/Nokia LUMIA 925.csv,20220809,20220809
534,534,9,3,Nokia Asha 210,../spec_data/nokia/Nokia Asha 210.csv,20220809,20220809
535,535,9,3,Nokia Lumia 720,../spec_data/nokia/Nokia Lumia 720.csv,20220809,20220809
536,536,9,3,Nokia Lumia 520,../spec_data/nokia/Nokia Lumia 520.csv,20220809,20220809
537,537,9,3,Nokia Asha 202,../spec_data/nokia/Nokia Asha 202.csv,20220809,20220809
538,538,9,3,Nokia Lumia 525,../spec_data/nokia/Nokia Lumia 525.csv,20220809,20220809
539,539,9,3,Nokia Asha 308,../spec_data/nokia/Nokia Asha 308.csv,20220809,20220809
540,540,9,3,Nokia LUMIA 920,../spec_data/nokia/Nokia LUMIA 920.csv,20220809,20220809
541,541,9,3,Nokia LUMIA 820,../spec_data/nokia/Nokia LUMIA 820.csv,20220809,20220809
542,542,9,3,Nokia LUMIA 625,../spec_data/nokia/Nokia LUMIA 625.csv,20220809,20220809
543,543,9,3,Nokia Asha 305,../spec_data/nokia/Nokia Asha 305.csv,20220809,20220809
544,544,9,3,Nokia Asha 311,../spec_data/nokia/Nokia Asha 311.csv,20220809,20220809
545,545,9,3,Nokia LUMIA 620,../spec_data/nokia/Nokia LUMIA 620.csv,20220809,20220809
546,546,9,3,Nokia LUMIA 610,../spec_data/nokia/Nokia LUMIA 610.csv,20220809,20220809
547,547,9,3,Nokia 808 PureView,../spec_data/nokia/Nokia 808 PureView.csv,20220809,20220809
548,548,9,3,Nokia LUMIA 900,../spec_data/nokia/Nokia LUMIA 900.csv,20220809,20220809
549,549,9,3,Nokia LUMIA 800,../spec_data/nokia/Nokia LUMIA 800.csv,20220809,20220809
550,550,9,3,Nokia 500,../spec_data/nokia/Nokia 500.csv,20220809,20220809
551,551,9,3,Nokia 700,../spec_data/nokia/Nokia 700.csv,20220809,20220809
552,552,9,3,Nokia 600,../spec_data/nokia/Nokia 600.csv,20220809,20220809
553,553,9,3,Nokia 701,../spec_data/nokia/Nokia 701.csv,20220809,20220809
554,554,9,3,Nokia 603,../spec_data/nokia/Nokia 603.csv,20220809,20220809
555,555,9,3,Nokia E6,../spec_data/nokia/Nokia E6.csv,20220809,20220809
556,556,9,3,Nokia X1-01,../spec_data/nokia/Nokia X1-01.csv,20220809,20220809
557,557,9,3,Nokia X7,../spec_data/nokia/Nokia X7.csv,20220809,20220809
558,558,9,3,Nokia C2-00,../spec_data/nokia/Nokia C2-00.csv,20220809,20220809
559,559,9,3,Nokia E7,../spec_data/nokia/Nokia E7.csv,20220809,20220809
560,560,9,3,Nokia C6-01,../spec_data/nokia/Nokia C6-01.csv,20220809,20220809
561,561,9,3,Nokia C3-01 Touch and Type,../spec_data/nokia/Nokia C3-01 Touch and Type.csv,20220809,20220809
562,562,9,3,Nokia X5-01,../spec_data/nokia/Nokia X5-01.csv,20220809,20220809
563,563,9,3,Nokia X3-02 Touch and Type,../spec_data/nokia/Nokia X3-02 Touch and Type.csv,20220809,20220809
564,564,9,3,Nokia C7,../spec_data/nokia/Nokia C7.csv,20220809,20220809
565,565,9,3,Nokia N8,../spec_data/nokia/Nokia N8.csv,20220809,20220809
566,566,9,3,Nokia 5250,../spec_data/nokia/Nokia 5250.csv,20220809,20220809
567,567,9,3,Nokia X2-00,../spec_data/nokia/Nokia X2-00.csv,20220809,20220809
568,568,9,3,Nokia C1-00,../spec_data/nokia/Nokia C1-00.csv,20220809,20220809
569,569,9,3,Nokia E5,../spec_data/nokia/Nokia E5.csv,20220809,20220809
570,570,9,3,Nokia C6,../spec_data/nokia/Nokia C6.csv,20220809,20220809
571,571,9,3,Nokia 3710 fold,../spec_data/nokia/Nokia 3710 fold.csv,20220809,20220809
572,572,9,3,Nokia C5,../spec_data/nokia/Nokia C5.csv,20220809,20220809
573,573,9,3,Nokia N900,../spec_data/nokia/Nokia N900.csv,20220809,20220809
574,574,9,3,Nokia 6700 slide,../spec_data/nokia/Nokia 6700 slide.csv,20220809,20220809
575,575,9,3,Nokia 2220 slide,../spec_data/nokia/Nokia 2220 slide.csv,20220809,20220809
576,576,9,3,Nokia 6303i classic,../spec_data/nokia/Nokia 6303i classic.csv,20220809,20220809
577,577,9,3,Nokia 7230,../spec_data/nokia/Nokia 7230.csv,20220809,20220809
578,578,9,3,Nokia X6 (feature phone),../spec_data/nokia/Nokia X6 (feature phone).csv,20220809,20220809
579,579,9,3,Nokia 5230,../spec_data/nokia/Nokia 5230.csv,20220809,20220809
580,580,9,3,Nokia E72,../spec_data/nokia/Nokia E72.csv,20220809,20220809
581,581,9,3,Nokia N97 mini,../spec_data/nokia/Nokia N97 mini.csv,20220809,20220809
582,582,9,3,Nokia 6600i slide,../spec_data/nokia/Nokia 6600i slide.csv,20220809,20220809
583,583,9,3,Nokia 6730 classic,../spec_data/nokia/Nokia 6730 classic.csv,20220809,20220809
584,584,9,3,Nokia 5530 XpressMusic,../spec_data/nokia/Nokia 5530 XpressMusic.csv,20220809,20220809
585,585,9,3,Nokia E52,../spec_data/nokia/Nokia E52.csv,20220809,20220809
586,586,9,3,Nokia 6720 classic,../spec_data/nokia/Nokia 6720 classic.csv,20220809,20220809
587,587,9,3,Nokia 6303 classic,../spec_data/nokia/Nokia 6303 classic.csv,20220809,20220809
588,588,9,3,Nokia 6700 classic,../spec_data/nokia/Nokia 6700 classic.csv,20220809,20220809
589,589,9,3,Nokia 5730 XpressMusic,../spec_data/nokia/Nokia 5730 XpressMusic.csv,20220809,20220809
590,590,9,3,Nokia N86 8MP,../spec_data/nokia/Nokia N86 8MP.csv,20220809,20220809
591,591,9,3,Nokia 5630 XpressMusic,../spec_data/nokia/Nokia 5630 XpressMusic.csv,20220809,20220809
592,592,9,3,Nokia 6260 slide,../spec_data/nokia/Nokia 6260 slide.csv,20220809,20220809
593,593,9,3,Nokia 6208 classic,../spec_data/nokia/Nokia 6208 classic.csv,20220809,20220809
594,594,9,3,Nokia 8800 Diamond Arte,../spec_data/nokia/Nokia 8800 Diamond Arte.csv,20220809,20220809
595,595,9,3,Nokia 5800 XpressMusic,../spec_data/nokia/Nokia 5800 XpressMusic.csv,20220809,20220809
596,596,9,3,Nokia 7610 Supernova,../spec_data/nokia/Nokia 7610 Supernova.csv,20220809,20220809
597,597,9,3,Nokia N79,../spec_data/nokia/Nokia N79.csv,20220809,20220809
598,598,9,3,Nokia N85,../spec_data/nokia/Nokia N85.csv,20220809,20220809
599,599,9,3,Nokia 5320 XpressMusic,../spec_data/nokia/Nokia 5320 XpressMusic.csv,20220809,20220809
600,600,9,3,Nokia 2680 slide,../spec_data/nokia/Nokia 2680 slide.csv,20220809,20220809
601,601,9,3,Nokia N96,../spec_data/nokia/Nokia N96.csv,20220809,20220809
602,602,9,3,Nokia 6210 Navigator,../spec_data/nokia/Nokia 6210 Navigator.csv,20220809,20220809
603,603,9,3,Nokia 5000,../spec_data/nokia/Nokia 5000.csv,20220809,20220809
604,604,9,3,Nokia 7070 Prism,../spec_data/nokia/Nokia 7070 Prism.csv,20220809,20220809
605,605,9,3,Nokia 7310 Supernova,../spec_data/nokia/Nokia 7310 Supernova.csv,20220809,20220809
606,606,9,3,Nokia 5220 Xpress Music,../spec_data/nokia/Nokia 5220 Xpress Music.csv,20220809,20220809
607,607,9,3,Nokia E66,../spec_data/nokia/Nokia E66.csv,20220809,20220809
608,608,9,3,Nokia E71,../spec_data/nokia/Nokia E71.csv,20220809,20220809
609,609,9,3,Nokia 6600 fold,../spec_data/nokia/Nokia 6600 fold.csv,20220809,20220809
610,610,9,3,Nokia 6600 slide,../spec_data/nokia/Nokia 6600 slide.csv,20220809,20220809
611,611,9,3,Nokia 3600 slide,../spec_data/nokia/Nokia 3600 slide.csv,20220809,20220809
612,612,9,3,Nokia 6220 classic,../spec_data/nokia/Nokia 6220 classic.csv,20220809,20220809
613,613,9,3,Nokia N78,../spec_data/nokia/Nokia N78.csv,20220809,20220809
614,614,9,3,Nokia 2600 classic,../spec_data/nokia/Nokia 2600 classic.csv,20220809,20220809
615,615,9,3,Nokia 1680,../spec_data/nokia/Nokia 1680.csv,20220809,20220809
616,616,9,3,Nokia 8800 Sapphire Arte,../spec_data/nokia/Nokia 8800 Sapphire Arte.csv,20220809,20220809
617,617,9,3,Nokia 1209,../spec_data/nokia/Nokia 1209.csv,20220809,20220809
618,618,9,3,Nokia 3500 classic,../spec_data/nokia/Nokia 3500 classic.csv,20220809,20220809
619,619,9,3,Nokia 5610 XpressMusic,../spec_data/nokia/Nokia 5610 XpressMusic.csv,20220809,20220809
620,620,9,3,Nokia 5310 XpressMusic,../spec_data/nokia/Nokia 5310 XpressMusic.csv,20220809,20220809
621,621,9,3,Nokia 6500 slide,../spec_data/nokia/Nokia 6500 slide.csv,20220809,20220809
622,622,9,3,Nokia 6500 classic,../spec_data/nokia/Nokia 6500 classic.csv,20220809,20220809
623,623,9,3,Nokia 7900 Prism,../spec_data/nokia/Nokia 7900 Prism.csv,20220809,20220809
624,624,9,3,Nokia 2760,../spec_data/nokia/Nokia 2760.csv,20220809,20220809
625,625,9,3,Nokia N95,../spec_data/nokia/Nokia N95.csv,20220809,20220809
626,626,9,3,Nokia E65,../spec_data/nokia/Nokia E65.csv,20220809,20220809
627,627,9,3,Nokia 6300,../spec_data/nokia/Nokia 6300.csv,20220809,20220809
628,628,9,3,Nokia 6288,../spec_data/nokia/Nokia 6288.csv,20220809,20220809
629,629,9,3,Nokia 6301,../spec_data/nokia/Nokia 6301.csv,20220809,20220809
630,630,9,3,Nokia 5030 XpressRadio,../spec_data/nokia/Nokia 5030 XpressRadio.csv,20220809,20220809
631,631,9,3,Nokia N93,../spec_data/nokia/Nokia N93.csv,20220809,20220809
632,632,9,3,Nokia E51,../spec_data/nokia/Nokia E51.csv,20220809,20220809
633,633,9,3,Nokia 5330 XpressMusic,../spec_data/nokia/Nokia 5330 XpressMusic.csv,20220809,20220809
634,634,9,3,Nokia N73,../spec_data/nokia/Nokia N73.csv,20220809,20220809
635,635,9,3,Nokia N72,../spec_data/nokia/Nokia N72.csv,20220809,20220809
636,636,9,3,Nokia 8800 Gold Arte,../spec_data/nokia/Nokia 8800 Gold Arte.csv,20220809,20220809
637,637,9,3,Nokia 2630,../spec_data/nokia/Nokia 2630.csv,20220809,20220809
638,638,9,3,Nokia 2652,../spec_data/nokia/Nokia 2652.csv,20220809,20220809
639,639,10,3,Nothing Phone (1),../spec_data/Nothing/Nothing Phone (1).csv,20220809,20220809
640,640,11,3,OnePlus 10 Pro,../spec_data/oneplus/OnePlus 10 Pro.csv,20220809,20220809
641,641,11,3,OnePlus 9,../spec_data/oneplus/OnePlus 9.csv,20220809,20220809
642,642,11,3,OnePlus 8T,../spec_data/oneplus/OnePlus 8T.csv,20220809,20220809
643,643,11,3,OnePlus Nord,../spec_data/oneplus/OnePlus Nord.csv,20220809,20220809
644,644,11,3,OnePlus 8,../spec_data/oneplus/OnePlus 8.csv,20220809,20220809
645,645,11,3,OnePlus 8 Pro,../spec_data/oneplus/OnePlus 8 Pro.csv,20220809,20220809
646,646,11,3,OnePlus 7,../spec_data/oneplus/OnePlus 7.csv,20220809,20220809
647,647,11,3,OnePlus 7 Pro,../spec_data/oneplus/OnePlus 7 Pro.csv,20220809,20220809
648,648,11,3,OnePlus 6T,../spec_data/oneplus/OnePlus 6T.csv,20220809,20220809
649,649,11,3,OnePlus 6,../spec_data/oneplus/OnePlus 6.csv,20220809,20220809
650,650,11,3,OnePlus 5T,../spec_data/oneplus/OnePlus 5T.csv,20220809,20220809
651,651,11,3,OnePlus 5,../spec_data/oneplus/OnePlus 5.csv,20220809,20220809
652,652,11,3,OnePlus 3T,../spec_data/oneplus/OnePlus 3T.csv,20220809,20220809
653,653,11,3,OnePlus 3,../spec_data/oneplus/OnePlus 3.csv,20220809,20220809
654,654,11,3,OnePlus 2,../spec_data/oneplus/OnePlus 2.csv,20220809,20220809
655,655,11,3,OnePlus One,../spec_data/oneplus/OnePlus One.csv,20220809,20220809
656,656,12,3,Oppo A77 5G,../spec_data/oppo/Oppo A77 5G.csv,20220809,20220809
657,657,12,3,Oppo Find X5 Pro,../spec_data/oppo/Oppo Find X5 Pro.csv,20220809,20220809
658,658,12,3,Oppo Reno 7 Pro,../spec_data/oppo/Oppo Reno 7 Pro.csv,20220809,20220809
659,659,12,3,Oppo Reno 7,../spec_data/oppo/Oppo Reno 7.csv,20220809,20220809
660,660,12,3,Oppo Reno6 5G,../spec_data/oppo/Oppo Reno6 5G.csv,20220809,20220809
661,661,12,3,Oppo Reno6 Pro 5G,../spec_data/oppo/Oppo Reno6 Pro 5G.csv,20220809,20220809
662,662,12,3,OPPO Find X3,../spec_data/oppo/OPPO Find X3.csv,20220809,20220809
663,663,12,3,OPPO Find X3 Pro,../spec_data/oppo/OPPO Find X3 Pro.csv,20220809,20220809
664,664,12,3,Oppo Reno5 5G,../spec_data/oppo/Oppo Reno5 5G.csv,20220809,20220809
665,665,12,3,Oppo Reno5 Pro 5G,../spec_data/oppo/Oppo Reno5 Pro 5G.csv,20220809,20220809
666,666,12,3,Oppo A72,../spec_data/oppo/Oppo A72.csv,20220809,20220809
667,667,12,3,Oppo Reno 4 Pro,../spec_data/oppo/Oppo Reno 4 Pro.csv,20220809,20220809
668,668,12,3,Oppo Reno4 Pro 5G,../spec_data/oppo/Oppo Reno4 Pro 5G.csv,20220809,20220809
669,669,12,3,Oppo Reno4Z 5G,../spec_data/oppo/Oppo Reno4Z 5G.csv,20220809,20220809
670,670,12,3,Oppo Reno4 5G,../spec_data/oppo/Oppo Reno4 5G.csv,20220809,20220809
671,671,12,3,Oppo Find X2 Pro,../spec_data/oppo/Oppo Find X2 Pro.csv,20220809,20220809
672,672,12,3,oppo A9 (2020),../spec_data/oppo/oppo A9 (2020).csv,20220809,20220809
673,673,12,3,Oppo Reno2 Z,../spec_data/oppo/Oppo Reno2 Z.csv,20220809,20220809
674,674,12,3,Oppo Reno2,../spec_data/oppo/Oppo Reno2.csv,20220809,20220809
675,675,12,3,Oppo Reno5 Z,../spec_data/oppo/Oppo Reno5 Z.csv,20220809,20220809
676,676,13,3,realme X50 5G,../spec_data/realme/realme X50 5G.csv,20220809,20220809
677,677,13,3,realme7 5G,../spec_data/realme/realme7 5G.csv,20220809,20220809
678,678,14,3,Samsung Galaxy A53 5G,../spec_data/samsung/Samsung Galaxy A53 5G.csv,20220809,20220809
679,679,14,3,Samsung Galaxy A33 5G,../spec_data/samsung/Samsung Galaxy A33 5G.csv,20220809,20220809
680,680,14,3,Samsung Galaxy M33 5G,../spec_data/samsung/Samsung Galaxy M33 5G.csv,20220809,20220809
681,681,14,3,Samsung Galaxy S22,../spec_data/samsung/Samsung Galaxy S22.csv,20220809,20220809
682,682,14,3,Samsung Galaxy S22+,../spec_data/samsung/Samsung Galaxy S22+.csv,20220809,20220809
683,683,14,3,Samsung Galaxy S22 Ultra,../spec_data/samsung/Samsung Galaxy S22 Ultra.csv,20220809,20220809
684,684,14,3,Samsung Galaxy S21 FE,../spec_data/samsung/Samsung Galaxy S21 FE.csv,20220809,20220809
685,685,14,3,Samsung Galaxy Z Flip 3,../spec_data/samsung/Samsung Galaxy Z Flip 3.csv,20220809,20220809
686,686,14,3,Samsung Galaxy Z Fold 3,../spec_data/samsung/Samsung Galaxy Z Fold 3.csv,20220809,20220809
687,687,14,3,Samsung Galaxy A22 5G,../spec_data/samsung/Samsung Galaxy A22 5G.csv,20220809,20220809
688,688,14,3,Samsung Galaxy Xcover 5,../spec_data/samsung/Samsung Galaxy Xcover 5.csv,20220809,20220809
689,689,14,3,Samsung Galaxy A52 5G,../spec_data/samsung/Samsung Galaxy A52 5G.csv,20220809,20220809
690,690,14,3,Samsung Galaxy A32 5G,../spec_data/samsung/Samsung Galaxy A32 5G.csv,20220809,20220809
691,691,14,3,Samsung Galaxy S21,../spec_data/samsung/Samsung Galaxy S21.csv,20220809,20220809
692,692,14,3,Samsung Galaxy S21+,../spec_data/samsung/Samsung Galaxy S21+.csv,20220809,20220809
693,693,14,3,Samsung Galaxy S21 Ultra,../spec_data/samsung/Samsung Galaxy S21 Ultra.csv,20220809,20220809
694,694,14,3,Samsung Galaxy A12,../spec_data/samsung/Samsung Galaxy A12.csv,20220809,20220809
695,695,14,3,Samsung Galaxy A42 5G,../spec_data/samsung/Samsung Galaxy A42 5G.csv,20220809,20220809
696,696,14,3,Samsung Galaxy S20 FE 5G,../spec_data/samsung/Samsung Galaxy S20 FE 5G.csv,20220809,20220809
697,697,14,3,Samsung Galaxy Z Fold 2 5G,../spec_data/samsung/Samsung Galaxy Z Fold 2 5G.csv,20220809,20220809
698,698,14,3,Samsung Galaxy Note 20,../spec_data/samsung/Samsung Galaxy Note 20.csv,20220809,20220809
699,699,14,3,Samsung Galaxy Note 20 Ultra,../spec_data/samsung/Samsung Galaxy Note 20 Ultra.csv,20220809,20220809
700,700,14,3,Samsung Galaxy Z Flip 5G,../spec_data/samsung/Samsung Galaxy Z Flip 5G.csv,20220809,20220809
701,701,14,3,Samsung Galaxy A21s,../spec_data/samsung/Samsung Galaxy A21s.csv,20220809,20220809
702,702,14,3,Samsung Galaxy S20+,../spec_data/samsung/Samsung Galaxy S20+.csv,20220809,20220809
703,703,14,3,Samsung Galaxy S20 Ultra,../spec_data/samsung/Samsung Galaxy S20 Ultra.csv,20220809,20220809
704,704,14,3,Samsung Galaxy S20,../spec_data/samsung/Samsung Galaxy S20.csv,20220809,20220809
705,705,14,3,Samsung Galaxy A31,../spec_data/samsung/Samsung Galaxy A31.csv,20220809,20220809
706,706,14,3,Samsung Galaxy Note 10 lite,../spec_data/samsung/Samsung Galaxy Note 10 lite.csv,20220809,20220809
707,707,14,3,Samsung Galaxy Z Flip,../spec_data/samsung/Samsung Galaxy Z Flip.csv,20220809,20220809
708,708,14,3,Samsung Galaxy A71,../spec_data/samsung/Samsung Galaxy A71.csv,20220809,20220809
709,709,14,3,Samsung Galaxy A51,../spec_data/samsung/Samsung Galaxy A51.csv,20220809,20220809
710,710,14,3,Samsung Galaxy Fold,../spec_data/samsung/Samsung Galaxy Fold.csv,20220809,20220809
711,711,14,3,Samsung Galaxy A50s,../spec_data/samsung/Samsung Galaxy A50s.csv,20220809,20220809
712,712,14,3,Samsung Galaxy Note 10+,../spec_data/samsung/Samsung Galaxy Note 10+.csv,20220809,20220809
713,713,14,3,Samsung Galaxy Note 10,../spec_data/samsung/Samsung Galaxy Note 10.csv,20220809,20220809
714,714,14,3,Samsung Galaxy A80,../spec_data/samsung/Samsung Galaxy A80.csv,20220809,20220809
715,715,14,3,Samsung Galaxy A60,../spec_data/samsung/Samsung Galaxy A60.csv,20220809,20220809
716,716,14,3,Samsung Galaxy A70,../spec_data/samsung/Samsung Galaxy A70.csv,20220809,20220809
717,717,14,3,Samsung Galaxy A20,../spec_data/samsung/Samsung Galaxy A20.csv,20220809,20220809
718,718,14,3,Samsung Galaxy A40s,../spec_data/samsung/Samsung Galaxy A40s.csv,20220809,20220809
719,719,14,3,Samsung Galaxy S10e,../spec_data/samsung/Samsung Galaxy S10e.csv,20220809,20220809
720,720,14,3,Samsung Galaxy S10,../spec_data/samsung/Samsung Galaxy S10.csv,20220809,20220809
721,721,14,3,Samsung Galaxy S10+,../spec_data/samsung/Samsung Galaxy S10+.csv,20220809,20220809
722,722,14,3,Samsung Galaxy A8s,../spec_data/samsung/Samsung Galaxy A8s.csv,20220809,20220809
723,723,14,3,Samsung Galaxy A7 2018,../spec_data/samsung/Samsung Galaxy A7 2018.csv,20220809,20220809
724,724,14,3,Samsung Galaxy A9 2018,../spec_data/samsung/Samsung Galaxy A9 2018.csv,20220809,20220809
725,725,14,3,Samsung Galaxy J4+,../spec_data/samsung/Samsung Galaxy J4+.csv,20220809,20220809
726,726,14,3,Samsung Galaxy Note 9,../spec_data/samsung/Samsung Galaxy Note 9.csv,20220809,20220809
727,727,14,3,Samsung Galaxy J6,../spec_data/samsung/Samsung Galaxy J6.csv,20220809,20220809
728,728,14,3,Samsung Galaxy A6+,../spec_data/samsung/Samsung Galaxy A6+.csv,20220809,20220809
729,729,14,3,Samsung Galaxy A8 Star,../spec_data/samsung/Samsung Galaxy A8 Star.csv,20220809,20220809
730,730,14,3,Samsung Galaxy S9,../spec_data/samsung/Samsung Galaxy S9.csv,20220809,20220809
731,731,14,3,Samsung Galaxy S9+,../spec_data/samsung/Samsung Galaxy S9+.csv,20220809,20220809
732,732,14,3,Samsung Galaxy A8+ (2018),../spec_data/samsung/Samsung Galaxy A8+ (2018).csv,20220809,20220809
733,733,14,3,Samsung Galaxy C8,../spec_data/samsung/Samsung Galaxy C8.csv,20220809,20220809
734,734,14,3,Samsung Galaxy Note 8,../spec_data/samsung/Samsung Galaxy Note 8.csv,20220809,20220809
735,735,14,3,Samsung Galaxy S8,../spec_data/samsung/Samsung Galaxy S8.csv,20220809,20220809
736,736,14,3,Samsung Galaxy S8+,../spec_data/samsung/Samsung Galaxy S8+.csv,20220809,20220809
737,737,14,3,Samsung Galaxy C7 Pro,../spec_data/samsung/Samsung Galaxy C7 Pro.csv,20220809,20220809
738,738,14,3,Samsung Galaxy C5 Pro,../spec_data/samsung/Samsung Galaxy C5 Pro.csv,20220809,20220809
739,739,14,3,Samsung Galaxy A3 2017,../spec_data/samsung/Samsung Galaxy A3 2017.csv,20220809,20220809
740,740,14,3,Samsung Galaxy A5 2017,../spec_data/samsung/Samsung Galaxy A5 2017.csv,20220809,20220809
741,741,14,3,Samsung Galaxy A7 2017,../spec_data/samsung/Samsung Galaxy A7 2017.csv,20220809,20220809
742,742,14,3,Samsung Galaxy C9 Pro,../spec_data/samsung/Samsung Galaxy C9 Pro.csv,20220809,20220809
743,743,14,3,Samsung Galaxy J5 Prime,../spec_data/samsung/Samsung Galaxy J5 Prime.csv,20220809,20220809
744,744,14,3,Samsung Galaxy J7 Prime,../spec_data/samsung/Samsung Galaxy J7 Prime.csv,20220809,20220809
745,745,14,3,Samsung Galaxy Note 7,../spec_data/samsung/Samsung Galaxy Note 7.csv,20220809,20220809
746,746,14,3,Samsung Galaxy C7,../spec_data/samsung/Samsung Galaxy C7.csv,20220809,20220809
747,747,14,3,Samsung Galaxy C5,../spec_data/samsung/Samsung Galaxy C5.csv,20220809,20220809
748,748,14,3,Samsung Galaxy S7,../spec_data/samsung/Samsung Galaxy S7.csv,20220809,20220809
749,749,14,3,Samsung Galaxy S7 Edge,../spec_data/samsung/Samsung Galaxy S7 Edge.csv,20220809,20220809
750,750,14,3,Samsung Galaxy A9 2016,../spec_data/samsung/Samsung Galaxy A9 2016.csv,20220809,20220809
751,751,14,3,Samsung Galaxy A5 2016,../spec_data/samsung/Samsung Galaxy A5 2016.csv,20220809,20220809
752,752,14,3,Samsung Galaxy A7 2016,../spec_data/samsung/Samsung Galaxy A7 2016.csv,20220809,20220809
753,753,14,3,Samsung Galaxy Note 5,../spec_data/samsung/Samsung Galaxy Note 5.csv,20220809,20220809
754,754,14,3,Samsung Galaxy S6 Edge+,../spec_data/samsung/Samsung Galaxy S6 Edge+.csv,20220809,20220809
755,755,14,3,Samsung Galaxy A8,../spec_data/samsung/Samsung Galaxy A8.csv,20220809,20220809
756,756,14,3,Samsung Galaxy J5,../spec_data/samsung/Samsung Galaxy J5.csv,20220809,20220809
757,757,14,3,Samsung Galaxy J7 (2016),../spec_data/samsung/Samsung Galaxy J7 (2016).csv,20220809,20220809
758,758,14,3,Samsung Galaxy S6,../spec_data/samsung/Samsung Galaxy S6.csv,20220809,20220809
759,759,14,3,Samsung Galaxy S6 Edge,../spec_data/samsung/Samsung Galaxy S6 Edge.csv,20220809,20220809
760,760,14,3,Samsung Galaxy J1,../spec_data/samsung/Samsung Galaxy J1.csv,20220809,20220809
761,761,14,3,Samsung Galaxy A7,../spec_data/samsung/Samsung Galaxy A7.csv,20220809,20220809
762,762,14,3,Samsung Galaxy E7,../spec_data/samsung/Samsung Galaxy E7.csv,20220809,20220809
763,763,14,3,Samsung Galaxy A3,../spec_data/samsung/Samsung Galaxy A3.csv,20220809,20220809
764,764,14,3,Samsung Galaxy A5,../spec_data/samsung/Samsung Galaxy A5.csv,20220809,20220809
765,765,14,3,Samsung Galaxy Note 4 雙咭版,../spec_data/samsung/Samsung Galaxy Note 4 雙咭版.csv,20220809,20220809
766,766,14,3,Samsung Galaxy Note Edge,../spec_data/samsung/Samsung Galaxy Note Edge.csv,20220809,20220809
767,767,14,3,Samsung Galaxy Note 4,../spec_data/samsung/Samsung Galaxy Note 4.csv,20220809,20220809
768,768,14,3,Samsung Galaxy Mega 2,../spec_data/samsung/Samsung Galaxy Mega 2.csv,20220809,20220809
769,769,14,3,Samsung Galaxy Alpha,../spec_data/samsung/Samsung Galaxy Alpha.csv,20220809,20220809
770,770,14,3,Samsung Galaxy Grand Prime,../spec_data/samsung/Samsung Galaxy Grand Prime.csv,20220809,20220809
771,771,14,3,Samsung Galaxy Grand 2,../spec_data/samsung/Samsung Galaxy Grand 2.csv,20220809,20220809
772,772,14,3,Samsung Galaxy S5,../spec_data/samsung/Samsung Galaxy S5.csv,20220809,20220809
773,773,14,3,Samsung Galaxy Grand Neo,../spec_data/samsung/Samsung Galaxy Grand Neo.csv,20220809,20220809
774,774,14,3,Samsung Galaxy Star Trios,../spec_data/samsung/Samsung Galaxy Star Trios.csv,20220809,20220809
775,775,14,3,Samsung Galaxy Note 3 Neo,../spec_data/samsung/Samsung Galaxy Note 3 Neo.csv,20220809,20220809
776,776,14,3,Samsung Galaxy Note 3 Neo Duo,../spec_data/samsung/Samsung Galaxy Note 3 Neo Duo.csv,20220809,20220809
777,777,14,3,Samsung Galaxy Golden,../spec_data/samsung/Samsung Galaxy Golden.csv,20220809,20220809
778,778,14,3,Samsung Galaxy Express 2,../spec_data/samsung/Samsung Galaxy Express 2.csv,20220809,20220809
779,779,14,3,Samsung Galaxy Trend Lite,../spec_data/samsung/Samsung Galaxy Trend Lite.csv,20220809,20220809
780,780,14,3,Samsung Galaxy Note 3 3G,../spec_data/samsung/Samsung Galaxy Note 3 3G.csv,20220809,20220809
781,781,14,3,Samsung Galaxy Note 3 LTE,../spec_data/samsung/Samsung Galaxy Note 3 LTE.csv,20220809,20220809
782,782,14,3,Samsung Galaxy Round,../spec_data/samsung/Samsung Galaxy Round.csv,20220809,20220809
783,783,14,3,Samsung Galaxy Ace 3 3G,../spec_data/samsung/Samsung Galaxy Ace 3 3G.csv,20220809,20220809
784,784,14,3,Samsung Galaxy S5 mini,../spec_data/samsung/Samsung Galaxy S5 mini.csv,20220809,20220809
785,785,14,3,Samsung Galaxy S4 Zoom,../spec_data/samsung/Samsung Galaxy S4 Zoom.csv,20220809,20220809
786,786,14,3,Samsung Galaxy Ace 3 Duo,../spec_data/samsung/Samsung Galaxy Ace 3 Duo.csv,20220809,20220809
787,787,14,3,Samsung Galaxy Ace 3 4G LTE,../spec_data/samsung/Samsung Galaxy Ace 3 4G LTE.csv,20220809,20220809
788,788,14,3,Samsung Galaxy Core,../spec_data/samsung/Samsung Galaxy Core.csv,20220809,20220809
789,789,14,3,Samsung Galaxy S4 mini,../spec_data/samsung/Samsung Galaxy S4 mini.csv,20220809,20220809
790,790,14,3,Samsung Galaxy Mega 5.8,../spec_data/samsung/Samsung Galaxy Mega 5.8.csv,20220809,20220809
791,791,14,3,Samsung Galaxy Mega 6.3,../spec_data/samsung/Samsung Galaxy Mega 6.3.csv,20220809,20220809
792,792,14,3,Samsung Galaxy Win,../spec_data/samsung/Samsung Galaxy Win.csv,20220809,20220809
793,793,14,3,Samsung Galaxy Express,../spec_data/samsung/Samsung Galaxy Express.csv,20220809,20220809
794,794,14,3,Samsung Galaxy S4 LTE,../spec_data/samsung/Samsung Galaxy S4 LTE.csv,20220809,20220809
795,795,14,3,Samsung Galaxy S4 3G,../spec_data/samsung/Samsung Galaxy S4 3G.csv,20220809,20220809
796,796,14,3,Samsung ATIV S,../spec_data/samsung/Samsung ATIV S.csv,20220809,20220809
797,797,14,3,Samsung Galaxy S II Plus,../spec_data/samsung/Samsung Galaxy S II Plus.csv,20220809,20220809
798,798,14,3,Samsung Galaxy S3 Neo+,../spec_data/samsung/Samsung Galaxy S3 Neo+.csv,20220809,20220809
799,799,14,3,Samsung Galaxy Premier,../spec_data/samsung/Samsung Galaxy Premier.csv,20220809,20220809
800,800,14,3,Samsung Galaxy S III Mini,../spec_data/samsung/Samsung Galaxy S III Mini.csv,20220809,20220809
801,801,14,3,Samsung Galaxy S Duos,../spec_data/samsung/Samsung Galaxy S Duos.csv,20220809,20220809
802,802,14,3,Samsung Galaxy Note 2 LTE,../spec_data/samsung/Samsung Galaxy Note 2 LTE.csv,20220809,20220809
803,803,14,3,Samsung Galaxy S III LTE (S3 LTE),../spec_data/samsung/Samsung Galaxy S III LTE (S3 LTE).csv,20220809,20220809
804,804,14,3,Samsung Galaxy Note 2,../spec_data/samsung/Samsung Galaxy Note 2.csv,20220809,20220809
805,805,14,3,Samsung Galaxy Note LTE,../spec_data/samsung/Samsung Galaxy Note LTE.csv,20220809,20220809
806,806,14,3,Samsung Galaxy Ace Duos,../spec_data/samsung/Samsung Galaxy Ace Duos.csv,20220809,20220809
807,807,14,3,Samsung Galaxy Ace 2,../spec_data/samsung/Samsung Galaxy Ace 2.csv,20220809,20220809
808,808,14,3,Samsung Galaxy Chat,../spec_data/samsung/Samsung Galaxy Chat.csv,20220809,20220809
809,809,14,3,Samsung Galaxy S3,../spec_data/samsung/Samsung Galaxy S3.csv,20220809,20220809
810,810,14,3,Samsung Galaxy S Advance,../spec_data/samsung/Samsung Galaxy S Advance.csv,20220809,20220809
811,811,14,3,Samsung Galaxy Mini 2,../spec_data/samsung/Samsung Galaxy Mini 2.csv,20220809,20220809
812,812,14,3,Samsung Galaxy Pocket,../spec_data/samsung/Samsung Galaxy Pocket.csv,20220809,20220809
813,813,14,3,Samsung Galaxy Beam,../spec_data/samsung/Samsung Galaxy Beam.csv,20220809,20220809
814,814,14,3,Samsung Galaxy Tab 2 10.1,../spec_data/samsung/Samsung Galaxy Tab 2 10.1.csv,20220809,20220809
815,815,14,3,Samsung Galaxy Tab 2 7.0,../spec_data/samsung/Samsung Galaxy Tab 2 7.0.csv,20220809,20220809
816,816,14,3,Samsung Galaxy Tab 8.9 LTE,../spec_data/samsung/Samsung Galaxy Tab 8.9 LTE.csv,20220809,20220809
817,817,14,3,Samsung Galaxy S II LTE,../spec_data/samsung/Samsung Galaxy S II LTE.csv,20220809,20220809
818,818,14,3,Samsung Galaxy Ace Plus,../spec_data/samsung/Samsung Galaxy Ace Plus.csv,20220809,20220809
819,819,14,3,Samsung Galaxy Nexus 3G,../spec_data/samsung/Samsung Galaxy Nexus 3G.csv,20220809,20220809
820,820,14,3,Samsung Galaxy Tab 7.7 3G,../spec_data/samsung/Samsung Galaxy Tab 7.7 3G.csv,20220809,20220809
821,821,14,3,Samsung Galaxy Tab 7.0 Plus,../spec_data/samsung/Samsung Galaxy Tab 7.0 Plus.csv,20220809,20220809
822,822,14,3,Samsung Galaxy Note,../spec_data/samsung/Samsung Galaxy Note.csv,20220809,20220809
823,823,14,3,Samsung Galaxy R,../spec_data/samsung/Samsung Galaxy R.csv,20220809,20220809
824,824,14,3,Samsung Galaxy Y Pro,../spec_data/samsung/Samsung Galaxy Y Pro.csv,20220809,20220809
825,825,14,3,Samsung Galaxy W,../spec_data/samsung/Samsung Galaxy W.csv,20220809,20220809
826,826,14,3,Samsung Galaxy M Pro,../spec_data/samsung/Samsung Galaxy M Pro.csv,20220809,20220809
827,827,14,3,Samsung Galaxy Y,../spec_data/samsung/Samsung Galaxy Y.csv,20220809,20220809
828,828,14,3,Samsung Galaxy S Plus I9001,../spec_data/samsung/Samsung Galaxy S Plus I9001.csv,20220809,20220809
829,829,14,3,Samsung Galaxy S II I9100,../spec_data/samsung/Samsung Galaxy S II I9100.csv,20220809,20220809
830,830,14,3,Samsung Champ DUOS,../spec_data/samsung/Samsung Champ DUOS.csv,20220809,20220809
831,831,14,3,Samsung Galaxy Gio S5660,../spec_data/samsung/Samsung Galaxy Gio S5660.csv,20220809,20220809
832,832,14,3,Samsung Google Nexus S i9023,../spec_data/samsung/Samsung Google Nexus S i9023.csv,20220809,20220809
833,833,14,3,Samsung Galaxy SL I9003,../spec_data/samsung/Samsung Galaxy SL I9003.csv,20220809,20220809
834,834,14,3,Samsung Galaxy Pro,../spec_data/samsung/Samsung Galaxy Pro.csv,20220809,20220809
835,835,14,3,Samsung Galaxy Ace S5830,../spec_data/samsung/Samsung Galaxy Ace S5830.csv,20220809,20220809
836,836,14,3,Samsung Galaxy Mini S5570,../spec_data/samsung/Samsung Galaxy Mini S5570.csv,20220809,20220809
837,837,15,3,Sony Xperia 10 IV,../spec_data/sony/Sony Xperia 10 IV.csv,20220809,20220809
838,838,15,3,Sony Xperia 1 IV,../spec_data/sony/Sony Xperia 1 IV.csv,20220809,20220809
839,839,15,3,Sony Xperia Pro-I,../spec_data/sony/Sony Xperia Pro-I.csv,20220809,20220809
840,840,15,3,Sony Xperia 1 III,../spec_data/sony/Sony Xperia 1 III.csv,20220809,20220809
841,841,15,3,Sony Xperia 5 III,../spec_data/sony/Sony Xperia 5 III.csv,20220809,20220809
842,842,15,3,Sony Xperia 10 III,../spec_data/sony/Sony Xperia 10 III.csv,20220809,20220809
843,843,15,3,Sony Xperia 5 II,../spec_data/sony/Sony Xperia 5 II.csv,20220809,20220809
844,844,15,3,Sony Xperia 1 II,../spec_data/sony/Sony Xperia 1 II.csv,20220809,20220809
845,845,15,3,Sony Xperia 5,../spec_data/sony/Sony Xperia 5.csv,20220809,20220809
846,846,15,3,Sony Xperia 1,../spec_data/sony/Sony Xperia 1.csv,20220809,20220809
847,847,15,3,Sony Xperia 10 II,../spec_data/sony/Sony Xperia 10 II.csv,20220809,20220809
848,848,15,3,Sony Xperia L3,../spec_data/sony/Sony Xperia L3.csv,20220809,20220809
849,849,15,3,Sony Xperia 10,../spec_data/sony/Sony Xperia 10.csv,20220809,20220809
850,850,15,3,Sony Xperia 10 Plus,../spec_data/sony/Sony Xperia 10 Plus.csv,20220809,20220809
851,851,15,3,Sony Xperia XZ3,../spec_data/sony/Sony Xperia XZ3.csv,20220809,20220809
852,852,15,3,Sony Xperia XA2 Plus,../spec_data/sony/Sony Xperia XA2 Plus.csv,20220809,20220809
853,853,15,3,Sony Xperia XZ2 Premium,../spec_data/sony/Sony Xperia XZ2 Premium.csv,20220809,20220809
854,854,15,3,Sony Xperia XZ2,../spec_data/sony/Sony Xperia XZ2.csv,20220809,20220809
855,855,15,3,Sony Xperia XZ2 Compact,../spec_data/sony/Sony Xperia XZ2 Compact.csv,20220809,20220809
856,856,15,3,Sony Xperia L2,../spec_data/sony/Sony Xperia L2.csv,20220809,20220809
857,857,15,3,Sony Xperia XZ1,../spec_data/sony/Sony Xperia XZ1.csv,20220809,20220809
858,858,15,3,Sony Xperia XZ1 Compact,../spec_data/sony/Sony Xperia XZ1 Compact.csv,20220809,20220809
859,859,15,3,Sony Xperia XA1 Plus,../spec_data/sony/Sony Xperia XA1 Plus.csv,20220809,20220809
860,860,15,3,Sony Xperia XZ Premium,../spec_data/sony/Sony Xperia XZ Premium.csv,20220809,20220809
861,861,15,3,Sony Xperia XA1 Ultra,../spec_data/sony/Sony Xperia XA1 Ultra.csv,20220809,20220809
862,862,15,3,Sony Xperia XA2,../spec_data/sony/Sony Xperia XA2.csv,20220809,20220809
863,863,15,3,Sony Xperia XA1,../spec_data/sony/Sony Xperia XA1.csv,20220809,20220809
864,864,15,3,Sony Xperia L1,../spec_data/sony/Sony Xperia L1.csv,20220809,20220809
865,865,15,3,Sony Xperia XZs,../spec_data/sony/Sony Xperia XZs.csv,20220809,20220809
866,866,15,3,Sony Xperia XA2 Ultra,../spec_data/sony/Sony Xperia XA2 Ultra.csv,20220809,20220809
867,867,15,3,Sony Xperia X Compact,../spec_data/sony/Sony Xperia X Compact.csv,20220809,20220809
868,868,15,3,Sony Xperia XZ,../spec_data/sony/Sony Xperia XZ.csv,20220809,20220809
869,869,15,3,Sony Xperia XA Ultra,../spec_data/sony/Sony Xperia XA Ultra.csv,20220809,20220809
870,870,15,3,Sony Xperia XA,../spec_data/sony/Sony Xperia XA.csv,20220809,20220809
871,871,15,3,Sony Xperia X,../spec_data/sony/Sony Xperia X.csv,20220809,20220809
872,872,15,3,Sony Xperia X Performance,../spec_data/sony/Sony Xperia X Performance.csv,20220809,20220809
873,873,15,3,Sony Xperia Z5 Compact,../spec_data/sony/Sony Xperia Z5 Compact.csv,20220809,20220809
874,874,15,3,Sony Xperia Z5,../spec_data/sony/Sony Xperia Z5.csv,20220809,20220809
875,875,15,3,Sony Xperia Z5  Premium,../spec_data/sony/Sony Xperia Z5  Premium.csv,20220809,20220809
876,876,15,3,Sony Xperia C5 Ultra Dual,../spec_data/sony/Sony Xperia C5 Ultra Dual.csv,20220809,20220809
877,877,15,3,Sony Xperia M5 Dual,../spec_data/sony/Sony Xperia M5 Dual.csv,20220809,20220809
878,878,15,3,Sony Xperia M4 Aqua Dual,../spec_data/sony/Sony Xperia M4 Aqua Dual.csv,20220809,20220809
879,879,15,3,Sony Xperia C4 Dual,../spec_data/sony/Sony Xperia C4 Dual.csv,20220809,20220809
880,880,15,3,Sony Xperia Z3+,../spec_data/sony/Sony Xperia Z3+.csv,20220809,20220809
881,881,15,3,Sony Xperia Z3+ Dual,../spec_data/sony/Sony Xperia Z3+ Dual.csv,20220809,20220809
882,882,15,3,Sony Xperia E4,../spec_data/sony/Sony Xperia E4.csv,20220809,20220809
883,883,15,3,Sony Xperia E4g,../spec_data/sony/Sony Xperia E4g.csv,20220809,20220809
884,884,15,3,Sony Xperia E3,../spec_data/sony/Sony Xperia E3.csv,20220809,20220809
885,885,15,3,Sony Xperia M2 Auqa,../spec_data/sony/Sony Xperia M2 Auqa.csv,20220809,20220809
886,886,15,3,Sony Xperia Z3 Compact,../spec_data/sony/Sony Xperia Z3 Compact.csv,20220809,20220809
887,887,15,3,Sony Xperia Z3,../spec_data/sony/Sony Xperia Z3.csv,20220809,20220809
888,888,15,3,Sony Xperia C3,../spec_data/sony/Sony Xperia C3.csv,20220809,20220809
889,889,15,3,Sony Xperia M2,../spec_data/sony/Sony Xperia M2.csv,20220809,20220809
890,890,15,3,Sony Xperia Z2,../spec_data/sony/Sony Xperia Z2.csv,20220809,20220809
891,891,15,3,Sony Xperia Z4,../spec_data/sony/Sony Xperia Z4.csv,20220809,20220809
892,892,15,3,Sony Xperia T2 Ultra 4G,../spec_data/sony/Sony Xperia T2 Ultra 4G.csv,20220809,20220809
893,893,15,3,Sony Xperia T2 Ultra Dual,../spec_data/sony/Sony Xperia T2 Ultra Dual.csv,20220809,20220809
894,894,15,3,Sony Xperia T3,../spec_data/sony/Sony Xperia T3.csv,20220809,20220809
895,895,15,3,Sony Xperia Z1 Compact,../spec_data/sony/Sony Xperia Z1 Compact.csv,20220809,20220809
896,896,15,3,Sony Xperia Z1,../spec_data/sony/Sony Xperia Z1.csv,20220809,20220809
897,897,15,3,Sony Xperia Z Ultra 4G,../spec_data/sony/Sony Xperia Z Ultra 4G.csv,20220809,20220809
898,898,15,3,Sony Xperia Z Ultra 3G,../spec_data/sony/Sony Xperia Z Ultra 3G.csv,20220809,20220809
899,899,15,3,Sony Xperia M,../spec_data/sony/Sony Xperia M.csv,20220809,20220809
900,900,15,3,Sony Xperia C,../spec_data/sony/Sony Xperia C.csv,20220809,20220809
901,901,15,3,Sony Xperia ZR,../spec_data/sony/Sony Xperia ZR.csv,20220809,20220809
902,902,15,3,Sony Xperia SP,../spec_data/sony/Sony Xperia SP.csv,20220809,20220809
903,903,15,3,Sony Xperia L,../spec_data/sony/Sony Xperia L.csv,20220809,20220809
904,904,15,3,Sony Xperia Z,../spec_data/sony/Sony Xperia Z.csv,20220809,20220809
905,905,15,3,Sony Xperia ZL,../spec_data/sony/Sony Xperia ZL.csv,20220809,20220809
906,906,15,3,Sony Xperia T,../spec_data/sony/Sony Xperia T.csv,20220809,20220809
907,907,15,3,Sony Xperia TX,../spec_data/sony/Sony Xperia TX.csv,20220809,20220809
908,908,15,3,Sony Xperia V,../spec_data/sony/Sony Xperia V.csv,20220809,20220809
909,909,15,3,Sony Xperia J,../spec_data/sony/Sony Xperia J.csv,20220809,20220809
910,910,15,3,Sony Xperia SL,../spec_data/sony/Sony Xperia SL.csv,20220809,20220809
911,911,15,3,Sony XPERIA miro,../spec_data/sony/Sony XPERIA miro.csv,20220809,20220809
912,912,15,3,Sony XPERIA tipo dual,../spec_data/sony/Sony XPERIA tipo dual.csv,20220809,20220809
913,913,15,3,Sony Xperia go,../spec_data/sony/Sony Xperia go.csv,20220809,20220809
914,914,15,3,Sony Xperia acro S,../spec_data/sony/Sony Xperia acro S.csv,20220809,20220809
915,915,15,3,Sony XPERIA Neo L,../spec_data/sony/Sony XPERIA Neo L.csv,20220809,20220809
916,916,15,3,Sony Xperia Sola,../spec_data/sony/Sony Xperia Sola.csv,20220809,20220809
917,917,15,3,Sony Xperia P,../spec_data/sony/Sony Xperia P.csv,20220809,20220809
918,918,15,3,Sony Xperia U,../spec_data/sony/Sony Xperia U.csv,20220809,20220809
919,919,15,3,Sony Xperia S,../spec_data/sony/Sony Xperia S.csv,20220809,20220809
920,920,15,3,Sony Xperia ion LT28i,../spec_data/sony/Sony Xperia ion LT28i.csv,20220809,20220809
921,921,15,3,Sony Xperia ion LT28h,../spec_data/sony/Sony Xperia ion LT28h.csv,20220809,20220809
922,922,16,3,uleFone Note 12P,../spec_data/ule/uleFone Note 12P.csv,20220809,20220809
923,923,17,3,vivo X80 Pro,../spec_data/vivo/vivo X80 Pro.csv,20220809,20220809
924,924,17,3,vivo X80,../spec_data/vivo/vivo X80.csv,20220809,20220809
925,925,17,3,vivo V23 5G,../spec_data/vivo/vivo V23 5G.csv,20220809,20220809
926,926,17,3,vivo X70 Pro,../spec_data/vivo/vivo X70 Pro.csv,20220809,20220809
927,927,17,3,vivo X70,../spec_data/vivo/vivo X70.csv,20220809,20220809
928,928,17,3,vivo X60,../spec_data/vivo/vivo X60.csv,20220809,20220809
929,929,17,3,vivo X60 Pro+,../spec_data/vivo/vivo X60 Pro+.csv,20220809,20220809
930,930,17,3,vivo X60 Pro,../spec_data/vivo/vivo X60 Pro.csv,20220809,20220809
931,931,17,3,vivo X50e,../spec_data/vivo/vivo X50e.csv,20220809,20220809
932,932,17,3,vivo Y12s,../spec_data/vivo/vivo Y12s.csv,20220809,20220809
933,933,17,3,vivo Y20s,../spec_data/vivo/vivo Y20s.csv,20220809,20220809
934,934,17,3,vivo X50 Pro,../spec_data/vivo/vivo X50 Pro.csv,20220809,20220809
935,935,17,3,vivo X50,../spec_data/vivo/vivo X50.csv,20220809,20220809
936,936,17,3,vivo V21 5G,../spec_data/vivo/vivo V21 5G.csv,20220809,20220809
937,937,17,3,vivo Y50,../spec_data/vivo/vivo Y50.csv,20220809,20220809
938,938,17,3,vivo Y15 2020,../spec_data/vivo/vivo Y15 2020.csv,20220809,20220809
939,939,17,3,vivo V17,../spec_data/vivo/vivo V17.csv,20220809,20220809
940,940,17,3,vivo Y19,../spec_data/vivo/vivo Y19.csv,20220809,20220809
941,941,17,3,vivo V17Pro,../spec_data/vivo/vivo V17Pro.csv,20220809,20220809
942,942,17,3,vivo Y12,../spec_data/vivo/vivo Y12.csv,20220809,20220809
943,943,17,3,vivo NEX 3,../spec_data/vivo/vivo NEX 3.csv,20220809,20220809
944,944,17,3,vivo S1,../spec_data/vivo/vivo S1.csv,20220809,20220809
945,945,17,3,vivo Y17,../spec_data/vivo/vivo Y17.csv,20220809,20220809
946,946,17,3,vivo V15Pro,../spec_data/vivo/vivo V15Pro.csv,20220809,20220809
947,947,17,3,vivo NEX Dual Display Edition,../spec_data/vivo/vivo NEX Dual Display Edition.csv,20220809,20220809
948,948,17,3,vivo Y81,../spec_data/vivo/vivo Y81.csv,20220809,20220809
949,949,17,3,vivo V11,../spec_data/vivo/vivo V11.csv,20220809,20220809
950,950,17,3,vivo NEX,../spec_data/vivo/vivo NEX.csv,20220809,20220809
951,951,17,3,vivo X21,../spec_data/vivo/vivo X21.csv,20220809,20220809
952,952,17,3,vivo V7,../spec_data/vivo/vivo V7.csv,20220809,20220809
953,953,17,3,vivo X20 Plus,../spec_data/vivo/vivo X20 Plus.csv,20220809,20220809
954,954,17,3,vivo X20,../spec_data/vivo/vivo X20.csv,20220809,20220809
955,955,18,3,小米 Xiaomi 12 Lite,../spec_data/miui/小米 Xiaomi 12 Lite.csv,20220809,20220809
956,956,18,3,黑鯊 5 Pro,../spec_data/miui/黑鯊 5 Pro.csv,20220809,20220809
957,957,18,3,小米 Poco F4 GT,../spec_data/miui/小米 Poco F4 GT.csv,20220809,20220809
958,958,18,3,小米 Redmi Note 11S 5G,../spec_data/miui/小米 Redmi Note 11S 5G.csv,20220809,20220809
959,959,18,3,小米 Redmi 10C,../spec_data/miui/小米 Redmi 10C.csv,20220809,20220809
960,960,18,3,小米 Redmi Note 11 Pro,../spec_data/miui/小米 Redmi Note 11 Pro.csv,20220809,20220809
961,961,18,3,小米 Redmi Note 11 Pro+ 5G,../spec_data/miui/小米 Redmi Note 11 Pro+ 5G.csv,20220809,20220809
962,962,18,3,小米 Redmi Note 11 Pro 5G,../spec_data/miui/小米 Redmi Note 11 Pro 5G.csv,20220809,20220809
963,963,18,3,小米 Xiaomi 12X,../spec_data/miui/小米 Xiaomi 12X.csv,20220809,20220809
964,964,18,3,小米 Xiaomi 12,../spec_data/miui/小米 Xiaomi 12.csv,20220809,20220809
965,965,18,3,小米 Xiaomi 12 Pro,../spec_data/miui/小米 Xiaomi 12 Pro.csv,20220809,20220809
966,966,18,3,小米 Poco M4 Pro 4G,../spec_data/miui/小米 Poco M4 Pro 4G.csv,20220809,20220809
967,967,18,3,小米 Poco X4 Pro 5G,../spec_data/miui/小米 Poco X4 Pro 5G.csv,20220809,20220809
968,968,18,3,小米 Redmi Note 11S,../spec_data/miui/小米 Redmi Note 11S.csv,20220809,20220809
969,969,18,3,小米 Redmi Note 11,../spec_data/miui/小米 Redmi Note 11.csv,20220809,20220809
970,970,18,3,小米 Poco M4 Pro 5G,../spec_data/miui/小米 Poco M4 Pro 5G.csv,20220809,20220809
971,971,18,3,小米 Redmi 10,../spec_data/miui/小米 Redmi 10.csv,20220809,20220809
972,972,18,3,小米 Mi 11 Lite 5G NE,../spec_data/miui/小米 Mi 11 Lite 5G NE.csv,20220809,20220809
973,973,18,3,小米 Poco X3 GT,../spec_data/miui/小米 Poco X3 GT.csv,20220809,20220809
974,974,18,3,小米 POCO M3 Pro,../spec_data/miui/小米 POCO M3 Pro.csv,20220809,20220809
975,975,18,3,小米 Redmi Note 10 5G,../spec_data/miui/小米 Redmi Note 10 5G.csv,20220809,20220809
976,976,18,3,小米 Redmi 9A,../spec_data/miui/小米 Redmi 9A.csv,20220809,20220809
977,977,18,3,小米 Mi 11i,../spec_data/miui/小米 Mi 11i.csv,20220809,20220809
978,978,18,3,小米 Redmi 9C,../spec_data/miui/小米 Redmi 9C.csv,20220809,20220809
979,979,18,3,小米黑鯊 4,../spec_data/miui/小米黑鯊 4.csv,20220809,20220809
980,980,18,3,小米 Mi 11 Lite 5G,../spec_data/miui/小米 Mi 11 Lite 5G.csv,20220809,20220809
981,981,18,3,小米 Mi 11 Ultra,../spec_data/miui/小米 Mi 11 Ultra.csv,20220809,20220809
982,982,18,3,小米 Redmi Note 10 Pro,../spec_data/miui/小米 Redmi Note 10 Pro.csv,20220809,20220809
983,983,18,3,小米 Redmi Note 10,../spec_data/miui/小米 Redmi Note 10.csv,20220809,20220809
984,984,18,3,小米 11 Lite,../spec_data/miui/小米 11 Lite.csv,20220809,20220809
985,985,18,3,小米 Redmi 9T,../spec_data/miui/小米 Redmi 9T.csv,20220809,20220809
986,986,18,3,小米 Mi 11,../spec_data/miui/小米 Mi 11.csv,20220809,20220809
987,987,18,3,小米 Redmi Note 9T 5G,../spec_data/miui/小米 Redmi Note 9T 5G.csv,20220809,20220809
988,988,18,3,小米 Poco M3,../spec_data/miui/小米 Poco M3.csv,20220809,20220809
989,989,18,3,小米 Mi 10T Pro,../spec_data/miui/小米 Mi 10T Pro.csv,20220809,20220809
990,990,18,3,小米 Mi 10T Lite,../spec_data/miui/小米 Mi 10T Lite.csv,20220809,20220809
991,991,18,3,小米 Mi 10T,../spec_data/miui/小米 Mi 10T.csv,20220809,20220809
992,992,18,3,小米 Xiaomi 11T Pro,../spec_data/miui/小米 Xiaomi 11T Pro.csv,20220809,20220809
993,993,18,3,小米 Xiaomi 11T,../spec_data/miui/小米 Xiaomi 11T.csv,20220809,20220809
994,994,18,3,小米 Poco X3 NFC,../spec_data/miui/小米 Poco X3 NFC.csv,20220809,20220809
995,995,18,3,小米 Redmi 9,../spec_data/miui/小米 Redmi 9.csv,20220809,20220809
996,996,18,3,小米 Poco F2 Pro,../spec_data/miui/小米 Poco F2 Pro.csv,20220809,20220809
997,997,18,3,小米 10 lite 5G,../spec_data/miui/小米 10 lite 5G.csv,20220809,20220809
998,998,18,3,黑鯊 3,../spec_data/miui/黑鯊 3.csv,20220809,20220809
999,999,18,3,黑鯊 3 Pro,../spec_data/miui/黑鯊 3 Pro.csv,20220809,20220809
1000,1000,18,3,Redmi Note 9 Pro,../spec_data/miui/Redmi Note 9 Pro.csv,20220809,20220809
1001,1001,18,3,小米 10,../spec_data/miui/小米 10.csv,20220809,20220809
1002,1002,18,3,小米 10 Pro,../spec_data/miui/小米 10 Pro.csv,20220809,20220809
1003,1003,18,3,小米 9 lite,../spec_data/miui/小米 9 lite.csv,20220809,20220809
1004,1004,18,3,Redmi Note 8T,../spec_data/miui/Redmi Note 8T.csv,20220809,20220809
1005,1005,18,3,小米 Note 10,../spec_data/miui/小米 Note 10.csv,20220809,20220809
1006,1006,18,3,小米 Note 10 Pro,../spec_data/miui/小米 Note 10 Pro.csv,20220809,20220809
1007,1007,18,3,小米 Redmi Note 8 Pro,../spec_data/miui/小米 Redmi Note 8 Pro.csv,20220809,20220809
1008,1008,18,3,黑鯊 2 Pro,../spec_data/miui/黑鯊 2 Pro.csv,20220809,20220809
1009,1009,18,3,小米 9T Pro,../spec_data/miui/小米 9T Pro.csv,20220809,20220809
1010,1010,18,3,小米 A3,../spec_data/miui/小米 A3.csv,20220809,20220809
1011,1011,18,3,小米 9T,../spec_data/miui/小米 9T.csv,20220809,20220809
1012,1012,18,3,小米 Note 10 Lite,../spec_data/miui/小米 Note 10 Lite.csv,20220809,20220809
1013,1013,18,3,小米 9,../spec_data/miui/小米 9.csv,20220809,20220809
1014,1014,18,3,黑鯊 2,../spec_data/miui/黑鯊 2.csv,20220809,20220809
1015,1015,18,3,紅米 Note 7,../spec_data/miui/紅米 Note 7.csv,20220809,20220809
1016,1016,18,3,黑鯊手機 1,../spec_data/miui/黑鯊手機 1.csv,20220809,20220809
1017,1017,18,3,小米 8 Pro,../spec_data/miui/小米 8 Pro.csv,20220809,20220809
1018,1018,18,3,小米 8 Lite,../spec_data/miui/小米 8 Lite.csv,20220809,20220809
1019,1019,18,3,小米 MIX 3,../spec_data/miui/小米 MIX 3.csv,20220809,20220809
1020,1020,18,3,小米 8 屏幕指纹版,../spec_data/miui/小米 8 屏幕指纹版.csv,20220809,20220809
1021,1021,18,3,小米8 青春版,../spec_data/miui/小米8 青春版.csv,20220809,20220809
1022,1022,18,3,紅米 Note 6 Pro,../spec_data/miui/紅米 Note 6 Pro.csv,20220809,20220809
1023,1023,18,3,小米 PocoPhone F1,../spec_data/miui/小米 PocoPhone F1.csv,20220809,20220809
1024,1024,18,3,小米 A2,../spec_data/miui/小米 A2.csv,20220809,20220809
1025,1025,18,3,小米 Max 3,../spec_data/miui/小米 Max 3.csv,20220809,20220809
1026,1026,18,3,紅米 6,../spec_data/miui/紅米 6.csv,20220809,20220809
1027,1027,18,3,小米 8,../spec_data/miui/小米 8.csv,20220809,20220809
1028,1028,18,3,小米 8 透明探索版,../spec_data/miui/小米 8 透明探索版.csv,20220809,20220809
1029,1029,18,3,小米 8SE,../spec_data/miui/小米 8SE.csv,20220809,20220809
1030,1030,18,3,小米 MIX 2S,../spec_data/miui/小米 MIX 2S.csv,20220809,20220809
1031,1031,18,3,紅米 5 Plus,../spec_data/miui/紅米 5 Plus.csv,20220809,20220809
1032,1032,18,3,紅米 5,../spec_data/miui/紅米 5.csv,20220809,20220809
1033,1033,18,3,小米 MIX 2,../spec_data/miui/小米 MIX 2.csv,20220809,20220809
1034,1034,18,3,小米 A1,../spec_data/miui/小米 A1.csv,20220809,20220809
1035,1035,18,3,小米 Max 2,../spec_data/miui/小米 Max 2.csv,20220809,20220809
1036,1036,18,3,紅米 Note 4X,../spec_data/miui/紅米 Note 4X.csv,20220809,20220809
1037,1037,18,3,小米 Note 2,../spec_data/miui/小米 Note 2.csv,20220809,20220809
1038,1038,18,3,小米 MIX,../spec_data/miui/小米 MIX.csv,20220809,20220809
1039,1039,18,3,紅米 Note 4,../spec_data/miui/紅米 Note 4.csv,20220809,20220809
1040,1040,18,3,小米 5S,../spec_data/miui/小米 5S.csv,20220809,20220809
1041,1041,18,3,小米 5S Plus,../spec_data/miui/小米 5S Plus.csv,20220809,20220809
1042,1042,18,3,小米 6,../spec_data/miui/小米 6.csv,20220809,20220809
1043,1043,18,3,紅米 Pro,../spec_data/miui/紅米 Pro.csv,20220809,20220809
1044,1044,18,3,小米 Max,../spec_data/miui/小米 Max.csv,20220809,20220809
1045,1045,18,3,小米 5,../spec_data/miui/小米 5.csv,20220809,20220809
1046,1046,18,3,紅米 3,../spec_data/miui/紅米 3.csv,20220809,20220809
1047,1047,18,3,紅米 Note 3,../spec_data/miui/紅米 Note 3.csv,20220809,20220809
1048,1048,18,3,紅米 Note 2,../spec_data/miui/紅米 Note 2.csv,20220809,20220809
1049,1049,18,3,紅米 2 加強版,../spec_data/miui/紅米 2 加強版.csv,20220809,20220809
1050,1050,18,3,小米 Note,../spec_data/miui/小米 Note.csv,20220809,20220809
1051,1051,18,3,小米 4i,../spec_data/miui/小米 4i.csv,20220809,20220809
1052,1052,18,3,紅米 2A,../spec_data/miui/紅米 2A.csv,20220809,20220809
1053,1053,18,3,紅米 2,../spec_data/miui/紅米 2.csv,20220809,20220809
1054,1054,18,3,紅米 1S 4G,../spec_data/miui/紅米 1S 4G.csv,20220809,20220809
1055,1055,18,3,紅米 Note 4G,../spec_data/miui/紅米 Note 4G.csv,20220809,20220809
1056,1056,18,3,小米 4,../spec_data/miui/小米 4.csv,20220809,20220809
1057,1057,18,3,紅米 Note,../spec_data/miui/紅米 Note.csv,20220809,20220809
1058,1058,18,3,紅米 Note 國內版,../spec_data/miui/紅米 Note 國內版.csv,20220809,20220809
1059,1059,18,3,紅米手機,../spec_data/miui/紅米手機.csv,20220809,20220809
1060,1060,18,3,紅米 1S,../spec_data/miui/紅米 1S.csv,20220809,20220809
1061,1061,18,3,小米 3,../spec_data/miui/小米 3.csv,20220809,20220809
1062,1062,18,3,MIUI 小米 2,../spec_data/miui/MIUI 小米 2.csv,20220809,20220809
1063,1063,18,3,MIUI 小米 2S,../spec_data/miui/MIUI 小米 2S.csv,20220809,20220809
1064,1064,18,3,紅米 Note 5,../spec_data/miui/紅米 Note 5.csv,20220809,20220809
1065,1065,18,3,小米 Poco F4,../spec_data/miui/小米 Poco F4.csv,20220809,20220809
1066,1066,19,3,Sharp Aquos R6,../spec_data/sharp/Sharp Aquos R6.csv,20220809,20220809
1067,1067,19,3,Sharp Aquos R7,../spec_data/sharp/Sharp Aquos R7.csv,20220809,20220809
1068,1068,19,3,Sharp AQUOS S2,../spec_data/sharp/Sharp AQUOS S2.csv,20220809,20220809
1069,1069,19,3,Sharp SH930W,../spec_data/sharp/Sharp SH930W.csv,20220809,20220809
1070,1070,19,3,Sharp SH837W,../spec_data/sharp/Sharp SH837W.csv,20220809,20220809
1071,1071,19,3,Sharp SH631W,../spec_data/sharp/Sharp SH631W.csv,20220809,20220809
1072,1072,19,3,Sharp SH530U,../spec_data/sharp/Sharp SH530U.csv,20220809,20220809
1073,1073,19,3,Sharp Aquos SH-01D,../spec_data/sharp/Sharp Aquos SH-01D.csv,20220809,20220809
1074,1074,19,3,Sharp docomo SH-10C,../spec_data/sharp/Sharp docomo SH-10C.csv,20220809,20220809
1075,1075,19,3,Sharp docomo SH-11C,../spec_data/sharp/Sharp docomo SH-11C.csv,20220809,20220809
1076,1076,19,3,Sharp SH6110C,../spec_data/sharp/Sharp SH6110C.csv,20220809,20220809
1077,1077,19,3,Sharp SoftBank 935SH,../spec_data/sharp/Sharp SoftBank 935SH.csv,20220809,20220809
1078,1078,19,3,Sharp DoCoMo SH-06A,../spec_data/sharp/Sharp DoCoMo SH-06A.csv,20220809,20220809
1079,1079,19,3,Sharp DoCoMo SH-07A,../spec_data/sharp/Sharp DoCoMo SH-07A.csv,20220809,20220809
1080,1080,19,3,Sharp DoCoMo SH-04A,../spec_data/sharp/Sharp DoCoMo SH-04A.csv,20220809,20220809
1081,1081,19,3,Sharp DoCoMo SH-03A,../spec_data/sharp/Sharp DoCoMo SH-03A.csv,20220809,20220809
1082,1082,19,3,Sharp DoCoMo SH906i,../spec_data/sharp/Sharp DoCoMo SH906i.csv,20220809,20220809
1083,1083,19,3,Sharp SX862,../spec_data/sharp/Sharp SX862.csv,20220809,20220809
1084,1084,19,3,Sharp SX663,../spec_data/sharp/Sharp SX663.csv,20220809,20220809
1085,1085,19,3,Sharp SX633_705SH,../spec_data/sharp/Sharp SX633_705SH.csv,20220809,20220809
1086,1086,19,3,Sharp 770SH,../spec_data/sharp/Sharp 770SH.csv,20220809,20220809
1087,1087,19,3,Sharp 550SH,../spec_data/sharp/Sharp 550SH.csv,20220809,20220809
1088,1088,19,3,Sharp GX293,../spec_data/sharp/Sharp GX293.csv,20220809,20220809
1089,1089,19,3,Sharp SX633A,../spec_data/sharp/Sharp SX633A.csv,20220809,20220809
1090,1090,19,3,Sharp 102SH,../spec_data/sharp/Sharp 102SH.csv,20220809,20220809
1091,1091,19,3,Sharp 104SH,../spec_data/sharp/Sharp 104SH.csv,20220809,20220809
1092,1092,19,3,Sharp 816SH,../spec_data/sharp/Sharp 816SH.csv,20220809,20220809
1093,1093,19,3,Sharp 905SH,../spec_data/sharp/Sharp 905SH.csv,20220809,20220809
