id,link
1,../icon/iPhone SE 3.jpg
2,../icon/iPhone 13 mini.jpg
3,../icon/iPhone 13.jpg
4,../icon/iPhone 13 Pro.jpg
5,../icon/iPhone 13 Pro Max.jpg
6,../icon/iPhone 12 mini.jpg
7,../icon/iPhone 12 Pro Max.jpg
8,../icon/iPhone 12.jpg
9,../icon/iPhone 12 Pro.jpg
10,../icon/iPhone SE 2.jpg
11,../icon/Apple iPhone 11.jpg
12,../icon/Apple iPhone 11 Pro.jpg
13,../icon/Apple iPhone 11 Pro Max.jpg
14,../icon/Apple iPhone XS.jpg
15,../icon/Apple iPhone XS Max.jpg
16,../icon/Apple iPhone XR.jpg
17,../icon/Apple iPhone X.jpg
18,../icon/Apple iPhone 8.jpg
19,../icon/Apple iPhone 8 Plus.jpg
20,../icon/Apple iPhone 7.jpg
21,../icon/Apple iPhone 7 Plus.jpg
22,../icon/Apple iPhone SE.jpg
23,../icon/iPhone 6S.jpg
24,../icon/Apple iPhone 6S Plus.jpg
25,../icon/Apple iPhone 6.jpg
26,../icon/Apple iPhone 6 Plus.jpg
27,../icon/Apple iPhone 5S.jpg
28,../icon/Apple iPhone 5C.jpg
29,../icon/Apple iPhone 5.jpg
30,../icon/Apple iPhone 4S.jpg
31,../icon/Apple iPhone 4.jpg
32,../icon/Apple iPhone 3GS.jpg
33,../icon/Apple iPhone 3G.jpg
34,../icon/Apple iPhone 2G.jpg
35,../icon/Asus ROG Phone 6 Pro.jpg
36,../icon/Asus ROG Phone 6.jpg
37,../icon/Asus ROG Phone 5S.jpg
38,../icon/Asus ROG Phone 5S Pro.jpg
39,../icon/Asus ZenFone 8 Flip.jpg
40,../icon/Asus ZenFone 8.jpg
41,../icon/Asus ROG Phone 5.jpg
42,../icon/Asus ZenFone 7.jpg
43,../icon/Asus ZenFone 7 Pro.jpg
44,../icon/Asus ROG Phone 3.jpg
45,../icon/Asus ROG Phone II.jpg
46,../icon/Asus ZenFone 6.jpg
47,../icon/Asus ZenFone Max Pro M2.jpg
48,../icon/Asus ZenFone 5Z.jpg
49,../icon/Asus ROG Phone.jpg
50,../icon/Asus ZenFone 5 Lite.jpg
51,../icon/Asus ZenFone 5 (2018).jpg
52,../icon/Asus ZenFone Max Plus.jpg
53,../icon/Asus ZenFone 4 Selfie Pro.jpg
54,../icon/Asus ZenFone 4 Selfie.jpg
55,../icon/Asus ZenFone 4.jpg
56,../icon/Asus ZenFone 4 Max Pro.jpg
57,../icon/Asus ZenFone 4 Pro.jpg
58,../icon/Asus Zenfone 4 Max.jpg
59,../icon/Asus ZenFone AR.jpg
60,../icon/Asus ZenFone Live.jpg
61,../icon/Asus ZenFone 3 Zoom.jpg
62,../icon/Asus ZenFone 3 Max 5.5.jpg
63,../icon/Asus ZenFone 3 Max 5.2.jpg
64,../icon/Asus ZenFone 3 Deluxe.jpg
65,../icon/Asus ZenFone 3.jpg
66,../icon/Asus ZenFone 3 Ultra.jpg
67,../icon/Asus Zenfone Max.jpg
68,../icon/Asus Zenfone Go (ZB551KL)‏.jpg
69,../icon/Asus Zenfone Max 高配版.jpg
70,../icon/Asus Zenfone Zoom.jpg
71,../icon/Asus Zenfone 2.jpg
72,../icon/Asus Zenfone Selfie.jpg
73,../icon/Asus Zenfone 2 Laser ZE500KL.jpg
74,../icon/Asus Zenfone 2 Laser ZE550KL.jpg
75,../icon/Asus Zenfone 2 Deluxe.jpg
76,../icon/Asus Zenfone 2  ZE550ML.jpg
77,../icon/Asus Zenfone 5 LTE.jpg
78,../icon/Asus Padfone S.jpg
79,../icon/Asus Zenfone 5 升級版.jpg
80,../icon/Asus Zenfone 6 (2014).jpg
81,../icon/Asus Zenfone 5 (2014).jpg
82,../icon/Asus Padfone mini.jpg
83,../icon/Asus Fonepad Note 6.jpg
84,../icon/Asus The New Padfone Infinity.jpg
85,../icon/Asus Padfone infinity.jpg
86,../icon/Asus Transformer Pad TF300TG.jpg
87,../icon/Asus Padfone 2.jpg
88,../icon/ASUS A50.jpg
89,../icon/ASUS Garmin M10.jpg
90,../icon/ASUS Garmin M20.jpg
91,../icon/ASUS P552w.jpg
92,../icon/ASUS P320.jpg
93,../icon/ASUS P550.jpg
94,../icon/ASUS P750.jpg
95,../icon/ASUS P527.jpg
96,../icon/ASUS M530w.jpg
97,../icon/ASUS P526.jpg
98,../icon/ASUS P535.jpg
99,../icon/ASUS P525.jpg
100,../icon/ASUS P835.jpg
101,../icon/ASUS J206.jpg
102,../icon/ASUS Garmin G60.jpg
103,../icon/ASUS V75.jpg
104,../icon/ASUS E600.jpg
105,../icon/ASUS V80.jpg
106,../icon/ASUS J210.jpg
107,../icon/ASUS M930.jpg
108,../icon/ASUS Padfone.jpg
109,../icon/ASUS P565.jpg
110,../icon/ASUS A10.jpg
111,../icon/ASUS P735.jpg
112,../icon/ASUS M307.jpg
113,../icon/Google Pixel 6 Pro.jpg
114,../icon/Google Pixel 6.jpg
115,../icon/Google Pixel 4a 5G.jpg
116,../icon/Google Pixel 5.jpg
117,../icon/Google Pixel 4a.jpg
118,../icon/Google Pixel 4.jpg
119,../icon/Google Pixel 4 XL.jpg
120,../icon/Google Pixel 3.jpg
121,../icon/Google Pixel 3 XL.jpg
122,../icon/Google Pixel 3a.jpg
123,../icon/Google Pixel 2.jpg
124,../icon/Google Pixel 2 XL.jpg
125,../icon/Google Pixel.jpg
126,../icon/Google Pixel XL.jpg
127,../icon/Google Pixel 6 Pro.jpg
128,../icon/Google Pixel 6.jpg
129,../icon/Google Pixel 4a 5G.jpg
130,../icon/Google Pixel 5.jpg
131,../icon/Google Pixel 4a.jpg
132,../icon/Google Pixel 4.jpg
133,../icon/Google Pixel 4 XL.jpg
134,../icon/Google Pixel 3.jpg
135,../icon/Google Pixel 3 XL.jpg
136,../icon/Google Pixel 3a.jpg
137,../icon/Google Pixel 2.jpg
138,../icon/Google Pixel 2 XL.jpg
139,../icon/Google Pixel.jpg
140,../icon/Google Pixel XL.jpg
141,../icon/Honor X8.jpg
142,../icon/Honor X7.jpg
143,../icon/Honor 50 Lite.jpg
144,../icon/Honor 8s.jpg
145,../icon/Honor View 20.jpg
146,../icon/Honor 10.jpg
147,../icon/Honor X8.jpg
148,../icon/Honor X7.jpg
149,../icon/Honor 50 Lite.jpg
150,../icon/Honor 8s.jpg
151,../icon/Honor View 20.jpg
152,../icon/Honor 10.jpg
153,../icon/HTC U20 5G.jpg
154,../icon/HTC Desire 20 Pro.jpg
155,../icon/HTC U19e.jpg
156,../icon/HTC U12 life.jpg
157,../icon/HTC U12+.jpg
158,../icon/HTC EXODUS 1.jpg
159,../icon/HTC U11 Eyes.jpg
160,../icon/HTC U11+.jpg
161,../icon/HTC U11.jpg
162,../icon/HTC U Ultra.jpg
163,../icon/HTC U Play.jpg
164,../icon/HTC Desire 10 Pro.jpg
165,../icon/HTC Desire 10 Style.jpg
166,../icon/HTC One A9S.jpg
167,../icon/HTC Desire 630.jpg
168,../icon/HTC Desire 825.jpg
169,../icon/HTC 10.jpg
170,../icon/HTC Desire 530.jpg
171,../icon/HTC One X9.jpg
172,../icon/HTC Desire 728 Dual SIM.jpg
173,../icon/HTC One A9.jpg
174,../icon/HTC One M9+ (相機升級版).jpg
175,../icon/HTC One E9.jpg
176,../icon/HTC One M9s.jpg
177,../icon/HTC One ME Dual SIM.jpg
178,../icon/HTC One M9+.jpg
179,../icon/HTC One M9.jpg
180,../icon/HTC One E9+.jpg
181,../icon/HTC Desire 626.jpg
182,../icon/HTC Desire 820s Dual SIM.jpg
183,../icon/HTC Desire 620 Dual Sim.jpg
184,../icon/HTC Desire 816G.jpg
185,../icon/HTC Desire 820 Dual SIM.jpg
186,../icon/HTC Desire Eye.jpg
187,../icon/HTC Desire 826 Dual SIM.jpg
188,../icon/HTC One E8.jpg
189,../icon/HTC Desire 510.jpg
190,../icon/HTC J Butterfly HTL23.jpg
191,../icon/HTC Desire 616.jpg
192,../icon/HTC Desire 816 4G.jpg
193,../icon/HTC Desire 816 dual SIM.jpg
194,../icon/HTC One M8.jpg
195,../icon/HTC Desire 610.jpg
196,../icon/HTC Desire 310.jpg
197,../icon/HTC One Max.jpg
198,../icon/HTC Butterfly s.jpg
199,../icon/HTC One mini.jpg
200,../icon/HTC Desire 200.jpg
201,../icon/HTC Desire 600 dual Sim.jpg
202,../icon/HTC Desire 500.jpg
203,../icon/HTC Desire 700 Dual Sim.jpg
204,../icon/HTC Desire L.jpg
205,../icon/HTC Desire Q.jpg
206,../icon/HTC First.jpg
207,../icon/HTC One.jpg
208,../icon/HTC One SV.jpg
209,../icon/HTC Butterfly.jpg
210,../icon/HTC Desire X.jpg
211,../icon/HTC One X+.jpg
212,../icon/HTC One XL+.jpg
213,../icon/HTC 8X.jpg
214,../icon/HTC Windows Phone 8S.jpg
215,../icon/HTC J.jpg
216,../icon/HTC Desire V.jpg
217,../icon/HTC Desire C.jpg
218,../icon/HTC One X.jpg
219,../icon/HTC One V.jpg
220,../icon/HTC One S.jpg
221,../icon/HTC One XL.jpg
222,../icon/HTC Velocity 4G.jpg
223,../icon/HTC Titan II.jpg
224,../icon/HTC Titan.jpg
225,../icon/HTC Explorer.jpg
226,../icon/HTC Sensation XL.jpg
227,../icon/HTC Rhyme.jpg
228,../icon/HTC ChaCha.jpg
229,../icon/HTC EVO 3D.jpg
230,../icon/HTC Salsa.jpg
231,../icon/HTC Sensation.jpg
232,../icon/HTC Wildfire S.jpg
233,../icon/HTC Desire S.jpg
234,../icon/HTC Incredible S.jpg
235,../icon/HTC Desire HD.jpg
236,../icon/HTC Desire Z.jpg
237,../icon/HTC HD7.jpg
238,../icon/HTC 7 Mozart.jpg
239,../icon/HTC Aria.jpg
240,../icon/HTC Wildfire.jpg
241,../icon/HTC Desire.jpg
242,../icon/HTC Smart.jpg
243,../icon/HTC Legend.jpg
244,../icon/HTC HD mini.jpg
245,../icon/HTC Google Nexus One.jpg
246,../icon/HTC HD2.jpg
247,../icon/HTC Tattoo.jpg
248,../icon/HTC Touch2.jpg
249,../icon/HTC Hero.jpg
250,../icon/HTC Touch Pro2.jpg
251,../icon/HTC Magic.jpg
252,../icon/HTC Touch Cruise 09.jpg
253,../icon/HTC Touch 3G.jpg
254,../icon/HTC Touch HD.jpg
255,../icon/HTC Touch Viva.jpg
256,../icon/HTC Touch Pro.jpg
257,../icon/HTC Touch Diamond.jpg
258,../icon/HTC P3470.jpg
259,../icon/HTC Shift.jpg
260,../icon/HTC S730.jpg
261,../icon/HTC Touch Cruise.jpg
262,../icon/HTC TyTN II.jpg
263,../icon/HTC Touch Dual.jpg
264,../icon/HTC Snap.jpg
265,../icon/HTC 7 Pro.jpg
266,../icon/HTC Trophy.jpg
267,../icon/HTC 7 Surround.jpg
268,../icon/HTC Gratia.jpg
269,../icon/HTC Inspire 4G.jpg
270,../icon/HTC Freestyle.jpg
271,../icon/HTC U1000.jpg
272,../icon/HTC S740.jpg
273,../icon/HTC Dream G1.jpg
274,../icon/HTC Radar.jpg
275,../icon/HTC Sensation XE with Beats Audio.jpg
276,../icon/HTC One mini 2.jpg
277,../icon/HTC Touch.jpg
278,../icon/HTC MAX 4G.jpg
279,../icon/HTC Rezound.jpg
280,../icon/HTC Butterfly 2.jpg
281,../icon/HTC P3600i.jpg
282,../icon/HTC Touch Diamond2.jpg
283,../icon/Huawei nova 9 SE.jpg
284,../icon/Huawei P50 Pro.jpg
285,../icon/Huawei P50 Pocket.jpg
286,../icon/Huawei nova 9.jpg
287,../icon/Huawei Mate 40 Pro.jpg
288,../icon/Huawei Nova 7 SE.jpg
289,../icon/Huawei Nova 7.jpg
290,../icon/Huawei Y6P.jpg
291,../icon/Huawei P40 Pro+.jpg
292,../icon/Huawei P40.jpg
293,../icon/Huawei P40 Pro.jpg
294,../icon/Huawei P40 Pro+.jpg
295,../icon/Huawei Mate Xs.jpg
296,../icon/Huawei nova 7i.jpg
297,../icon/Huawei P30 lite new edition.jpg
298,../icon/Huawei Y9s.jpg
299,../icon/Huawei Mate 30 RS.jpg
300,../icon/Huawei Nova 5T.jpg
301,../icon/Huawei Mate 30 Pro.jpg
302,../icon/Huawei Mate 30.jpg
303,../icon/Huawei Y9 Prime 2019.jpg
304,../icon/Huawei P30 Pro.jpg
305,../icon/Huawei P30.jpg
306,../icon/Huawei P30 lite.jpg
307,../icon/Huawei Nova 4.jpg
308,../icon/Huawei Y9 2019.jpg
309,../icon/Huawei Mate 20 Pro.jpg
310,../icon/Huawei Mate 20.jpg
311,../icon/Huawei Mate 20X.jpg
312,../icon/Huawei Nova 3.jpg
313,../icon/Huawei Nova 3i.jpg
314,../icon/Huawei Y6 Prime 2018.jpg
315,../icon/Huawei Y7 Prime 2018.jpg
316,../icon/Huawei P20 Pro.jpg
317,../icon/Huawei P20.jpg
318,../icon/Huawei P20 Lite.jpg
319,../icon/Huawei Mate 10 Pro.jpg
320,../icon/Porsche Design Huawei Mate 10.jpg
321,../icon/Huawei Mate 10.jpg
322,../icon/Huawei nova 2i.jpg
323,../icon/Huawei Nova 2 Plus.jpg
324,../icon/Huawei Y7 Prime.jpg
325,../icon/Huawei P10 Lite.jpg
326,../icon/Huawei P10.jpg
327,../icon/Huawei P10 Plus.jpg
328,../icon/Huawei Mate 9 Pro.jpg
329,../icon/Huawei Honor Magic.jpg
330,../icon/Huawei Honor 6X.jpg
331,../icon/Huawei Nova.jpg
332,../icon/Huawei Nova Plus.jpg
333,../icon/Huawei Mate 9.jpg
334,../icon/HUAWEI P9 Plus.jpg
335,../icon/HUAWEI P9 Lite.jpg
336,../icon/HUAWEI P9.jpg
337,../icon/HUAWEI Y6 Pro.jpg
338,../icon/HUAWEI Mate 8.jpg
339,../icon/Nexus 6P.jpg
340,../icon/HUAWEI G7 Plus.jpg
341,../icon/HUAWEI Mate S.jpg
342,../icon/HUAWEI P8.jpg
343,../icon/HUAWEI Honor 6 Plus.jpg
344,../icon/HUAWEI Ascend G620S.jpg
345,../icon/HUAWEI Ascend G7.jpg
346,../icon/HUAWEI Ascend Mate 7.jpg
347,../icon/HUAWEI Honor 6.jpg
348,../icon/HUAWEI Ascend P7.jpg
349,../icon/Huawei Ascend G750.jpg
350,../icon/HUAWEIAscend G6.jpg
351,../icon/HUAWEI Honor 3C.jpg
352,../icon/HUAWEI Ascend Mate 2 4G.jpg
353,../icon/HUAWEI G525.jpg
354,../icon/Huawei Ascend P1 LTE.jpg
355,../icon/Huawei Honor 2.jpg
356,../icon/Huawei Ascend D2.jpg
357,../icon/Huawei Ascend Mate.jpg
358,../icon/HUAWEI Ascend P2.jpg
359,../icon/HUAWEI Ascend P6.jpg
360,../icon/Huawei Ascend P1.jpg
361,../icon/Huawei Ascend G300.jpg
362,../icon/Huawei Ascend Y200.jpg
363,../icon/Huawai Honor.jpg
364,../icon/Huawei Ascend D1 quad.jpg
365,../icon/Huawei Ascend D quad XL.jpg
366,../icon/Huawei Ascend D1.jpg
367,../icon/Huawei Honor.jpg
368,../icon/Huawei Boulder U8350.jpg
369,../icon/Huawei SONIC U8650.jpg
370,../icon/Huawei IDEOS X3.jpg
371,../icon/Huawei GAGA U8180.jpg
372,../icon/Huawei P50.jpg
373,../icon/Huawei IDEOS X5.jpg
374,../icon/Huawei IDEOS U8150.jpg
375,../icon/Huawei U Plus Android.jpg
376,../icon/Huawei U mini Android.jpg
377,../icon/Huawei U Android.jpg
378,../icon/Huawei IDEOS X6.jpg
379,../icon/Huawei Mate X.jpg
380,../icon/Microsoft Surface Duo.jpg
381,../icon/Lumia 650 Dual SIM.jpg
382,../icon/Lumia 550.jpg
383,../icon/Lumia 950.jpg
384,../icon/Lumia 950 XL.jpg
385,../icon/Microsoft Lumia 640.jpg
386,../icon/Microsoft Lumia 640XL.jpg
387,../icon/Microsoft Lumia 535.jpg
388,../icon/Microsoft Lumia 535 Dual SIM.jpg
389,../icon/Microsoft Kin One.jpg
390,../icon/Microsoft Kin Two.jpg
391,../icon/Microsoft Surface Duo.jpg
392,../icon/Lumia 650 Dual SIM.jpg
393,../icon/Lumia 550.jpg
394,../icon/Lumia 950.jpg
395,../icon/Lumia 950 XL.jpg
396,../icon/Microsoft Lumia 640.jpg
397,../icon/Microsoft Lumia 640XL.jpg
398,../icon/Microsoft Lumia 535.jpg
399,../icon/Microsoft Lumia 535 Dual SIM.jpg
400,../icon/Microsoft Kin One.jpg
401,../icon/Microsoft Kin Two.jpg
402,../icon/Motorola Edge 20 Pro.jpg
403,../icon/Motorola Moto E4 Plus.jpg
404,../icon/Motorola Moto Z2 Play.jpg
405,../icon/Motorola Moto C Plus.jpg
406,../icon/Motorola Moto M.jpg
407,../icon/Lenovo K6 Note.jpg
408,../icon/Motorola Moto Z.jpg
409,../icon/Motorola Moto g4 Plus.jpg
410,../icon/Motorola Moto g5 Plus.jpg
411,../icon/Motorola Moto G Turbo.jpg
412,../icon/Motorola Moto X 二代.jpg
413,../icon/Nexus 6.jpg
414,../icon/Motorola Moto G2.jpg
415,../icon/Motorola Moto G LTE.jpg
416,../icon/Motorola Moto X.jpg
417,../icon/Motorola Moto G.jpg
418,../icon/Motorola DEFY XT535.jpg
419,../icon/Motorola RAZR Maxx.jpg
420,../icon/Motorola Atrix 2.jpg
421,../icon/Motorola XT532.jpg
422,../icon/Motorola XT615.jpg
423,../icon/Motorola Pro+.jpg
424,../icon/Motorola DEFY+.jpg
425,../icon/Motorola XT319.jpg
426,../icon/Motorola XT316.jpg
427,../icon/Motorola EX232.jpg
428,../icon/Motorola EX223.jpg
429,../icon/Motorola ATRIX.jpg
430,../icon/Motorola EX211.jpg
431,../icon/Motorola 明 A1680.jpg
432,../icon/Motorola MILESTONE 2.jpg
433,../icon/Motorola DEFY MB525.jpg
434,../icon/Motorola EX115.jpg
435,../icon/Motorola FlipOut MB511.jpg
436,../icon/Motorola Quench XT5.jpg
437,../icon/Motorola EX128.jpg
438,../icon/Motorola MILESTONE XT720.jpg
439,../icon/Motorola Quench XT3.jpg
440,../icon/Motorola QUENCH.jpg
441,../icon/Motorola EX300.jpg
442,../icon/Motorola BACKFLIP ME600.jpg
443,../icon/Motorola MILESTONE XT701.jpg
444,../icon/Motorola MILESTONE.jpg
445,../icon/Motorola MOTOSURF A3100 黑金升級版.jpg
446,../icon/Motorola 明 A1210.jpg
447,../icon/Motorola ZN300.jpg
448,../icon/Motorola VE66.jpg
449,../icon/Motorola MOTOSURF A3100.jpg
450,../icon/Motorola EM35.jpg
451,../icon/Motorola AURA.jpg
452,../icon/Motorola EM330.jpg
453,../icon/Motorola W156.jpg
454,../icon/Motorola VE538.jpg
455,../icon/Motorola EM325.jpg
456,../icon/Motorola W396.jpg
457,../icon/Motorola EM30.jpg
458,../icon/Motorola ZN200.jpg
459,../icon/Motorola A810.jpg
460,../icon/Motorola 明 A1600.jpg
461,../icon/Motorola W388.jpg
462,../icon/Motorola RAZR² V9 FERRARI.jpg
463,../icon/Motorola ZINE ZN5.jpg
464,../icon/Motorola ROKR E8.jpg
465,../icon/Motorola W270.jpg
466,../icon/Motorola Z8 FERRARI.jpg
467,../icon/Motorola U9.jpg
468,../icon/Motorola Q9h.jpg
469,../icon/Motorola Z8.jpg
470,../icon/Motorola RAZR² V9.jpg
471,../icon/Motorola W218.jpg
472,../icon/Motorola RAZR maxx V3.jpg
473,../icon/Motorola WX265.jpg
474,../icon/Motorola WX295.jpg
475,../icon/Motorola ES400.jpg
476,../icon/Motorola CHARM.jpg
477,../icon/Motorola RIZR Z10.jpg
478,../icon/Motorola W7 Active Edition.jpg
479,../icon/Motorola RAZR² V8 (2GB).jpg
480,../icon/Motorola RAZR² V8 (金版).jpg
481,../icon/Motorola M1000.jpg
482,../icon/Motorola W208.jpg
483,../icon/Motorola W230.jpg
484,../icon/Motorola PEBL U6 (COLOR).jpg
485,../icon/Motorola KRZR K1.jpg
486,../icon/Motorola RAZR maxx V6.jpg
487,../icon/Motorola RIZR Z3.jpg
488,../icon/Motorola Cliq 2.jpg
489,../icon/Motorola W220.jpg
490,../icon/Motorola ROKR ZN50.jpg
491,../icon/Motorola CLIQ (DEXT).jpg
492,../icon/Motorola PRO.jpg
493,../icon/Motorola ROKR E6.jpg
494,../icon/Motorola RAZR maxx V3.jpg
495,../icon/Motorola W375.jpg
496,../icon/Motorola L6i.jpg
497,../icon/Motorola WILDER EX130.jpg
498,../icon/Motorola VE75.jpg
499,../icon/Motorola EM25.jpg
500,../icon/Motorola ROKR Z6.jpg
501,../icon/Motorola maxx K3.jpg
502,../icon/Motorola SLVR L72.jpg
503,../icon/Motorola Q11.jpg
504,../icon/Motorola W510.jpg
505,../icon/Motorola maxx V1100.jpg
506,../icon/Motorola Milestone 3.jpg
507,../icon/Motorola Motocubo A45.jpg
508,../icon/Motorola RAZR² V8.jpg
509,../icon/Motorola RAZR.jpg
510,../icon/Motorla Razr 2019.jpg
511,../icon/Motorola E1070.jpg
512,../icon/Nokia G21.jpg
513,../icon/Nokia G50.jpg
514,../icon/Nokia XR20.jpg
515,../icon/Nokia G20.jpg
516,../icon/Nokia X10.jpg
517,../icon/Nokia X20.jpg
518,../icon/Nokia 1.4.jpg
519,../icon/Nokia 5.4.jpg
520,../icon/Nokia 3.4.jpg
521,../icon/Nokia 2.4.jpg
522,../icon/Nokia 8.3 5G.jpg
523,../icon/Nokia 5.3.jpg
524,../icon/Nokia C2.jpg
525,../icon/Nokia 800 Tough.jpg
526,../icon/Nokia 7.2.jpg
527,../icon/Nokia 2720 Flip.jpg
528,../icon/Nokia 3.2.jpg
529,../icon/Nokia 4.2.jpg
530,../icon/Nokia 9 PureView.jpg
531,../icon/Nokia 8.1.jpg
532,../icon/Nokia 3.1 Plus.jpg
533,../icon/Nokia 7.1.jpg
534,../icon/Nokia 6.1 Plus.jpg
535,../icon/Nokia 5.1 Plus.jpg
536,../icon/Nokia 8110 4G.jpg
537,../icon/Nokia 1.jpg
538,../icon/Nokia 7 Plus.jpg
539,../icon/NOKIA 8 Sirocco.jpg
540,../icon/Nokia 6 2018.jpg
541,../icon/Nokia 5.jpg
542,../icon/Nokia 3310 (2017) 3G.jpg
543,../icon/Nokia 7.jpg
544,../icon/Nokia 8.jpg
545,../icon/Nokia 3310 (2017).jpg
546,../icon/Nokia 6.jpg
547,../icon/Nokia Lumia 830.jpg
548,../icon/Nokia Lumia 735.jpg
549,../icon/Nokia Lumia 730.jpg
550,../icon/Nokia Lumia 530.jpg
551,../icon/Nokia Lumia 636.jpg
552,../icon/Microsoft Lumia 930.jpg
553,../icon/Nokia X2.jpg
554,../icon/Nokia XL.jpg
555,../icon/Nokia Lumia 630.jpg
556,../icon/Nokia Asha 503.jpg
557,../icon/Nokia X.jpg
558,../icon/Nokia X+.jpg
559,../icon/Nokia LUMIA 1520.jpg
560,../icon/Nokia LUMIA 1320.jpg
561,../icon/Nokia 515.jpg
562,../icon/Nokia 208.jpg
563,../icon/Nokia 106.jpg
564,../icon/Nokia 107.jpg
565,../icon/Nokia LUMIA 1020.jpg
566,../icon/Nokia LUMIA 925.jpg
567,../icon/Nokia Asha 210.jpg
568,../icon/Nokia Lumia 720.jpg
569,../icon/Nokia Lumia 520.jpg
570,../icon/Nokia Asha 202.jpg
571,../icon/Nokia Lumia 525.jpg
572,../icon/Nokia Asha 308.jpg
573,../icon/Nokia LUMIA 920.jpg
574,../icon/Nokia LUMIA 820.jpg
575,../icon/Nokia LUMIA 625.jpg
576,../icon/Nokia Asha 305.jpg
577,../icon/Nokia Asha 311.jpg
578,../icon/Nokia LUMIA 620.jpg
579,../icon/Nokia LUMIA 610.jpg
580,../icon/Nokia 808 PureView.jpg
581,../icon/Nokia LUMIA 900.jpg
582,../icon/Nokia LUMIA 800.jpg
583,../icon/Nokia 500.jpg
584,../icon/Nokia 700.jpg
585,../icon/Nokia 600.jpg
586,../icon/Nokia 701.jpg
587,../icon/Nokia 603.jpg
588,../icon/Nokia E6.jpg
589,../icon/Nokia X1-01.jpg
590,../icon/Nokia X7.jpg
591,../icon/Nokia C2-00.jpg
592,../icon/Nokia E7.jpg
593,../icon/Nokia C6-01.jpg
594,../icon/Nokia C3-01 Touch and Type.jpg
595,../icon/Nokia X5-01.jpg
596,../icon/Nokia X3-02 Touch and Type.jpg
597,../icon/Nokia C7.jpg
598,../icon/Nokia N8.jpg
599,../icon/Nokia 5250.jpg
600,../icon/Nokia X2-00.jpg
601,../icon/Nokia C1-00.jpg
602,../icon/Nokia E5.jpg
603,../icon/Nokia C6.jpg
604,../icon/Nokia 3710 fold.jpg
605,../icon/Nokia C5.jpg
606,../icon/Nokia N900.jpg
607,../icon/Nokia 6700 slide.jpg
608,../icon/Nokia 2220 slide.jpg
609,../icon/Nokia 6303i classic.jpg
610,../icon/Nokia 7230.jpg
611,../icon/Nokia X6 (feature phone).jpg
612,../icon/Nokia 5230.jpg
613,../icon/Nokia E72.jpg
614,../icon/Nokia N97 mini.jpg
615,../icon/Nokia 6600i slide.jpg
616,../icon/Nokia 6730 classic.jpg
617,../icon/Nokia 5530 XpressMusic.jpg
618,../icon/Nokia E52.jpg
619,../icon/Nokia 6720 classic.jpg
620,../icon/Nokia 6303 classic.jpg
621,../icon/Nokia 6700 classic.jpg
622,../icon/Nokia 5730 XpressMusic.jpg
623,../icon/Nokia N86 8MP.jpg
624,../icon/Nokia 5630 XpressMusic.jpg
625,../icon/Nokia 6260 slide.jpg
626,../icon/Nokia 6208 classic.jpg
627,../icon/Nokia 8800 Diamond Arte.jpg
628,../icon/Nokia 5800 XpressMusic.jpg
629,../icon/Nokia 7610 Supernova.jpg
630,../icon/Nokia N79.jpg
631,../icon/Nokia N85.jpg
632,../icon/Nokia 5320 XpressMusic.jpg
633,../icon/Nokia 2680 slide.jpg
634,../icon/Nokia N96.jpg
635,../icon/Nokia 6210 Navigator.jpg
636,../icon/Nokia 5000.jpg
637,../icon/Nokia 7070 Prism.jpg
638,../icon/Nokia 7310 Supernova.jpg
639,../icon/Nokia 5220 Xpress Music.jpg
640,../icon/Nokia E66.jpg
641,../icon/Nokia E71.jpg
642,../icon/Nokia 6600 fold.jpg
643,../icon/Nokia 6600 slide.jpg
644,../icon/Nokia 3600 slide.jpg
645,../icon/Nokia 6220 classic.jpg
646,../icon/Nokia N78.jpg
647,../icon/Nokia 2600 classic.jpg
648,../icon/Nokia 1680.jpg
649,../icon/Nokia 8800 Sapphire Arte.jpg
650,../icon/Nokia 1209.jpg
651,../icon/Nokia 3500 classic.jpg
652,../icon/Nokia 5610 XpressMusic.jpg
653,../icon/Nokia 5310 XpressMusic.jpg
654,../icon/Nokia 6500 slide.jpg
655,../icon/Nokia 6500 classic.jpg
656,../icon/Nokia 7900 Prism.jpg
657,../icon/Nokia 2760.jpg
658,../icon/Nokia N95.jpg
659,../icon/Nokia E65.jpg
660,../icon/Nokia 6300.jpg
661,../icon/Nokia 6288.jpg
662,../icon/Nokia 6301.jpg
663,../icon/Nokia 5030 XpressRadio.jpg
664,../icon/Nokia N93.jpg
665,../icon/Nokia E51.jpg
666,../icon/Nokia 5330 XpressMusic.jpg
667,../icon/Nokia N73.jpg
668,../icon/Nokia N72.jpg
669,../icon/Nokia 8800 Gold Arte.jpg
670,../icon/Nokia 2630.jpg
671,../icon/Nokia 2652.jpg
672,../icon/Nothing Phone (1).jpg
673,../icon/Nothing Phone (1).jpg
674,../icon/OnePlus 10 Pro.jpg
675,../icon/OnePlus 9.jpg
676,../icon/OnePlus 8T.jpg
677,../icon/OnePlus Nord.jpg
678,../icon/OnePlus 8.jpg
679,../icon/OnePlus 8 Pro.jpg
680,../icon/OnePlus 7.jpg
681,../icon/OnePlus 7 Pro.jpg
682,../icon/OnePlus 6T.jpg
683,../icon/OnePlus 6.jpg
684,../icon/OnePlus 5T.jpg
685,../icon/OnePlus 5.jpg
686,../icon/OnePlus 3T.jpg
687,../icon/OnePlus 3.jpg
688,../icon/OnePlus 2.jpg
689,../icon/OnePlus One.jpg
690,../icon/OnePlus 10 Pro.jpg
691,../icon/OnePlus 9.jpg
692,../icon/OnePlus 8T.jpg
693,../icon/OnePlus Nord.jpg
694,../icon/OnePlus 8.jpg
695,../icon/OnePlus 8 Pro.jpg
696,../icon/OnePlus 7.jpg
697,../icon/OnePlus 7 Pro.jpg
698,../icon/OnePlus 6T.jpg
699,../icon/OnePlus 6.jpg
700,../icon/OnePlus 5T.jpg
701,../icon/OnePlus 5.jpg
702,../icon/OnePlus 3T.jpg
703,../icon/OnePlus 3.jpg
704,../icon/OnePlus 2.jpg
705,../icon/OnePlus One.jpg
706,../icon/Oppo A77 5G.jpg
707,../icon/Oppo Find X5 Pro.jpg
708,../icon/Oppo Reno 7 Pro.jpg
709,../icon/Oppo Reno 7.jpg
710,../icon/Oppo Reno6 5G.jpg
711,../icon/Oppo Reno6 Pro 5G.jpg
712,../icon/OPPO Find X3.jpg
713,../icon/OPPO Find X3 Pro.jpg
714,../icon/Oppo Reno5 5G.jpg
715,../icon/Oppo Reno5 Pro 5G.jpg
716,../icon/Oppo A72.jpg
717,../icon/Oppo Reno 4 Pro.jpg
718,../icon/Oppo Reno4 Pro 5G.jpg
719,../icon/Oppo Reno4Z 5G.jpg
720,../icon/Oppo Reno4 5G.jpg
721,../icon/Oppo Find X2 Pro.jpg
722,../icon/oppo A9 (2020).jpg
723,../icon/Oppo Reno2 Z.jpg
724,../icon/Oppo Reno2.jpg
725,../icon/Oppo Reno5 Z.jpg
726,../icon/Oppo A77 5G.jpg
727,../icon/Oppo Find X5 Pro.jpg
728,../icon/Oppo Reno 7 Pro.jpg
729,../icon/Oppo Reno 7.jpg
730,../icon/Oppo Reno6 5G.jpg
731,../icon/Oppo Reno6 Pro 5G.jpg
732,../icon/OPPO Find X3.jpg
733,../icon/OPPO Find X3 Pro.jpg
734,../icon/Oppo Reno5 5G.jpg
735,../icon/Oppo Reno5 Pro 5G.jpg
736,../icon/Oppo A72.jpg
737,../icon/Oppo Reno 4 Pro.jpg
738,../icon/Oppo Reno4 Pro 5G.jpg
739,../icon/Oppo Reno4Z 5G.jpg
740,../icon/Oppo Reno4 5G.jpg
741,../icon/Oppo Find X2 Pro.jpg
742,../icon/oppo A9 (2020).jpg
743,../icon/Oppo Reno2 Z.jpg
744,../icon/Oppo Reno2.jpg
745,../icon/Oppo Reno5 Z.jpg
746,../icon/realme X50 5G.jpg
747,../icon/realme7 5G.jpg
748,../icon/realme X50 5G.jpg
749,../icon/realme7 5G.jpg
750,../icon/Samsung Galaxy A53 5G.jpg
751,../icon/Samsung Galaxy A33 5G.jpg
752,../icon/Samsung Galaxy M33 5G.jpg
753,../icon/Samsung Galaxy S22.jpg
754,../icon/Samsung Galaxy S22+.jpg
755,../icon/Samsung Galaxy S22 Ultra.jpg
756,../icon/Samsung Galaxy S21 FE.jpg
757,../icon/Samsung Galaxy Z Flip 3.jpg
758,../icon/Samsung Galaxy Z Fold 3.jpg
759,../icon/Samsung Galaxy A22 5G.jpg
760,../icon/Samsung Galaxy Xcover 5.jpg
761,../icon/Samsung Galaxy A52 5G.jpg
762,../icon/Samsung Galaxy A32 5G.jpg
763,../icon/Samsung Galaxy S21.jpg
764,../icon/Samsung Galaxy S21+.jpg
765,../icon/Samsung Galaxy S21 Ultra.jpg
766,../icon/Samsung Galaxy A12.jpg
767,../icon/Samsung Galaxy A42 5G.jpg
768,../icon/Samsung Galaxy S20 FE 5G.jpg
769,../icon/Samsung Galaxy Z Fold 2 5G.jpg
770,../icon/Samsung Galaxy Note 20.jpg
771,../icon/Samsung Galaxy Note 20 Ultra.jpg
772,../icon/Samsung Galaxy Z Flip 5G.jpg
773,../icon/Samsung Galaxy A21s.jpg
774,../icon/Samsung Galaxy S20+.jpg
775,../icon/Samsung Galaxy S20 Ultra.jpg
776,../icon/Samsung Galaxy S20.jpg
777,../icon/Samsung Galaxy A31.jpg
778,../icon/Samsung Galaxy Note 10 lite.jpg
779,../icon/Samsung Galaxy Z Flip.jpg
780,../icon/Samsung Galaxy A71.jpg
781,../icon/Samsung Galaxy A51.jpg
782,../icon/Samsung Galaxy Fold.jpg
783,../icon/Samsung Galaxy A50s.jpg
784,../icon/Samsung Galaxy Note 10+.jpg
785,../icon/Samsung Galaxy Note 10.jpg
786,../icon/Samsung Galaxy A80.jpg
787,../icon/Samsung Galaxy A60.jpg
788,../icon/Samsung Galaxy A70.jpg
789,../icon/Samsung Galaxy A20.jpg
790,../icon/Samsung Galaxy A40s.jpg
791,../icon/Samsung Galaxy S10e.jpg
792,../icon/Samsung Galaxy S10.jpg
793,../icon/Samsung Galaxy S10+.jpg
794,../icon/Samsung Galaxy A8s.jpg
795,../icon/Samsung Galaxy A7 2018.jpg
796,../icon/Samsung Galaxy A9 2018.jpg
797,../icon/Samsung Galaxy J4+.jpg
798,../icon/Samsung Galaxy Note 9.jpg
799,../icon/Samsung Galaxy J6.jpg
800,../icon/Samsung Galaxy A6+.jpg
801,../icon/Samsung Galaxy A8 Star.jpg
802,../icon/Samsung Galaxy S9.jpg
803,../icon/Samsung Galaxy S9+.jpg
804,../icon/Samsung Galaxy A8+ (2018).jpg
805,../icon/Samsung Galaxy C8.jpg
806,../icon/Samsung Galaxy Note 8.jpg
807,../icon/Samsung Galaxy S8.jpg
808,../icon/Samsung Galaxy S8+.jpg
809,../icon/Samsung Galaxy C7 Pro.jpg
810,../icon/Samsung Galaxy C5 Pro.jpg
811,../icon/Samsung Galaxy A3 2017.jpg
812,../icon/Samsung Galaxy A5 2017.jpg
813,../icon/Samsung Galaxy A7 2017.jpg
814,../icon/Samsung Galaxy C9 Pro.jpg
815,../icon/Samsung Galaxy J5 Prime.jpg
816,../icon/Samsung Galaxy J7 Prime.jpg
817,../icon/Samsung Galaxy Note 7.jpg
818,../icon/Samsung Galaxy C7.jpg
819,../icon/Samsung Galaxy C5.jpg
820,../icon/Samsung Galaxy S7.jpg
821,../icon/Samsung Galaxy S7 Edge.jpg
822,../icon/Samsung Galaxy A9 2016.jpg
823,../icon/Samsung Galaxy A5 2016.jpg
824,../icon/Samsung Galaxy A7 2016.jpg
825,../icon/Samsung Galaxy Note 5.jpg
826,../icon/Samsung Galaxy S6 Edge+.jpg
827,../icon/Samsung Galaxy A8.jpg
828,../icon/Samsung Galaxy J5.jpg
829,../icon/Samsung Galaxy J7 (2016).jpg
830,../icon/Samsung Galaxy S6.jpg
831,../icon/Samsung Galaxy S6 Edge.jpg
832,../icon/Samsung Galaxy J1.jpg
833,../icon/Samsung Galaxy A7.jpg
834,../icon/Samsung Galaxy E7.jpg
835,../icon/Samsung Galaxy A3.jpg
836,../icon/Samsung Galaxy A5.jpg
837,../icon/Samsung Galaxy Note 4 雙咭版.jpg
838,../icon/Samsung Galaxy Note Edge.jpg
839,../icon/Samsung Galaxy Note 4.jpg
840,../icon/Samsung Galaxy Mega 2.jpg
841,../icon/Samsung Galaxy Alpha.jpg
842,../icon/Samsung Galaxy Grand Prime.jpg
843,../icon/Samsung Galaxy Grand 2.jpg
844,../icon/Samsung Galaxy S5.jpg
845,../icon/Samsung Galaxy Grand Neo.jpg
846,../icon/Samsung Galaxy Star Trios.jpg
847,../icon/Samsung Galaxy Note 3 Neo.jpg
848,../icon/Samsung Galaxy Note 3 Neo Duo.jpg
849,../icon/Samsung Galaxy Golden.jpg
850,../icon/Samsung Galaxy Express 2.jpg
851,../icon/Samsung Galaxy Trend Lite.jpg
852,../icon/Samsung Galaxy Note 3 3G.jpg
853,../icon/Samsung Galaxy Note 3 LTE.jpg
854,../icon/Samsung Galaxy Round.jpg
855,../icon/Samsung Galaxy Ace 3 3G.jpg
856,../icon/Samsung Galaxy S5 mini.jpg
857,../icon/Samsung Galaxy S4 Zoom.jpg
858,../icon/Samsung Galaxy Ace 3 Duo.jpg
859,../icon/Samsung Galaxy Ace 3 4G LTE.jpg
860,../icon/Samsung Galaxy Core.jpg
861,../icon/Samsung Galaxy S4 mini.jpg
862,../icon/Samsung Galaxy Mega 5.8.jpg
863,../icon/Samsung Galaxy Mega 6.3.jpg
864,../icon/Samsung Galaxy Win.jpg
865,../icon/Samsung Galaxy Express.jpg
866,../icon/Samsung Galaxy S4 LTE.jpg
867,../icon/Samsung Galaxy S4 3G.jpg
868,../icon/Samsung ATIV S.jpg
869,../icon/Samsung Galaxy S II Plus.jpg
870,../icon/Samsung Galaxy S3 Neo+.jpg
871,../icon/Samsung Galaxy Premier.jpg
872,../icon/Samsung Galaxy S III Mini.jpg
873,../icon/Samsung Galaxy S Duos.jpg
874,../icon/Samsung Galaxy Note 2 LTE.jpg
875,../icon/Samsung Galaxy S III LTE (S3 LTE).jpg
876,../icon/Samsung Galaxy Note 2.jpg
877,../icon/Samsung Galaxy Note LTE.jpg
878,../icon/Samsung Galaxy Ace Duos.jpg
879,../icon/Samsung Galaxy Ace Duos.jpg
880,../icon/Samsung Galaxy Ace 2.jpg
881,../icon/Samsung Galaxy Chat.jpg
882,../icon/Samsung Galaxy S3.jpg
883,../icon/Samsung Galaxy S Advance.jpg
884,../icon/Samsung Galaxy Mini 2.jpg
885,../icon/Samsung Galaxy Pocket.jpg
886,../icon/Samsung Galaxy Beam.jpg
887,../icon/Samsung Galaxy Tab 2 10.1.jpg
888,../icon/Samsung Galaxy Tab 2 7.0.jpg
889,../icon/Samsung Galaxy Tab 8.9 LTE.jpg
890,../icon/Samsung Galaxy S II LTE.jpg
891,../icon/Samsung Galaxy Ace Plus.jpg
892,../icon/Samsung Galaxy Nexus 3G.jpg
893,../icon/Samsung Galaxy Tab 7.7 3G.jpg
894,../icon/Samsung Galaxy Tab 7.0 Plus.jpg
895,../icon/Samsung Galaxy Note.jpg
896,../icon/Samsung Galaxy R.jpg
897,../icon/Samsung Galaxy Y Pro.jpg
898,../icon/Samsung Galaxy W.jpg
899,../icon/Samsung Galaxy M Pro.jpg
900,../icon/Samsung Galaxy Y.jpg
901,../icon/Samsung Galaxy S Plus I9001.jpg
902,../icon/Samsung Galaxy S II I9100.jpg
903,../icon/Samsung Champ DUOS.jpg
904,../icon/Samsung Galaxy Gio S5660.jpg
905,../icon/Samsung Google Nexus S i9023.jpg
906,../icon/Samsung Galaxy SL I9003.jpg
907,../icon/Samsung Galaxy Pro.jpg
908,../icon/Samsung Galaxy Ace S5830.jpg
909,../icon/Samsung Galaxy Mini S5570.jpg
910,../icon/Sony Xperia 10 IV.jpg
911,../icon/Sony Xperia 1 IV.jpg
912,../icon/Sony Xperia Pro-I.jpg
913,../icon/Sony Xperia 1 III.jpg
914,../icon/Sony Xperia 5 III.jpg
915,../icon/Sony Xperia 10 III.jpg
916,../icon/Sony Xperia 5 II.jpg
917,../icon/Sony Xperia 1 II.jpg
918,../icon/Sony Xperia 5.jpg
919,../icon/Sony Xperia 1.jpg
920,../icon/Sony Xperia 10 II.jpg
921,../icon/Sony Xperia L3.jpg
922,../icon/Sony Xperia 10.jpg
923,../icon/Sony Xperia 10 Plus.jpg
924,../icon/Sony Xperia XZ3.jpg
925,../icon/Sony Xperia XA2 Plus.jpg
926,../icon/Sony Xperia XZ2 Premium.jpg
927,../icon/Sony Xperia XZ2.jpg
928,../icon/Sony Xperia XZ2 Compact.jpg
929,../icon/Sony Xperia L2.jpg
930,../icon/Sony Xperia XZ1.jpg
931,../icon/Sony Xperia XZ1 Compact.jpg
932,../icon/Sony Xperia XA1 Plus.jpg
933,../icon/Sony Xperia XZ Premium.jpg
934,../icon/Sony Xperia XA1 Ultra.jpg
935,../icon/Sony Xperia XA2.jpg
936,../icon/Sony Xperia XA1.jpg
937,../icon/Sony Xperia L1.jpg
938,../icon/Sony Xperia XZs.jpg
939,../icon/Sony Xperia XA2 Ultra.jpg
940,../icon/Sony Xperia X Compact.jpg
941,../icon/Sony Xperia XZ.jpg
942,../icon/Sony Xperia XA Ultra.jpg
943,../icon/Sony Xperia XA.jpg
944,../icon/Sony Xperia X.jpg
945,../icon/Sony Xperia X Performance.jpg
946,../icon/Sony Xperia Z5 Compact.jpg
947,../icon/Sony Xperia Z5.jpg
948,../icon/Sony Xperia Z5  Premium.jpg
949,../icon/Sony Xperia C5 Ultra Dual.jpg
950,../icon/Sony Xperia M5 Dual.jpg
951,../icon/Sony Xperia M4 Aqua Dual.jpg
952,../icon/Sony Xperia C4 Dual.jpg
953,../icon/Sony Xperia Z3+.jpg
954,../icon/Sony Xperia Z3+ Dual.jpg
955,../icon/Sony Xperia E4.jpg
956,../icon/Sony Xperia E4g.jpg
957,../icon/Sony Xperia E3.jpg
958,../icon/Sony Xperia M2 Auqa.jpg
959,../icon/Sony Xperia Z3 Compact.jpg
960,../icon/Sony Xperia Z3.jpg
961,../icon/Sony Xperia C3.jpg
962,../icon/Sony Xperia M2.jpg
963,../icon/Sony Xperia Z2.jpg
964,../icon/Sony Xperia Z4.jpg
965,../icon/Sony Xperia T2 Ultra 4G.jpg
966,../icon/Sony Xperia T2 Ultra Dual.jpg
967,../icon/Sony Xperia T3.jpg
968,../icon/Sony Xperia Z1 Compact.jpg
969,../icon/Sony Xperia Z1.jpg
970,../icon/Sony Xperia Z Ultra 4G.jpg
971,../icon/Sony Xperia Z Ultra 3G.jpg
972,../icon/Sony Xperia M.jpg
973,../icon/Sony Xperia C.jpg
974,../icon/Sony Xperia ZR.jpg
975,../icon/Sony Xperia SP.jpg
976,../icon/Sony Xperia L.jpg
977,../icon/Sony Xperia Z.jpg
978,../icon/Sony Xperia ZL.jpg
979,../icon/Sony Xperia T.jpg
980,../icon/Sony Xperia TX.jpg
981,../icon/Sony Xperia V.jpg
982,../icon/Sony Xperia J.jpg
983,../icon/Sony Xperia SL.jpg
984,../icon/Sony XPERIA miro.jpg
985,../icon/Sony XPERIA tipo dual.jpg
986,../icon/Sony Xperia go.jpg
987,../icon/Sony Xperia acro S.jpg
988,../icon/Sony XPERIA Neo L.jpg
989,../icon/Sony Xperia Sola.jpg
990,../icon/Sony Xperia P.jpg
991,../icon/Sony Xperia U.jpg
992,../icon/Sony Xperia S.jpg
993,../icon/Sony Xperia ion LT28i.jpg
994,../icon/Sony Xperia ion LT28h.jpg
995,../icon/uleFone Note 12P.jpg
996,../icon/uleFone Note 12P.jpg
997,../icon/vivo X80 Pro.jpg
998,../icon/vivo X80.jpg
999,../icon/vivo V23 5G.jpg
1000,../icon/vivo X70 Pro.jpg
1001,../icon/vivo X70.jpg
1002,../icon/vivo X60.jpg
1003,../icon/vivo X60 Pro+.jpg
1004,../icon/vivo X60 Pro.jpg
1005,../icon/vivo X50e.jpg
1006,../icon/vivo Y12s.jpg
1007,../icon/vivo Y20s.jpg
1008,../icon/vivo X50 Pro.jpg
1009,../icon/vivo X50.jpg
1010,../icon/vivo V21 5G.jpg
1011,../icon/vivo Y50.jpg
1012,../icon/vivo Y15 2020.jpg
1013,../icon/vivo V17.jpg
1014,../icon/vivo Y19.jpg
1015,../icon/vivo V17Pro.jpg
1016,../icon/vivo Y12.jpg
1017,../icon/vivo NEX 3.jpg
1018,../icon/vivo S1.jpg
1019,../icon/vivo Y17.jpg
1020,../icon/vivo V15Pro.jpg
1021,../icon/vivo NEX Dual Display Edition.jpg
1022,../icon/vivo Y81.jpg
1023,../icon/vivo V11.jpg
1024,../icon/vivo NEX.jpg
1025,../icon/vivo X21.jpg
1026,../icon/vivo V7.jpg
1027,../icon/vivo X20 Plus.jpg
1028,../icon/vivo X20.jpg
1029,../icon/vivo X80 Pro.jpg
1030,../icon/vivo X80.jpg
1031,../icon/vivo V23 5G.jpg
1032,../icon/vivo X70 Pro.jpg
1033,../icon/vivo X70.jpg
1034,../icon/vivo X60.jpg
1035,../icon/vivo X60 Pro+.jpg
1036,../icon/vivo X60 Pro.jpg
1037,../icon/vivo X50e.jpg
1038,../icon/vivo Y12s.jpg
1039,../icon/vivo Y20s.jpg
1040,../icon/vivo X50 Pro.jpg
1041,../icon/vivo X50.jpg
1042,../icon/vivo V21 5G.jpg
1043,../icon/vivo Y50.jpg
1044,../icon/vivo Y15 2020.jpg
1045,../icon/vivo V17.jpg
1046,../icon/vivo Y19.jpg
1047,../icon/vivo V17Pro.jpg
1048,../icon/vivo Y12.jpg
1049,../icon/vivo NEX 3.jpg
1050,../icon/vivo S1.jpg
1051,../icon/vivo Y17.jpg
1052,../icon/vivo V15Pro.jpg
1053,../icon/vivo NEX Dual Display Edition.jpg
1054,../icon/vivo Y81.jpg
1055,../icon/vivo V11.jpg
1056,../icon/vivo NEX.jpg
1057,../icon/vivo X21.jpg
1058,../icon/vivo V7.jpg
1059,../icon/vivo X20 Plus.jpg
1060,../icon/vivo X20.jpg
1061,../icon/小米 Xiaomi 12 Lite.jpg
1062,../icon/黑鯊 5 Pro.jpg
1063,../icon/小米 Poco F4 GT.jpg
1064,../icon/小米 Redmi Note 11S 5G.jpg
1065,../icon/小米 Redmi 10C.jpg
1066,../icon/小米 Redmi Note 11 Pro.jpg
1067,../icon/小米 Redmi Note 11 Pro+ 5G.jpg
1068,../icon/小米 Redmi Note 11 Pro 5G.jpg
1069,../icon/小米 Xiaomi 12X.jpg
1070,../icon/小米 Xiaomi 12.jpg
1071,../icon/小米 Xiaomi 12 Pro.jpg
1072,../icon/小米 Poco M4 Pro 4G.jpg
1073,../icon/小米 Poco X4 Pro 5G.jpg
1074,../icon/小米 Redmi Note 11S.jpg
1075,../icon/小米 Redmi Note 11.jpg
1076,../icon/小米 Poco M4 Pro 5G.jpg
1077,../icon/小米 Redmi 10.jpg
1078,../icon/小米 Mi 11 Lite 5G NE.jpg
1079,../icon/小米 Poco X3 GT.jpg
1080,../icon/小米 POCO M3 Pro.jpg
1081,../icon/小米 Redmi Note 10 5G.jpg
1082,../icon/小米 Redmi 9A.jpg
1083,../icon/小米 Mi 11i.jpg
1084,../icon/小米 Redmi 9C.jpg
1085,../icon/小米黑鯊 4.jpg
1086,../icon/小米 Mi 11 Lite 5G.jpg
1087,../icon/小米 Mi 11 Ultra.jpg
1088,../icon/小米 Redmi Note 10 Pro.jpg
1089,../icon/小米 Redmi Note 10.jpg
1090,../icon/小米 11 Lite.jpg
1091,../icon/小米 Redmi 9T.jpg
1092,../icon/小米 Mi 11.jpg
1093,../icon/小米 Redmi Note 9T 5G.jpg
1094,../icon/小米 Poco M3.jpg
1095,../icon/小米 Mi 10T Pro.jpg
1096,../icon/小米 Mi 10T Lite.jpg
1097,../icon/小米 Mi 10T.jpg
1098,../icon/小米 Xiaomi 11T Pro.jpg
1099,../icon/小米 Xiaomi 11T.jpg
1100,../icon/小米 Poco X3 NFC.jpg
1101,../icon/小米 Redmi 9.jpg
1102,../icon/小米 Poco F2 Pro.jpg
1103,../icon/小米 10 lite 5G.jpg
1104,../icon/黑鯊 3.jpg
1105,../icon/黑鯊 3 Pro.jpg
1106,../icon/Redmi Note 9 Pro.jpg
1107,../icon/小米 10.jpg
1108,../icon/小米 10 Pro.jpg
1109,../icon/小米 9 lite.jpg
1110,../icon/Redmi Note 8T.jpg
1111,../icon/小米 Note 10.jpg
1112,../icon/小米 Note 10 Pro.jpg
1113,../icon/小米 Redmi Note 8 Pro.jpg
1114,../icon/黑鯊 2 Pro.jpg
1115,../icon/小米 9T Pro.jpg
1116,../icon/小米 A3.jpg
1117,../icon/小米 9T.jpg
1118,../icon/小米 Note 10 Lite.jpg
1119,../icon/小米 9.jpg
1120,../icon/黑鯊 2.jpg
1121,../icon/紅米 Note 7.jpg
1122,../icon/黑鯊手機 1.jpg
1123,../icon/小米 8 Pro.jpg
1124,../icon/小米 8 Lite.jpg
1125,../icon/小米 MIX 3.jpg
1126,../icon/小米 8 屏幕指纹版.jpg
1127,../icon/小米8 青春版.jpg
1128,../icon/紅米 Note 6 Pro.jpg
1129,../icon/小米 PocoPhone F1.jpg
1130,../icon/小米 A2.jpg
1131,../icon/小米 Max 3.jpg
1132,../icon/紅米 6.jpg
1133,../icon/小米 8.jpg
1134,../icon/小米 8 透明探索版.jpg
1135,../icon/小米 8SE.jpg
1136,../icon/小米 MIX 2S.jpg
1137,../icon/紅米 5 Plus.jpg
1138,../icon/紅米 5.jpg
1139,../icon/小米 MIX 2.jpg
1140,../icon/小米 A1.jpg
1141,../icon/小米 Max 2.jpg
1142,../icon/紅米 Note 4X.jpg
1143,../icon/小米 Note 2.jpg
1144,../icon/小米 MIX.jpg
1145,../icon/紅米 Note 4.jpg
1146,../icon/小米 5S.jpg
1147,../icon/小米 5S Plus.jpg
1148,../icon/小米 6.jpg
1149,../icon/紅米 Pro.jpg
1150,../icon/小米 Max.jpg
1151,../icon/小米 5.jpg
1152,../icon/紅米 3.jpg
1153,../icon/紅米 Note 3.jpg
1154,../icon/紅米 Note 2.jpg
1155,../icon/紅米 2 加強版.jpg
1156,../icon/小米 Note.jpg
1157,../icon/小米 4i.jpg
1158,../icon/紅米 2A.jpg
1159,../icon/紅米 2.jpg
1160,../icon/紅米 1S 4G.jpg
1161,../icon/紅米 Note 4G.jpg
1162,../icon/小米 4.jpg
1163,../icon/紅米 Note.jpg
1164,../icon/紅米 Note 國內版.jpg
1165,../icon/紅米手機.jpg
1166,../icon/紅米 1S.jpg
1167,../icon/小米 3.jpg
1168,../icon/MIUI 小米 2.jpg
1169,../icon/MIUI 小米 2S.jpg
1170,../icon/紅米 Note 5.jpg
1171,../icon/小米 Poco F4.jpg
